{
  "slug": "ba-khong-biet-soroban-van-kem-con-duoc",
  "title": "Chồng mình không biết Soroban – nhưng lại là người \"kèm\" con giỏi nhất",
  "description": "Anh ấy không biết 'bạn của 5' là gì. Nhưng cách anh ấy đồng hành với con lại hiệu quả hơn mình nghĩ.",
  "category": "soroban-cho-phu-huynh",
  "keywords": [
    "phụ huynh không biết soroban",
    "kèm con học soroban",
    "ba dạy con soroban",
    "học soroban tại nhà",
    "bố không biết toán dạy con",
    "vai trò phụ huynh khi con học",
    "đồng hành con học soroban",
    "app tự học soroban cho bé",
    "phụ huynh bận rộn dạy con",
    "khen con đúng cách",
    "tạo thói quen học cho con",
    "theo dõi tiến độ học soroban"
  ],
  "status": "published",
  "publishedAt": "2026-01-05T04:49:31.714Z",
  "createdAt": "2025-12-25",
  "image": "/blog/ba-khong-biet-soroban.jpg",
  "imageAlt": "Ba châu Á ngồi cạnh con gái đang học trên máy tính bảng",
  "readingTime": 12,
  "categoryOrder": 1,
  "order": 28,
  "translations": {
    "en": "dad-doesnt-know-soroban-still-helps-kid"
  },
  "content": {
    "intro": "Khi mình quyết định cho con học Soroban, chồng mình hỏi: \"Em biết Soroban không?\" Mình nói không. Anh ấy cũng không. Chúng mình đều lo: không biết thì làm sao kèm con? Hóa ra lo thừa.",
    "sections": [
      {
        "type": "heading",
        "level": 2,
        "text": "Nỗi lo ban đầu"
      },
      {
        "type": "paragraph",
        "text": "Mình từng nghĩ: muốn dạy con cái gì thì mình phải biết cái đó trước. Nên khi cho con học Soroban, mình định tự học trước."
      },
      {
        "type": "paragraph",
        "text": "Nhưng rồi mình nhận ra: mình không có thời gian. Công việc, nhà cửa, hai đứa con – đâu còn thời gian ngồi học Soroban?"
      },
      {
        "type": "heading",
        "level": 2,
        "text": "Phát hiện bất ngờ"
      },
      {
        "type": "paragraph",
        "text": "Khi cho con dùng app Sorokid, mình thấy: app dạy con từng bước một. Có video, có hướng dẫn, có bài tập. Mình không cần biết gì cả – app làm hết."
      },
      {
        "type": "paragraph",
        "text": "Vai trò của mình chỉ là: nhắc con học, xem con học đến đâu, và khen con khi con tiến bộ."
      },
      {
        "type": "callout",
        "style": "empathy",
        "text": "Nếu bạn lo vì không biết Soroban, đừng lo. Bạn không cần trở thành chuyên gia để con học được."
      },
      {
        "type": "heading",
        "level": 2,
        "text": "Ba làm gì?"
      },
      {
        "type": "paragraph",
        "text": "Chồng mình – người không biết gì về Soroban – lại là người \"kèm\" con nhiều hơn mình. Nhưng \"kèm\" ở đây không phải ngồi dạy."
      },
      {
        "type": "list",
        "items": [
          "**Buổi sáng:** Nhắc con: \"Con học Soroban chưa?\"",
          "**Khi con học:** Ngồi cạnh, không nói gì, chỉ \"ở đó\" cho con thấy có người quan tâm",
          "**Sau khi con học:** Hỏi: \"Hôm nay con được mấy sao?\" rồi khen",
          "**Cuối tuần:** Xem báo cáo tiến độ, tự hào khoe với ông bà"
        ]
      },
      {
        "type": "heading",
        "level": 2,
        "text": "Khi con hỏi khó"
      },
      {
        "type": "paragraph",
        "text": "Có lúc con hỏi: \"Ba ơi, 'bạn của 5' là gì?\" Chồng mình không biết. Anh ấy nói: \"Ba không biết. Con dạy ba đi.\""
      },
      {
        "type": "paragraph",
        "text": "Và con giải thích cho ba nghe. Việc này có hai lợi ích: con ôn lại kiến thức, và con thấy mình \"giỏi hơn ba\" ở điều gì đó – rất tốt cho sự tự tin."
      },
      {
        "type": "heading",
        "level": 2,
        "text": "Điều phụ huynh thực sự cần làm"
      },
      {
        "type": "paragraph",
        "text": "Sau mấy tháng, mình nhận ra: phụ huynh không cần biết Soroban. Chúng mình cần làm những việc khác quan trọng hơn:"
      },
      {
        "type": "list",
        "items": [
          "**Tạo thói quen:** Cố định giờ học, con sẽ tự nhớ",
          "**Có mặt:** Không cần dạy, chỉ cần ở đó",
          "**Khen đúng cách:** Khen nỗ lực, không chỉ kết quả",
          "**Không so sánh:** Con tiến bộ so với chính con, không phải so với ai khác",
          "**Kiên nhẫn:** Kết quả đến từ từ, không nóng vội"
        ]
      },
      {
        "type": "callout",
        "style": "reassurance",
        "text": "Bạn không cần là thầy giáo giỏi Soroban. Bạn chỉ cần là phụ huynh quan tâm. App và giáo trình sẽ lo phần còn lại."
      },
      {
        "type": "heading",
        "level": 2,
        "text": "Kết quả sau 6 tháng"
      },
      {
        "type": "paragraph",
        "text": "Con mình học Soroban được 6 tháng. Mình vẫn không biết Soroban (ngoài vài khái niệm cơ bản con dạy lại). Chồng mình cũng vậy."
      },
      {
        "type": "paragraph",
        "text": "Nhưng con thì tính nhẩm nhanh hơn cả bố mẹ. Con tự tin hơn với toán. Và con thích học – không cần ai ép."
      },
      {
        "type": "paragraph",
        "text": "Đó là kết quả tốt hơn nhiều so với việc mình cố gắng tự học Soroban rồi ngồi kèm con mỗi ngày."
      }
    ]
  },
  "faq": [
    {
      "question": "Phụ huynh không biết Soroban thì làm sao biết con học đúng?",
      "answer": "App có hệ thống tự động kiểm tra. Con làm sai sẽ được sửa ngay. Phụ huynh có thể xem báo cáo tiến độ để biết con học đến đâu, đúng bao nhiêu phần trăm, và đang gặp khó ở phần nào."
    },
    {
      "question": "Nếu con hỏi mà phụ huynh không biết trả lời thì sao?",
      "answer": "Hãy để con 'dạy' lại bạn. Việc này có hai lợi ích: con ôn lại kiến thức, và con thấy mình 'giỏi hơn ba/mẹ' ở điều gì đó – rất tốt cho sự tự tin."
    },
    {
      "question": "Có nên tự học Soroban để kèm con không?",
      "answer": "Nếu có thời gian và hứng thú thì tốt. Nhưng không bắt buộc. Con hoàn toàn có thể tự học với app mà không cần phụ huynh biết Soroban."
    },
    {
      "question": "Bao lâu thì thấy con tiến bộ?",
      "answer": "Thường sau 2-4 tuần học đều đặn. Dấu hiệu tiến bộ: con tính nhanh hơn, tự tin hơn với số, và thích thú khi học. Đừng kỳ vọng kết quả ngay lập tức."
    },
    {
      "question": "Con học bao nhiêu phút mỗi ngày là đủ?",
      "answer": "15-20 phút mỗi ngày là lý tưởng. Quan trọng là ĐỀU ĐẶN, không phải học nhiều một lúc. Học 15 phút x 7 ngày hiệu quả hơn 1 tiếng x 2 ngày."
    },
    {
      "question": "Bố hay mẹ kèm con tốt hơn?",
      "answer": "Cả hai đều tốt. Quan trọng là có người QUAN TÂM và NHẤT QUÁN. Nếu cả bố và mẹ cùng tham gia, con sẽ cảm nhận được việc học quan trọng với cả gia đình."
    },
    {
      "question": "Con lười học thì phụ huynh làm gì?",
      "answer": "Tạo thói quen cố định giờ học. Cho con nghỉ giải lao giữa giờ. Khen khi con cố gắng. Đừng la mắng – sẽ tạo ác cảm với việc học."
    },
    {
      "question": "Sorokid có phù hợp với trẻ mới học Soroban không?",
      "answer": "Có. Sorokid có bài học từ cơ bản nhất – làm quen với bàn tính, nhận biết số 1-9, rồi mới đến cộng trừ. Con không cần biết gì trước."
    },
    {
      "question": "Nếu phụ huynh bận không thể ngồi cùng con học thì sao?",
      "answer": "Không cần ngồi cạnh. Chỉ cần: nhắc con học đúng giờ, khen sau khi con học xong, và xem báo cáo cuối tuần. Con tự học với app, phụ huynh theo dõi từ xa."
    },
    {
      "question": "Con hay nản khi gặp bài khó, phụ huynh nên làm gì?",
      "answer": "Đừng làm giúp con. Hãy nói: 'Con thử xem lại video hướng dẫn nhé.' Nếu vẫn khó, cho con nghỉ rồi quay lại sau. Học là quá trình, không cần vội."
    }
  ],
  "cta": {
    "text": "Sorokid được thiết kế để con tự học, phụ huynh chỉ cần theo dõi. Dùng thử miễn phí để trải nghiệm.",
    "buttonText": "Dùng thử miễn phí",
    "buttonLink": "/register"
  },
  "seo": {
    "title": "Chồng mình không biết Soroban – nhưng lại là người \"kèm\" con giỏi nhất",
    "description": "Anh ấy không biết 'bạn của 5' là gì. Nhưng cách anh ấy đồng hành với con lại hiệu quả hơn mình nghĩ.",
    "keywords": "phụ huynh không biết soroban, kèm con học soroban, ba dạy con soroban, học soroban tại nhà"
  },
  "schema": {
    "type": "Article",
    "headline": "Chồng mình không biết Soroban – nhưng lại là người kèm con giỏi nhất",
    "datePublished": "2026-01-05",
    "dateModified": "2026-01-17",
    "author": "Minh Anh"
  },
  "author": {
    "name": "Minh Anh",
    "bio": "Mẹ của 2 bé, đang đồng hành cùng con học toán tư duy"
  }
}