{
  "slug": "chon-lop-soroban-hay-hoc-online",
  "title": "Lớp học, gia sư hay online – mình đã chọn cách nào cho con?",
  "description": "Khi quyết định cho con học Soroban, mình phân vân: đi lớp, mời gia sư, hay học online? Đây là cách mình cân nhắc và lựa chọn.",
  "category": "soroban-cho-phu-huynh",
  "keywords": [
    "học soroban ở đâu",
    "lớp học soroban",
    "học soroban online hay offline",
    "trung tâm soroban",
    "gia sư soroban",
    "học soroban tại nhà",
    "app học soroban",
    "so sánh cách học soroban",
    "chi phí học soroban",
    "soroban online hiệu quả",
    "chọn phương pháp học soroban",
    "sorokid vs lớp học"
  ],
  "status": "published",
  "publishedAt": "2026-01-02T09:38:00.067Z",
  "createdAt": "2025-12-25",
  "image": "/blog/chon-lop-hay-hoc-online-soroban.jpg",
  "imageAlt": "Bé gái châu Á ngồi trước máy tính học Soroban online tại nhà",
  "readingTime": 13,
  "categoryOrder": 1,
  "order": 20,
  "translations": {
    "en": "soroban-center-or-online-app"
  },
  "content": {
    "intro": "Khi quyết định cho con học Soroban, mình không biết chọn cách nào. Lớp học thì sợ con không theo kịp. Gia sư thì đắt. Online thì không biết có hiệu quả không. Sau khi tìm hiểu và thử, đây là những gì mình học được.",
    "sections": [
      {
        "type": "heading",
        "level": 2,
        "text": "Các cách học Soroban phổ biến"
      },
      {
        "type": "paragraph",
        "text": "Mình tìm hiểu thì thấy có 4 cách chính:"
      },
      {
        "type": "list",
        "items": [
          "**Lớp học tại trung tâm:** Đi học cùng các bạn, có giáo viên dạy trực tiếp",
          "**Gia sư riêng:** Giáo viên đến nhà hoặc dạy 1-1 online",
          "**Ứng dụng/phần mềm:** Con tự học trên điện thoại/máy tính",
          "**Video YouTube + tự học:** Miễn phí, nhưng cần người lớn ngồi cùng"
        ]
      },
      {
        "type": "paragraph",
        "text": "Mỗi cách có ưu nhược điểm riêng. Mình phân tích từng cái theo hoàn cảnh của mình."
      },
      {
        "type": "heading",
        "level": 2,
        "text": "1. Lớp học tại trung tâm"
      },
      {
        "type": "heading",
        "level": 3,
        "text": "Ưu điểm"
      },
      {
        "type": "list",
        "items": [
          "Có giáo viên kinh nghiệm hướng dẫn",
          "Có bạn bè cùng học, tạo động lực",
          "Có thi cấp độ nếu con muốn",
          "Phụ huynh không cần biết Soroban"
        ]
      },
      {
        "type": "heading",
        "level": 3,
        "text": "Nhược điểm"
      },
      {
        "type": "list",
        "items": [
          "Phải đưa đón – tốn thời gian",
          "Lịch cố định – khó linh hoạt",
          "Chi phí cao: 800.000 - 1.500.000đ/tháng",
          "Con có thể bị \"bỏ lại\" nếu học chậm hơn lớp"
        ]
      },
      {
        "type": "paragraph",
        "text": "Mình không chọn cách này vì: không có thời gian đưa đón, và sợ con áp lực khi so sánh với bạn."
      },
      {
        "type": "heading",
        "level": 2,
        "text": "2. Gia sư riêng"
      },
      {
        "type": "heading",
        "level": 3,
        "text": "Ưu điểm"
      },
      {
        "type": "list",
        "items": [
          "Học theo tốc độ của con",
          "Lịch linh hoạt, có thể thay đổi",
          "Chú ý 100% vào con",
          "Có thể học tại nhà"
        ]
      },
      {
        "type": "heading",
        "level": 3,
        "text": "Nhược điểm"
      },
      {
        "type": "list",
        "items": [
          "Chi phí cao nhất: 200.000 - 400.000đ/buổi",
          "Khó tìm gia sư Soroban giỏi",
          "Phụ thuộc vào 1 người – nghỉ là không học được",
          "Không có bạn bè để so sánh tiến độ"
        ]
      },
      {
        "type": "paragraph",
        "text": "Mình không chọn vì: quá đắt, và mình không tìm được gia sư uy tín ở khu mình."
      },
      {
        "type": "heading",
        "level": 2,
        "text": "3. Ứng dụng/phần mềm học online"
      },
      {
        "type": "heading",
        "level": 3,
        "text": "Ưu điểm"
      },
      {
        "type": "list",
        "items": [
          "Học mọi lúc, mọi nơi – linh hoạt nhất",
          "Chi phí thấp nhất: 100.000 - 300.000đ/tháng hoặc miễn phí bản cơ bản",
          "Con học theo tốc độ riêng, không bị so sánh",
          "Phụ huynh theo dõi tiến độ qua app",
          "Không cần đưa đón"
        ]
      },
      {
        "type": "heading",
        "level": 3,
        "text": "Nhược điểm"
      },
      {
        "type": "list",
        "items": [
          "Không có giáo viên \"người thật\" để hỏi",
          "Cần kỷ luật – con dễ bỏ cuộc nếu không có thói quen",
          "Phụ huynh cần hỗ trợ tạo thói quen ban đầu",
          "Tăng thời gian màn hình"
        ]
      },
      {
        "type": "paragraph",
        "text": "Đây là cách mình chọn. Lý do: phù hợp với lịch trình bận rộn, chi phí hợp lý, và con có thể tự học."
      },
      {
        "type": "heading",
        "level": 2,
        "text": "4. Video YouTube + tự học"
      },
      {
        "type": "heading",
        "level": 3,
        "text": "Ưu điểm"
      },
      {
        "type": "list",
        "items": [
          "Miễn phí hoàn toàn",
          "Nhiều nguồn tài liệu"
        ]
      },
      {
        "type": "heading",
        "level": 3,
        "text": "Nhược điểm"
      },
      {
        "type": "list",
        "items": [
          "Phụ huynh phải ngồi cùng và hiểu Soroban",
          "Không có bài tập tương tác",
          "Không theo dõi được tiến độ",
          "Chất lượng video không đồng đều"
        ]
      },
      {
        "type": "paragraph",
        "text": "Mình thử cách này lúc đầu, nhưng bỏ vì: mình không biết Soroban, không giải thích được cho con khi con không hiểu."
      },
      {
        "type": "callout",
        "style": "empathy",
        "text": "Không có cách nào \"tốt nhất\" cho tất cả. Tùy thuộc vào hoàn cảnh gia đình, ngân sách, và tính cách của con. Cái quan trọng là chọn cách phù hợp với gia đình bạn."
      },
      {
        "type": "heading",
        "level": 2,
        "text": "Bảng so sánh"
      },
      {
        "type": "table",
        "headers": [
          "Tiêu chí",
          "Trung tâm",
          "Gia sư",
          "App online",
          "YouTube"
        ],
        "rows": [
          [
            "Chi phí/tháng",
            "800K-1.5tr",
            "1.5tr-3tr",
            "100K-300K",
            "Miễn phí"
          ],
          [
            "Linh hoạt thời gian",
            "Thấp",
            "Trung bình",
            "Cao",
            "Cao"
          ],
          [
            "Cần đưa đón",
            "Có",
            "Không",
            "Không",
            "Không"
          ],
          [
            "Có giáo viên",
            "Có",
            "Có",
            "Không",
            "Không"
          ],
          [
            "Con tự học được",
            "Không",
            "Không",
            "Có",
            "Khó"
          ],
          [
            "Theo dõi tiến độ",
            "Có",
            "Có",
            "Có",
            "Không"
          ],
          [
            "Phù hợp PH bận",
            "Không",
            "Tạm được",
            "Rất phù hợp",
            "Không"
          ]
        ]
      },
      {
        "type": "heading",
        "level": 2,
        "text": "Cách mình chọn"
      },
      {
        "type": "paragraph",
        "text": "Mình chọn app Sorokid vì:"
      },
      {
        "type": "list",
        "items": [
          "Mình đi làm cả ngày, không có thời gian đưa đón",
          "Mình không biết Soroban nên không tự dạy được",
          "Chi phí hợp lý",
          "Con có thể học theo tốc độ riêng",
          "Mình theo dõi được tiến độ qua app"
        ]
      },
      {
        "type": "paragraph",
        "text": "Sau 1 năm, mình thấy quyết định đúng – với hoàn cảnh của mình. Bạn có thể có lựa chọn khác, và điều đó hoàn toàn bình thường."
      },
      {
        "type": "heading",
        "level": 2,
        "text": "Gợi ý của mình"
      },
      {
        "type": "list",
        "items": [
          "**Nếu có thời gian và ngân sách:** Trung tâm hoặc gia sư – có người hướng dẫn trực tiếp",
          "**Nếu bận và ngân sách hạn chế:** App online – linh hoạt và tiết kiệm",
          "**Nếu muốn thử trước:** Dùng bản miễn phí của app hoặc xem YouTube – xem con có hứng thú không"
        ]
      },
      {
        "type": "callout",
        "style": "reassurance",
        "text": "Dù chọn cách nào, điều quan trọng nhất là con học đều đặn và có hứng thú. Công cụ chỉ là phương tiện – sự kiên nhẫn của bạn và động lực của con mới quyết định kết quả."
      }
    ]
  },
  "faq": [
    {
      "question": "Học online có hiệu quả bằng học ở trung tâm không?",
      "answer": "Tùy con. Một số trẻ học online tốt hơn vì được học theo tốc độ riêng, không bị áp lực so sánh. Một số cần giáo viên người thật để tương tác. Không có cách nào 'tốt hơn' – chỉ có cách phù hợp hơn với hoàn cảnh của bạn."
    },
    {
      "question": "Nên cho con thử cách nào trước?",
      "answer": "Mình nghĩ nên thử app miễn phí hoặc YouTube trước. Chi phí bằng 0, nếu con hứng thú thì mới quyết định đầu tư thêm. Đừng đóng tiền trung tâm ngay khi chưa biết con có thích không."
    },
    {
      "question": "Có thể kết hợp nhiều cách không?",
      "answer": "Được, và nhiều phụ huynh làm vậy. Ví dụ: học app hàng ngày (luyện tập đều đặn), cuối tuần đi lớp (có bạn bè, được cô kiểm tra). Hoặc học app là chính, thỉnh thoảng mời gia sư kiểm tra khi con gặp khó."
    },
    {
      "question": "Nếu không có trung tâm Soroban gần nhà thì sao?",
      "answer": "Học online hoặc gia sư dạy online là lựa chọn tốt. Soroban hiện đại không nhất thiết phải đến trung tâm. App như Sorokid được thiết kế để con tự học hiệu quả tại nhà."
    },
    {
      "question": "Chi phí các cách học khác nhau bao nhiêu?",
      "answer": "Trung tâm: 800.000-1.500.000đ/tháng. Gia sư: 200.000-400.000đ/buổi (4-8 buổi/tháng = 800.000-3.200.000đ). App: 100.000-300.000đ/tháng hoặc miễn phí bản cơ bản. YouTube: miễn phí."
    },
    {
      "question": "Con nhỏ (4-5 tuổi) nên học cách nào?",
      "answer": "App hoặc YouTube kết hợp phụ huynh ngồi cùng. Trẻ nhỏ cần người lớn đồng hành. Trung tâm cũng tốt nếu lớp có ít học sinh và giáo viên kinh nghiệm với trẻ mầm non."
    },
    {
      "question": "Con lớp 3-4 rồi, học cách nào hiệu quả?",
      "answer": "Trẻ lớn hơn có thể tự học với app tốt hơn vì đã biết đọc và có kỷ luật hơn. Trung tâm hoặc gia sư vẫn tốt nếu muốn có người hướng dẫn và thi cấp độ."
    },
    {
      "question": "Học online con có bỏ cuộc giữa chừng không?",
      "answer": "Có thể nếu không có thói quen và không được theo dõi. Cách khắc phục: cố định giờ học, phụ huynh nhắc nhở, theo dõi streak (số ngày học liên tục), khen thưởng khi con kiên trì."
    },
    {
      "question": "Làm sao biết con phù hợp với cách nào?",
      "answer": "Thử 2-4 tuần. Nếu con hứng thú, tiến bộ, không bị ép – đó là cách phù hợp. Nếu con chống đối, chán, không tiến bộ – thử cách khác. Không có cách nào phù hợp với tất cả."
    },
    {
      "question": "Sorokid khác gì các app khác?",
      "answer": "Sorokid có: video hướng dẫn tiếng Việt, bài học theo trình tự Soroban chuẩn, game vui, báo cáo tiến độ cho phụ huynh, giao diện thân thiện với trẻ em. Bạn có thể dùng thử miễn phí để trải nghiệm."
    }
  ],
  "cta": {
    "text": "Nếu bạn đang cân nhắc học online, Sorokid có bản dùng thử miễn phí. Thử vài ngày để xem con có phù hợp không.",
    "buttonText": "Thử miễn phí",
    "buttonLink": "/register"
  },
  "seo": {
    "title": "Lớp học, gia sư hay online – mình đã chọn cách nào cho con?",
    "description": "Khi quyết định cho con học Soroban, mình phân vân: đi lớp, mời gia sư, hay học online? Đây là cách mình cân nhắc và lựa chọn.",
    "keywords": "học soroban ở đâu, lớp học soroban, học soroban online hay offline"
  },
  "schema": {
    "type": "Article",
    "headline": "Lớp học, gia sư hay online – mình đã chọn cách nào cho con?",
    "datePublished": "2026-01-02",
    "dateModified": "2026-01-17",
    "author": "Minh Anh"
  },
  "author": {
    "name": "Minh Anh",
    "bio": "Mẹ của 2 bé, đang đồng hành cùng con học toán tư duy"
  }
}