{
  "slug": "con-lop-1-chua-biet-cong-tru-tram-vi",
  "title": "Con lớp 1 chưa biết cộng trừ trong phạm vi 10 – mình có lo quá không?",
  "description": "Bạn bè cộng trừ nhoay nhoáy, con mình còn đếm ngón tay. Mình so sánh rồi lo lắng.",
  "category": "con-gap-kho-khan-hoc-toan",
  "keywords": [
    "con lớp 1 chậm toán",
    "trẻ chưa biết cộng trừ",
    "lo lắng con học toán",
    "so sánh con với bạn",
    "chuẩn toán lớp 1",
    "con học toán chậm hơn bạn",
    "kỳ vọng toán lớp 1",
    "dạy con cộng trừ phạm vi 10",
    "tốc độ học mỗi trẻ khác nhau",
    "con không giỏi toán",
    "áp lực học toán lớp 1",
    "giúp con tự tin với toán"
  ],
  "status": "published",
  "publishedAt": "2026-01-22T03:07:00.000Z",
  "createdAt": "2025-12-25",
  "image": "/blog/be-lop-1-hoc-toan.jpg",
  "imageAlt": "Bé lớp 1 châu Á đang học cộng trừ",
  "readingTime": 12,
  "categoryOrder": 2,
  "order": 13,
  "translations": {
    "en": "con-lp-1-cha-bit-cng-tr-trong-phm-vi-10-mnh-c-lo-qu-khng"
  },
  "content": {
    "intro": "Họp phụ huynh, mình nghe mẹ khác khoe: \"Con tôi cộng trừ trong 20 rồi.\" Con mình còn đang loay hoay 3 + 4. Mình so sánh, rồi lo.",
    "sections": [
      {
        "type": "heading",
        "level": 2,
        "text": "Mình từng so sánh rất nhiều"
      },
      {
        "type": "paragraph",
        "text": "\"Sao con người ta giỏi thế?\" – Mình nghĩ liên tục. Rồi về nhà ép con học nhiều hơn. Con khóc. Mình stress."
      },
      {
        "type": "heading",
        "level": 2,
        "text": "Mình hỏi cô giáo"
      },
      {
        "type": "paragraph",
        "text": "Cô nói: \"Mỗi trẻ có tốc độ riêng. Cuối lớp 1 con biết cộng trừ trong 10 là đạt chuẩn. Không cần vội.\""
      },
      {
        "type": "paragraph",
        "text": "Mình nhẹ lòng hơn. Hóa ra mình đang kỳ vọng quá cao."
      },
      {
        "type": "callout",
        "style": "empathy",
        "text": "Trẻ học nhanh hay chậm không quyết định tương lai. Quan trọng là con có nền tảng vững, không sợ toán."
      },
      {
        "type": "heading",
        "level": 2,
        "text": "Mình làm gì?"
      },
      {
        "type": "paragraph",
        "text": "**1. Dừng so sánh:** Mình không hỏi con: \"Sao bạn A làm được mà con không?\""
      },
      {
        "type": "paragraph",
        "text": "**2. Học theo tốc độ con:** Cho con học Sorokid – app tự điều chỉnh độ khó theo khả năng con."
      },
      {
        "type": "paragraph",
        "text": "**3. Khen tiến bộ nhỏ:** \"Hôm nay con làm nhanh hơn hôm qua!\" – Không so với bạn."
      },
      {
        "type": "heading",
        "level": 2,
        "text": "Cuối năm lớp 1"
      },
      {
        "type": "paragraph",
        "text": "Con mình cộng trừ trong 10 thành thạo. Không nhanh nhất lớp, nhưng đạt chuẩn."
      },
      {
        "type": "paragraph",
        "text": "Quan trọng hơn: con không sợ toán. Con vẫn thích học. Đó là thắng lợi lớn nhất."
      },
      {
        "type": "callout",
        "style": "reassurance",
        "text": "Đừng để sự so sánh phá hỏng niềm vui học của con. Mỗi trẻ có nhịp độ riêng. Hãy tin con."
      }
    ]
  },
  "faq": [
    {
      "question": "Cuối lớp 1 con cần biết gì?",
      "answer": "Cộng trừ trong phạm vi 10 thành thạo, nhận biết số đến 100, hiểu khái niệm hàng chục hàng đơn vị. Đây là chuẩn kiến thức tối thiểu, không phải yêu cầu phải giỏi hơn."
    },
    {
      "question": "Con chậm hơn bạn có sao không?",
      "answer": "Không sao nếu con vẫn tiến bộ và không sợ toán. Tốc độ đầu không quyết định kết quả cuối. Nhiều trẻ học chậm đầu năm nhưng cuối năm bắt kịp và thậm chí vượt bạn."
    },
    {
      "question": "Làm sao biết con đang ở mức nào so với chuẩn?",
      "answer": "Hỏi cô giáo trực tiếp. Cô sẽ cho biết con đang ở đâu so với yêu cầu chương trình. Đừng so với bạn giỏi nhất lớp – so với CHUẨN mới chính xác."
    },
    {
      "question": "Con không thích toán, có nên ép học thêm?",
      "answer": "Đừng ép. Ép sẽ tạo ác cảm. Thay vào đó, tìm cách làm toán vui hơn: trò chơi, app tương tác, học qua đời sống. Khi con thấy toán vui, con sẽ tự muốn học."
    },
    {
      "question": "Nên cho con học thêm toán không?",
      "answer": "Nếu con chỉ chậm một chút, chưa cần. Học đều đặn ở nhà với app hoặc bài tập vui là đủ. Nếu con tụt hậu nhiều và cô giáo khuyên, lúc đó mới cần can thiệp thêm."
    },
    {
      "question": "Tại sao không nên so sánh con với bạn?",
      "answer": "So sánh tạo áp lực và làm con mất tự tin. Con sẽ nghĩ 'mình dở' và sợ toán. So sánh con với chính con: hôm nay con làm tốt hơn hôm qua là tiến bộ."
    },
    {
      "question": "Con hay khóc khi làm toán, phải làm sao?",
      "answer": "Dừng lại. Cho con nghỉ. Xem lại cách mình đang dạy: có la mắng không? Có kỳ vọng quá cao không? Cần tạo không khí thoải mái, không áp lực."
    },
    {
      "question": "Bao lâu thì biết con có vấn đề thật sự?",
      "answer": "Nếu đến cuối lớp 1 con vẫn không nắm được cộng trừ trong 10, và đã thử nhiều cách hỗ trợ, lúc đó nên tham vấn chuyên gia. Đừng vội kết luận sau vài tháng."
    },
    {
      "question": "Sorokid có giúp con chậm toán không?",
      "answer": "Có. Sorokid tự điều chỉnh độ khó theo khả năng con. Con học theo tốc độ riêng, không bị so sánh. Có game, có thưởng giúp con hứng thú."
    },
    {
      "question": "Phụ huynh nên nói gì với con khi con học chậm hơn bạn?",
      "answer": "'Mỗi bạn có tốc độ riêng. Con đang tiến bộ mỗi ngày, mẹ/bố thấy rồi.' Khen nỗ lực, không chỉ kết quả. Cho con biết bạn tin tưởng con."
    }
  ],
  "cta": {
    "text": "Sorokid tự điều chỉnh độ khó theo khả năng con, không so sánh với ai.",
    "buttonText": "Cho con học thử",
    "buttonLink": "/register"
  },
  "seo": {
    "title": "Con lớp 1 chưa biết cộng trừ trong phạm vi 10 – mình có lo quá không?",
    "description": "Bạn bè cộng trừ nhoay nhoáy, con mình còn đếm ngón tay. Mình so sánh rồi lo lắng.",
    "keywords": "con lớp 1 chậm toán, trẻ chưa biết cộng trừ, lo lắng con học toán"
  },
  "schema": {
    "type": "Article",
    "headline": "Con lớp 1 chưa biết cộng trừ trong phạm vi 10 – mình có lo quá không?",
    "datePublished": "2026-01-19",
    "dateModified": "2026-01-17",
    "author": "Minh Anh"
  },
  "author": {
    "name": "Minh Anh",
    "bio": "Mẹ của 2 bé, đang đồng hành cùng con học toán tư duy"
  }
}