{
  "slug": "con-hoc-soroban-nhung-o-truong-day-cach-khac",
  "title": "Con học Soroban nhưng ở trường dạy khác – có bị loạn không?",
  "description": "Con mình học Soroban ở nhà, nhưng trường dạy đặt tính. Mình lo con bị nhầm lẫn.",
  "category": "soroban-cho-phu-huynh",
  "keywords": [
    "soroban và toán trường",
    "hai cách học khác nhau",
    "con bị loạn cách tính",
    "tính nhẩm và đặt tính",
    "soroban khác toán trường",
    "cô giáo không cho tính nhẩm",
    "kết hợp soroban và toán trường",
    "dạy con theo hai cách",
    "kiểm tra bài bằng tính nhẩm",
    "lợi thế biết cả hai cách",
    "học soroban có mâu thuẫn với trường",
    "trình bày đặt tính và tính nhẩm"
  ],
  "status": "published",
  "publishedAt": "2026-01-05T04:49:48.449Z",
  "createdAt": "2025-12-25",
  "image": "/blog/be-hoc-hai-cach.jpg",
  "imageAlt": "Bé châu Á đang học với sách giáo khoa và tablet",
  "readingTime": 12,
  "categoryOrder": 1,
  "order": 34,
  "translations": {
    "en": "soroban-doesnt-match-school-math"
  },
  "content": {
    "intro": "\"Cô ơi, con tính nhẩm được ạ!\" – Con nói. Cô giáo: \"Không, con phải đặt tính ra giấy.\" Con về nhà hỏi mình: \"Sao cô không cho con tính nhẩm?\" Mình biết câu này không phải về đúng-sai. Mà là về hai hệ thống khác nhau – và con cần biết cách sử dụng cả hai.",
    "sections": [
      {
        "type": "heading",
        "level": 2,
        "text": "Mối lo ban đầu của mình"
      },
      {
        "type": "paragraph",
        "text": "Khi con bắt đầu học Soroban, mình lo: con học 2 cách khác nhau, có bị loạn không? Soroban tính trong đầu, trường bắt đặt tính ra giấy."
      },
      {
        "type": "paragraph",
        "text": "Mình còn sợ hơn khi con về kể: \"Cô nói con sai vì không viết ra. Nhưng con tính đúng mà!\""
      },
      {
        "type": "paragraph",
        "text": "Mình quyết định tìm hiểu kỹ vấn đề này."
      },
      {
        "type": "callout",
        "style": "empathy",
        "text": "Nếu bạn cũng lo con học Soroban sẽ \"lộn xộn\" với toán trường – mình hiểu. Đây là mối lo rất phổ biến và hoàn toàn có lý."
      },
      {
        "type": "heading",
        "level": 2,
        "text": "Mình hỏi cô giáo"
      },
      {
        "type": "paragraph",
        "text": "Mình hẹn gặp cô giáo của con, hỏi thẳng: \"Cô ơi, con em học Soroban ở nhà. Con tính nhẩm được nhưng cô bắt đặt tính. Vậy có ổn không ạ?\""
      },
      {
        "type": "paragraph",
        "text": "Cô giáo giải thích rất rõ:"
      },
      {
        "type": "list",
        "items": [
          "\"Tính nhẩm được là tốt. Cô rất mừng vì con giỏi.\"",
          "\"Nhưng ở lớp, cô cần con trình bày ra giấy để cô thấy cách con làm.\"",
          "\"Khi thi, giám khảo cũng cần thấy lời giải, không chỉ kết quả.\"",
          "\"Con biết cả hai cách thì tuyệt vời. Dùng cái nào tùy tình huống.\""
        ]
      },
      {
        "type": "paragraph",
        "text": "Mình hiểu: không ai sai. Chỉ là hai mục đích khác nhau."
      },
      {
        "type": "heading",
        "level": 2,
        "text": "So sánh: Soroban vs Toán trường"
      },
      {
        "type": "heading",
        "level": 3,
        "text": "Soroban (Tính nhẩm)"
      },
      {
        "type": "list",
        "items": [
          "**Mục đích**: Tính nhanh, chính xác",
          "**Cách làm**: Tính trong đầu, không cần giấy",
          "**Kết quả**: Chỉ có đáp số",
          "**Ưu điểm**: Nhanh, rèn não, không phụ thuộc công cụ",
          "**Nhược điểm**: Không thấy \"cách làm\""
        ]
      },
      {
        "type": "heading",
        "level": 3,
        "text": "Toán trường (Đặt tính)"
      },
      {
        "type": "list",
        "items": [
          "**Mục đích**: Trình bày rõ ràng, có thể kiểm tra",
          "**Cách làm**: Viết ra giấy, theo từng bước",
          "**Kết quả**: Có cả quá trình và đáp số",
          "**Ưu điểm**: Dễ kiểm tra, dễ chấm điểm, thấy lỗi sai ở đâu",
          "**Nhược điểm**: Mất thời gian hơn"
        ]
      },
      {
        "type": "paragraph",
        "text": "Cả hai đều dẫn đến kết quả đúng. Con có thể dùng Soroban để tính trong đầu, rồi viết đặt tính ra giấy để \"trình bày\"."
      },
      {
        "type": "heading",
        "level": 2,
        "text": "Mình hướng dẫn con như thế nào"
      },
      {
        "type": "heading",
        "level": 3,
        "text": "Nguyên tắc 1: \"Ở trường theo trường, ở nhà theo nhà\""
      },
      {
        "type": "paragraph",
        "text": "Mình nói với con: \"Ở trường, con làm theo cô. Cô yêu cầu đặt tính thì con đặt tính. Ở nhà, con dùng Soroban. Không có cách nào sai, chỉ là mỗi nơi có cách riêng.\""
      },
      {
        "type": "heading",
        "level": 3,
        "text": "Nguyên tắc 2: Soroban để kiểm tra"
      },
      {
        "type": "paragraph",
        "text": "Mình dạy con: \"Con đặt tính ra giấy xong, tính nhẩm kiểm tra. Nếu hai kết quả khác nhau, nghĩa là có chỗ sai – kiểm tra lại.\""
      },
      {
        "type": "paragraph",
        "text": "Con có 2 cách tính → 2 lần kiểm tra → ít sai hơn bạn."
      },
      {
        "type": "heading",
        "level": 3,
        "text": "Nguyên tắc 3: Không khoe khoang"
      },
      {
        "type": "paragraph",
        "text": "Mình nhắc con: \"Con tính nhẩm được là giỏi. Nhưng không nên khoe với bạn hay cãi lại cô. Im lặng làm đúng là được.\""
      },
      {
        "type": "paragraph",
        "text": "Kỹ năng xã hội cũng quan trọng. Con cần biết cách hành xử phù hợp."
      },
      {
        "type": "callout",
        "style": "reassurance",
        "text": "Học 2 cách không làm con loạn. Ngược lại, con có 2 công cụ. Tùy tình huống dùng cái phù hợp."
      },
      {
        "type": "heading",
        "level": 2,
        "text": "Lợi ích bất ngờ khi biết cả hai cách"
      },
      {
        "type": "heading",
        "level": 3,
        "text": "1. Kiểm tra chéo"
      },
      {
        "type": "paragraph",
        "text": "Con mình đặt tính ra giấy: 247 + 158 = 405. Rồi tính nhẩm kiểm tra: 247 + 158 = 405. Hai kết quả giống nhau → đúng."
      },
      {
        "type": "paragraph",
        "text": "Nếu khác nhau, con biết có sai và xem lại."
      },
      {
        "type": "heading",
        "level": 3,
        "text": "2. Làm bài nhanh hơn"
      },
      {
        "type": "paragraph",
        "text": "Con tính nhẩm ra kết quả trước, rồi mới viết đặt tính. Nhanh hơn bạn vì đã biết đáp án, chỉ cần \"trình bày\"."
      },
      {
        "type": "heading",
        "level": 3,
        "text": "3. Tự tin hơn"
      },
      {
        "type": "paragraph",
        "text": "Con biết kết quả đúng trước khi viết ra. Không lo lắng, không cần đếm đi đếm lại. Tâm lý thoải mái khi làm bài."
      },
      {
        "type": "heading",
        "level": 3,
        "text": "4. Phát hiện lỗi của người khác"
      },
      {
        "type": "paragraph",
        "text": "Có lần cô giáo ghi sai trên bảng (368 + 245 = 613, đáng lẽ là 613). Con phát hiện ngay vì con tính nhẩm 368 + 245 = 613. Con giơ tay báo cô."
      },
      {
        "type": "heading",
        "level": 2,
        "text": "Các tình huống thực tế và cách xử lý"
      },
      {
        "type": "heading",
        "level": 3,
        "text": "Tình huống 1: Cô giáo gạch sai vì con không viết cách làm"
      },
      {
        "type": "paragraph",
        "text": "**Xử lý**: Nhắc con làm theo yêu cầu của cô. Kết quả đúng nhưng không có lời giải thì vẫn bị trừ điểm. Chấp nhận."
      },
      {
        "type": "heading",
        "level": 3,
        "text": "Tình huống 2: Bạn bè nói \"tính nhẩm là gian lận\""
      },
      {
        "type": "paragraph",
        "text": "**Xử lý**: Giải thích với con: tính nhẩm không phải gian lận. Đó là kỹ năng con rèn được. Nhưng không cần cãi với bạn, im lặng làm tốt là được."
      },
      {
        "type": "heading",
        "level": 3,
        "text": "Tình huống 3: Con muốn bỏ đặt tính vì \"biết rồi\""
      },
      {
        "type": "paragraph",
        "text": "**Xử lý**: Giải thích: đặt tính là kỹ năng cần thiết. Sau này học toán phức tạp hơn, cần viết ra. Bây giờ luyện tập để sau này không bỡ ngỡ."
      },
      {
        "type": "heading",
        "level": 2,
        "text": "Kết quả của con mình"
      },
      {
        "type": "list",
        "items": [
          "**Điểm kiểm tra**: Luôn 9-10 vì ít sai (có kiểm tra chéo)",
          "**Tốc độ làm bài**: Nhanh nhất lớp",
          "**Quan hệ với cô**: Tốt – con biết nghe lời, làm theo yêu cầu",
          "**Tự tin**: Cao – con biết mình có \"vũ khí bí mật\""
        ]
      },
      {
        "type": "heading",
        "level": 2,
        "text": "Lời khuyên cho phụ huynh"
      },
      {
        "type": "list",
        "items": [
          "**Đừng lo \"loạn\"**: Trẻ thông minh hơn ta tưởng. Con biết phân biệt khi nào dùng cách nào",
          "**Dạy con linh hoạt**: Mỗi nơi có quy tắc riêng. Biết thích nghi là kỹ năng quan trọng",
          "**Liên lạc với giáo viên**: Cho cô biết con học Soroban ở nhà. Nhờ cô hỗ trợ",
          "**Tận dụng lợi thế**: Soroban giúp kiểm tra nhanh. Dạy con dùng như \"công cụ bí mật\""
        ]
      },
      {
        "type": "heading",
        "level": 2,
        "text": "Kết luận: Hai cách, một mục đích"
      },
      {
        "type": "paragraph",
        "text": "Soroban và toán trường không mâu thuẫn. Cả hai đều giúp con giỏi toán – chỉ khác cách tiếp cận."
      },
      {
        "type": "paragraph",
        "text": "Con biết cả hai cách = con có lợi thế. Biết tính nhẩm để nhanh và kiểm tra. Biết đặt tính để trình bày và ghi điểm."
      },
      {
        "type": "callout",
        "style": "reassurance",
        "text": "Soroban và toán trường bổ sung cho nhau. Con có lợi thế khi biết cả hai. Đừng lo con \"loạn\" – hãy dạy con cách dùng từng công cụ đúng lúc."
      }
    ]
  },
  "faq": [
    {
      "question": "Học 2 cách có khó cho con không?",
      "answer": "Không. Trẻ có khả năng thích nghi tốt. Chỉ cần giải thích rõ: mỗi nơi một cách, không có cách nào sai."
    },
    {
      "question": "Nên dạy con Soroban trước hay toán trường trước?",
      "answer": "Cả hai có thể song song. Soroban giúp hiểu bản chất số. Toán trường dạy cách trình bày. Kết hợp là tốt nhất."
    },
    {
      "question": "Cô giáo không cho con tính nhẩm, phải làm sao?",
      "answer": "Dạy con làm theo yêu cầu của cô ở trường (đặt tính ra giấy). Dùng Soroban để kiểm tra lại kết quả ở nhà."
    },
    {
      "question": "Con tính nhẩm được nhưng không biết đặt tính, có sao không?",
      "answer": "Cần dạy con cả hai. Đặt tính là kỹ năng bắt buộc ở trường. Soroban là công cụ bổ sung, không thay thế."
    },
    {
      "question": "Soroban và toán trường có mâu thuẫn không?",
      "answer": "Không. Cả hai đều dẫn đến kết quả đúng. Soroban tính trong đầu, toán trường viết ra giấy. Khác cách làm, cùng kết quả."
    },
    {
      "question": "Làm sao giải thích cho con về 2 cách học?",
      "answer": "Nói đơn giản: \"Ở trường con làm theo cô. Ở nhà con dùng Soroban để kiểm tra. Có 2 công cụ tốt hơn 1!\""
    },
    {
      "question": "Con chỉ muốn tính nhẩm, không chịu đặt tính, phải làm sao?",
      "answer": "Giải thích đặt tính là cách để cô chấm bài. Luyện đặt tính ở nhà rồi dùng Soroban kiểm tra. Khen khi con làm đúng cả hai."
    },
    {
      "question": "Học Soroban có làm con lười đặt tính không?",
      "answer": "Có thể nếu không hướng dẫn. Nên dạy con: đặt tính để trình bày, tính nhẩm để kiểm tra. Cả hai đều quan trọng."
    },
    {
      "question": "Lợi thế của việc biết cả hai cách là gì?",
      "answer": "Con có thể kiểm tra chéo: đặt tính xong, tính nhẩm kiểm tra. Nếu kết quả khác nhau, con biết có lỗi. Ít sai hơn bạn."
    },
    {
      "question": "Có nên nói với cô giáo là con học Soroban không?",
      "answer": "Không cần thiết. Cô quan tâm kết quả và cách trình bày. Con làm đúng theo yêu cầu là đủ."
    }
  ],
  "cta": {
    "text": "Sorokid giúp con có thêm công cụ tính toán, bổ sung cho toán trường.",
    "buttonText": "Cho con học thử",
    "buttonLink": "/register"
  },
  "seo": {
    "title": "Con học Soroban nhưng ở trường dạy khác – có bị loạn không?",
    "description": "Con mình học Soroban ở nhà, nhưng trường dạy đặt tính. Mình lo con bị nhầm lẫn.",
    "keywords": "soroban và toán trường, hai cách học khác nhau, con bị loạn cách tính"
  },
  "schema": {
    "type": "Article",
    "datePublished": "2026-01-05",
    "author": "Chị Mỹ Linh"
  },
  "author": {
    "name": "Chị Mỹ Linh",
    "bio": "Mẹ của bé gái 8 tuổi tại Vũng Tàu, đã thành công kết hợp soroban và toán trường cho con"
  }
}