{
  "slug": "con-hoc-soroban-nhung-khong-thich-luyen-tap",
  "title": "Con học Soroban nhưng không thích luyện tập – Mình làm thế này",
  "description": "Học Soroban cần luyện tập đều đặn. Nhưng con mình cứ lười. Mình phải tìm cách.",
  "category": "soroban-cho-phu-huynh",
  "keywords": [
    "con lười luyện Soroban",
    "tạo động lực học Soroban",
    "Soroban hàng ngày",
    "con không thích luyện tập",
    "rút ngắn thời gian học",
    "tạo thói quen học soroban",
    "dùng app để con thích học",
    "cho con lựa chọn khi học",
    "khi nào cho con nghỉ học",
    "10 phút luyện soroban",
    "làm sao để con tự học",
    "chiến thắng việc con tự muốn học"
  ],
  "status": "published",
  "publishedAt": "2026-01-21T12:06:00.000Z",
  "createdAt": "2025-12-25",
  "image": "/blog/khong-thich-luyen-tap.jpg",
  "imageAlt": "Bé châu Á với bàn tính Soroban và vẻ không muốn học",
  "readingTime": 12,
  "categoryOrder": 1,
  "order": 40,
  "translations": {
    "en": "child-practices-soroban-but-hates-practice"
  },
  "content": {
    "intro": "\"Mẹ ơi, hôm nay con nghỉ học Soroban được không?\" – Con mình hỏi suốt. Ban đầu mình rất bực. \"Sao mới học mấy hôm đã đòi nghỉ?\" Nhưng rồi mình hiểu: con thích Soroban, nhưng không thích luyện tập đều đặn. Đây là vấn đề phổ biến – và mình đã tìm ra cách giải quyết.",
    "sections": [
      {
        "type": "heading",
        "level": 2,
        "text": "Vấn đề thực sự là gì?"
      },
      {
        "type": "paragraph",
        "text": "Ban đầu mình nghĩ: con lười. Nhưng quan sát kỹ, mình nhận ra:"
      },
      {
        "type": "list",
        "items": [
          "Con vẫn thích Soroban – vẫn khoe với bạn, vẫn vui khi lên level",
          "Con không thích SỰ LẶP LẠI – làm bài tương tự mỗi ngày khiến con chán",
          "Con không thích BỊ ÉP – \"đến giờ học rồi\" khiến con cảm giác như bị phạt",
          "Con mệt sau 1 ngày học ở trường – thêm việc gì cũng nặng"
        ]
      },
      {
        "type": "paragraph",
        "text": "Đây không phải lỗi của con. Não trẻ con được thiết kế để thích sự mới lạ, không thích sự lặp lại đơn điệu."
      },
      {
        "type": "callout",
        "style": "empathy",
        "text": "Nếu con bạn cũng đòi nghỉ, xin bỏ, hoặc làm bài qua loa – bạn không một mình. Hầu hết trẻ đều trải qua giai đoạn này."
      },
      {
        "type": "heading",
        "level": 2,
        "text": "Tại sao Soroban cần luyện đều đặn?"
      },
      {
        "type": "paragraph",
        "text": "Trước khi tìm cách giải quyết, mình cần hiểu tại sao không thể cho con nghỉ thoải mái:"
      },
      {
        "type": "list",
        "items": [
          "**Soroban là kỹ năng cơ thể**: Như đi xe đạp, cần lặp lại để ngón tay nhớ",
          "**Bỏ 1 ngày = lùi 2 ngày**: Não quên nhanh hơn ta tưởng",
          "**Học nhồi không hiệu quả**: 30 phút x 2 ngày không bằng 10 phút x 6 ngày",
          "**Thói quen quan trọng hơn động lực**: Động lực đến rồi đi, thói quen bền vững"
        ]
      },
      {
        "type": "paragraph",
        "text": "Vậy mình cần giúp con luyện đều đặn mà không cảm thấy bị ép."
      },
      {
        "type": "heading",
        "level": 2,
        "text": "7 cách mình đã thử (và 5 cách hiệu quả)"
      },
      {
        "type": "heading",
        "level": 3,
        "text": "Cách 1: Rút ngắn thời gian ✅"
      },
      {
        "type": "paragraph",
        "text": "Mình giảm từ 30 phút xuống 10-15 phút. Con dễ chấp nhận hơn. \"Chỉ 10 phút thôi\" nghe nhẹ nhàng hơn \"nửa tiếng\"."
      },
      {
        "type": "paragraph",
        "text": "Quan trọng: 10 phút x 6 ngày hiệu quả hơn 30 phút x 2 ngày."
      },
      {
        "type": "heading",
        "level": 3,
        "text": "Cách 2: Tạo thói quen cố định ✅"
      },
      {
        "type": "paragraph",
        "text": "Mình chọn thời điểm: sau bữa tối, trước khi xem TV. Cố định. Không thay đổi."
      },
      {
        "type": "paragraph",
        "text": "Sau 2 tuần, não con tự động biết: ăn xong → học Soroban → xem TV. Không cần nhắc, không cần cãi."
      },
      {
        "type": "heading",
        "level": 3,
        "text": "Cách 3: Cho con lựa chọn ✅"
      },
      {
        "type": "paragraph",
        "text": "Mình không nói \"Con phải làm 10 bài\". Mình hỏi: \"Con muốn làm 5 bài hay 8 bài hôm nay?\""
      },
      {
        "type": "paragraph",
        "text": "Con có cảm giác kiểm soát. Con tự chọn = con cam kết. Tỉ lệ chống đối giảm hẳn."
      },
      {
        "type": "heading",
        "level": 3,
        "text": "Cách 4: Thưởng ngắn hạn ❌ (không hiệu quả lâu dài)"
      },
      {
        "type": "paragraph",
        "text": "Mình từng nói: \"Học xong mẹ cho kẹo.\" Ban đầu con làm. Nhưng sau đó con hỏi: \"Không có kẹo thì con không học.\""
      },
      {
        "type": "paragraph",
        "text": "Thưởng vật chất tạo kỳ vọng sai. Mình bỏ cách này."
      },
      {
        "type": "heading",
        "level": 3,
        "text": "Cách 5: Học cùng con ✅"
      },
      {
        "type": "paragraph",
        "text": "Mình ngồi cạnh con khi con học. Không nhất thiết dạy gì, chỉ ở bên. Đôi khi mình cũng làm thử bài Soroban."
      },
      {
        "type": "paragraph",
        "text": "Con thấy mình quan tâm. Con không cô đơn. Hiệu quả bất ngờ."
      },
      {
        "type": "heading",
        "level": 3,
        "text": "Cách 6: Ghi nhận tiến bộ ✅"
      },
      {
        "type": "paragraph",
        "text": "Mình lập bảng theo dõi: mỗi ngày con học xong, con được dán 1 sticker. 7 sticker = 1 phần thưởng (đi công viên, chọn món ăn tối...)."
      },
      {
        "type": "paragraph",
        "text": "Con thấy tiến bộ của mình. Sự kiên trì được ghi nhận. Khác với thưởng vật chất, đây là ghi nhận nỗ lực."
      },
      {
        "type": "heading",
        "level": 3,
        "text": "Cách 7: Nói lý do thật ❌ (không hiệu quả với trẻ nhỏ)"
      },
      {
        "type": "paragraph",
        "text": "Mình từng giải thích: \"Con cần học để não phát triển, sau này giỏi toán...\" Con nghe xong vẫn đòi nghỉ."
      },
      {
        "type": "paragraph",
        "text": "Trẻ nhỏ không hiểu \"lợi ích dài hạn\". Não con chưa phát triển đủ để suy nghĩ xa. Cách này không hiệu quả."
      },
      {
        "type": "callout",
        "style": "tip",
        "text": "Mẹo: Kết hợp nhiều cách. Mình dùng cách 1 + 2 + 3 + 5 + 6 cùng lúc. Không cách nào đủ mạnh một mình, nhưng kết hợp lại thì hiệu quả."
      },
      {
        "type": "heading",
        "level": 2,
        "text": "App Sorokid giúp gì?"
      },
      {
        "type": "paragraph",
        "text": "Chuyển từ bài giấy sang app Sorokid là bước ngoặt. Vì sao?"
      },
      {
        "type": "list",
        "items": [
          "**Có game, có điểm**: Con cảm giác đang chơi, không phải học",
          "**Level tăng dần**: Con thấy tiến bộ rõ ràng, có mục tiêu",
          "**Phần thưởng trong app**: Huy hiệu, streak, bảng xếp hạng – con muốn đạt",
          "**Tự động nhắc**: App nhắc con, mình không phải là \"người xấu\" đi nhắc",
          "**Bài đa dạng**: Không lặp lại y chang, con bớt chán"
        ]
      },
      {
        "type": "paragraph",
        "text": "Từ khi dùng app, con tự mở ra học mà không cần nhắc. Đôi khi còn làm thêm vì muốn lên level."
      },
      {
        "type": "heading",
        "level": 2,
        "text": "Khi nào nên cho con nghỉ?"
      },
      {
        "type": "paragraph",
        "text": "Mình không cứng nhắc \"phải học 7/7 ngày\". Có những lúc nên cho con nghỉ:"
      },
      {
        "type": "list",
        "items": [
          "**Con mệt thật sự**: Ốm, stress từ trường, thiếu ngủ",
          "**Sự kiện đặc biệt**: Sinh nhật, đi chơi xa, họp mặt gia đình",
          "**Đã luyện đủ trong tuần**: Ví dụ 6/7 ngày, cho con nghỉ 1 ngày",
          "**Con có cảm xúc tiêu cực mạnh**: Buồn, giận, lo – xử lý cảm xúc trước"
        ]
      },
      {
        "type": "paragraph",
        "text": "Quan trọng: phân biệt \"mệt thật\" và \"lười\". Nhìn vào hành vi, không chỉ nghe lời nói."
      },
      {
        "type": "heading",
        "level": 2,
        "text": "Kết quả sau 3 tháng kiên trì"
      },
      {
        "type": "list",
        "items": [
          "**Thói quen đã hình thành**: Con tự mở app sau bữa tối, không cần nhắc",
          "**Không còn đòi nghỉ**: Con quen rồi, như đánh răng buổi sáng",
          "**Tiến bộ rõ rệt**: Từ cộng trừ 1 chữ số → tính nhẩm 2 chữ số",
          "**Con tự hào**: Khoe với bạn, khoe với ông bà",
          "**Mình nhẹ nhõm**: Không còn phải dọa ép mỗi tối"
        ]
      },
      {
        "type": "heading",
        "level": 2,
        "text": "Lời khuyên cho phụ huynh"
      },
      {
        "type": "list",
        "items": [
          "**Đừng ép quá**: Ép = con ghét, dù học cũng không hiệu quả",
          "**Ngắn + đều > dài + cách quãng**: 10 phút mỗi ngày thắng 1 tiếng cuối tuần",
          "**Tạo thói quen cố định**: Não quen = không cần ý chí",
          "**Dùng app thay bài giấy**: Trẻ thích game hơn bài tập",
          "**Kiên nhẫn**: 2-3 tuần đầu khó nhất. Qua được thì nhẹ nhàng"
        ]
      },
      {
        "type": "heading",
        "level": 2,
        "text": "Kết luận: Chiến thắng thực sự là con tự muốn học"
      },
      {
        "type": "paragraph",
        "text": "Ép con học = con học vì sợ. Con tự muốn học = con học vì thích."
      },
      {
        "type": "paragraph",
        "text": "Mục tiêu của mình không phải \"con phải học mỗi ngày\". Mục tiêu là \"con muốn học mỗi ngày\". Khi đạt được điều đó, mọi thứ sẽ nhẹ nhàng."
      },
      {
        "type": "callout",
        "style": "reassurance",
        "text": "Đừng ép con quá. Tìm cách để con tự muốn học – đó mới là chiến thắng thực sự. Kiên nhẫn, nhất quán, và sử dụng công cụ phù hợp."
      }
    ]
  },
  "faq": [
    {
      "question": "Con nghỉ 1 ngày có sao không?",
      "answer": "Không sao. Nhưng đừng để nghỉ liên tục nhiều ngày."
    },
    {
      "question": "Nên luyện Soroban bao nhiêu phút/ngày?",
      "answer": "10-15 phút là đủ cho trẻ tiểu học. Chất lượng quan trọng hơn số lượng."
    },
    {
      "question": "Làm sao tạo thói quen học Soroban hàng ngày?",
      "answer": "Gắn với hoạt động cố định: sau bữa tối, sau tắm, sau giấc ngủ trưa. Lặp lại mỗi ngày cho đến khi thành thói quen."
    },
    {
      "question": "Con chán Soroban, có nên đổi phương pháp?",
      "answer": "Trước hết thử đổi cách: dùng app thay bài giấy, rút ngắn thời gian, thêm phần thưởng. Nếu vẫn chán thì tạm nghỉ 1-2 tuần."
    },
    {
      "question": "Dùng app có tốt hơn bài giấy không?",
      "answer": "Tùy con. Nhiều trẻ thích app vì có điểm, có game. Một số trẻ học tốt hơn với bàn tính thật. Thử cả hai."
    },
    {
      "question": "Cho con lựa chọn có giúp con hợp tác hơn không?",
      "answer": "Có. Hỏi \"Con muốn làm 5 hay 10 bài?\" Con có quyền chọn = bớt chống đối."
    },
    {
      "question": "Khi nào nên cho con nghỉ học Soroban?",
      "answer": "Khi con ốm, stress nặng, hoặc đã luyện đủ trong tuần (6/7 ngày). Không nên nghỉ vì lười."
    },
    {
      "question": "Con đòi phần thưởng mới chịu học, có nên chiều?",
      "answer": "Phiến thưởng nhỏ ban đầu để tạo thói quen. Dần dần giảm phần thưởng vật chất, thay bằng khen ngợi."
    },
    {
      "question": "Làm sao để con tự muốn học?",
      "answer": "Cho con thấy tiến bộ của mình (level, số bài hoàn thành). Tạo mục tiêu nhỏ: \"Lên level 5 tuần này nhé!\"."
    },
    {
      "question": "Con làm xong bài nhanh cho qua, chất lượng kém, làm sao?",
      "answer": "Giảm số lượng bài. Đặt tiêu chí: \"Đúng 8/10 bài mới là xong\". Khen khi con làm chậm nhưng đúng."
    }
  ],
  "cta": {
    "text": "Sorokid giúp con luyện Soroban vui vẻ với game và phần thưởng.",
    "buttonText": "Học thử ngay",
    "buttonLink": "/register"
  },
  "seo": {
    "title": "Con học Soroban nhưng không thích luyện tập – Mình làm thế này",
    "description": "Học Soroban cần luyện tập đều đặn. Nhưng con mình cứ lười. Mình phải tìm cách.",
    "keywords": "con lười luyện Soroban, tạo động lực học Soroban, Soroban hàng ngày"
  },
  "schema": {
    "type": "Article",
    "datePublished": "2026-01-20",
    "author": "Chị Vân Anh"
  },
  "author": {
    "name": "Chị Vân Anh",
    "bio": "Mẹ của bé trai 7 tuổi tại Cần Thơ, đã giúp con từ lười luyện soroban trở thành tự giác mỗi tối"
  }
}