{
  "slug": "con-lop-3-van-dem-tay-binh-thuong-khong",
  "title": "Con lớp 3 vẫn đếm tay – mình lo quá hỏi hết mọi người",
  "description": "Lớp 3 rồi mà con vẫn xòe tay ra đếm. Bạn bè làm nhanh hơn. Mình hỏi khắp nơi để hiểu.",
  "category": "con-gap-kho-khan-hoc-toan",
  "keywords": [
    "lớp 3 đếm tay",
    "trẻ tính toán bằng ngón tay",
    "dạy con bỏ đếm tay",
    "con chậm tính toán",
    "tính nhẩm cho trẻ lớp 3",
    "soroban giúp bỏ đếm tay",
    "phương pháp tính nhẩm",
    "con phụ thuộc ngón tay",
    "bé tính chậm hơn bạn",
    "cách tính nhanh không cần tay",
    "hình dung số trong đầu",
    "luyện tập tính nhẩm hàng ngày"
  ],
  "status": "published",
  "publishedAt": "2026-01-23T03:04:00.000Z",
  "createdAt": "2025-12-25",
  "image": "/blog/be-dem-tay-lop-3.jpg",
  "imageAlt": "Bé châu Á ngồi học với hai bàn tay đang đếm",
  "readingTime": 12,
  "categoryOrder": 2,
  "order": 10,
  "translations": {
    "en": "con-lp-3-vn-m-tay-mnh-lo-qu-hi-ht-mi-ngi"
  },
  "content": {
    "intro": "Lớp 3, cô giao phép tính: 47 + 28. Con mình ngồi... xòe tay ra đếm. Mình nhìn qua thấy bạn con viết luôn kết quả. Mình lo. Mình hỏi cô giáo, hỏi bác sĩ, hỏi google.",
    "sections": [
      {
        "type": "heading",
        "level": 2,
        "text": "Cô giáo nói gì?"
      },
      {
        "type": "paragraph",
        "text": "\"Con không có vấn đề gì đâu chị. Con hiểu bài, làm đúng. Chỉ là cách tính của con chậm hơn bạn.\""
      },
      {
        "type": "paragraph",
        "text": "Cô khuyên mình cho con luyện tập tính nhẩm nhiều hơn."
      },
      {
        "type": "heading",
        "level": 2,
        "text": "Mình tìm hiểu thêm"
      },
      {
        "type": "paragraph",
        "text": "Đếm tay là cách tự nhiên để trẻ \"sờ\" được số. Nhưng đến lớp 3, nếu con vẫn phụ thuộc vào đếm tay, có thể con chưa có phương pháp tính nhẩm."
      },
      {
        "type": "paragraph",
        "text": "Không phải con dở. Chỉ là con chưa được dạy cách khác."
      },
      {
        "type": "callout",
        "style": "empathy",
        "text": "Nhiều trẻ đếm tay đến lớp 3-4. Không phải vấn đề bệnh lý. Chỉ cần có phương pháp phù hợp là con bỏ được."
      },
      {
        "type": "heading",
        "level": 2,
        "text": "Mình giúp con như thế nào?"
      },
      {
        "type": "paragraph",
        "text": "**1. Cho con học Soroban:** Thay vì đếm tay, con dùng bàn tính. Sau một thời gian, con hình dung bàn tính trong đầu."
      },
      {
        "type": "paragraph",
        "text": "**2. Không cấm đếm tay:** Mình không nói \"đừng đếm tay\". Mình chỉ cho con công cụ mới. Con tự bỏ khi quen."
      },
      {
        "type": "paragraph",
        "text": "**3. Tập hàng ngày:** 15 phút mỗi ngày với Sorokid. Nhất quán hơn là tập nhiều một lúc."
      },
      {
        "type": "heading",
        "level": 2,
        "text": "5 tháng sau"
      },
      {
        "type": "paragraph",
        "text": "Con mình bớt đếm tay hẳn. Những phép cộng trừ trong phạm vi 20, con làm trong đầu được."
      },
      {
        "type": "paragraph",
        "text": "Phép tính 2 chữ số, con vẫn cần suy nghĩ, nhưng không còn xòe tay ra nữa."
      },
      {
        "type": "callout",
        "style": "reassurance",
        "text": "Đếm tay không phải thói quen xấu. Nó là bước đệm. Hãy cho con công cụ tốt hơn để \"tốt nghiệp\" đếm tay."
      }
    ]
  },
  "faq": [
    {
      "question": "Lớp 3 vẫn đếm tay có bình thường không?",
      "answer": "Bình thường, nhưng nên bắt đầu giúp con có phương pháp khác. Đếm tay giới hạn tốc độ khi phép tính phức tạp hơn, và không hiệu quả với số lớn."
    },
    {
      "question": "Có nên cấm con đếm tay không?",
      "answer": "Không nên cấm. Cấm sẽ khiến con bối rối vì không có công cụ thay thế. Thay vào đó, cho con phương pháp mới như Soroban. Con sẽ tự bỏ đếm tay khi thấy cách mới hiệu quả hơn."
    },
    {
      "question": "Tại sao con vẫn đếm tay dù đã lớp 3?",
      "answer": "Có thể con chưa được dạy phương pháp tính nhẩm khác. Đếm tay là cách tự nhiên trẻ 'sờ' được số. Không phải con dở, chỉ là con chưa có công cụ tốt hơn."
    },
    {
      "question": "Soroban giúp bỏ đếm tay như thế nào?",
      "answer": "Soroban cho con 'bàn tay mới' – bàn tính. Ban đầu con tính trên bàn tính thật. Sau đó con hình dung bàn tính trong đầu và tính nhẩm. Đây là quá trình chuyển đổi tự nhiên."
    },
    {
      "question": "Bao lâu thì con bỏ được đếm tay?",
      "answer": "Thường sau 3-6 tháng học Soroban đều đặn. Mỗi con khác nhau. Quan trọng là kiên nhẫn và không ép buộc."
    },
    {
      "question": "Con học Soroban rồi vẫn đếm tay, có sao không?",
      "answer": "Ban đầu là bình thường. Con cần thời gian để quen. Khi kỹ năng Soroban vững hơn, con sẽ tự động dùng cách mới vì nó nhanh hơn."
    },
    {
      "question": "Ngoài Soroban còn cách nào giúp con bỏ đếm tay?",
      "answer": "Có thể dùng: đường số (number line), tách số (5+3 = 5+5-2), nhóm 10. Tuy nhiên Soroban được đánh giá hiệu quả nhất vì cho con hình ảnh cụ thể để hình dung."
    },
    {
      "question": "Con đếm tay nhưng vẫn làm đúng, có cần lo không?",
      "answer": "Nếu con vẫn đúng thì không phải vấn đề học tập. Nhưng nên giúp con có phương pháp nhanh hơn, vì lên lớp cao phép tính sẽ phức tạp hơn, đếm tay không đủ."
    },
    {
      "question": "Có phải con đếm tay là do não kém không?",
      "answer": "Không. Đếm tay là cách học tự nhiên của trẻ. Nó chỉ là giai đoạn, không phải dấu hiệu não kém. Cho con phương pháp mới, con sẽ 'tốt nghiệp' giai đoạn này."
    },
    {
      "question": "Phụ huynh nên nói gì khi con đếm tay?",
      "answer": "Đừng nói 'Sao con vẫn đếm tay?' – sẽ làm con xấu hổ. Thay vào đó: 'Con đã làm đúng rồi! Mẹ/bố có cách giúp con tính nhanh hơn nữa, con muốn thử không?'"
    }
  ],
  "cta": {
    "text": "Sorokid giúp con chuyển từ đếm tay sang tính nhẩm một cách tự nhiên.",
    "buttonText": "Cho con học thử",
    "buttonLink": "/register"
  },
  "seo": {
    "title": "Con lớp 3 vẫn đếm tay – mình lo quá hỏi hết mọi người",
    "description": "Lớp 3 rồi mà con vẫn xòe tay ra đếm. Bạn bè làm nhanh hơn. Mình hỏi khắp nơi để hiểu.",
    "keywords": "lớp 3 đếm tay, trẻ tính toán bằng ngón tay, dạy con bỏ đếm tay"
  },
  "schema": {
    "type": "Article",
    "headline": "Con lớp 3 vẫn đếm tay – mình lo quá hỏi hết mọi người",
    "datePublished": "2026-01-20",
    "dateModified": "2026-01-17",
    "author": "Minh Anh"
  },
  "author": {
    "name": "Minh Anh",
    "bio": "Mẹ của 2 bé, đang đồng hành cùng con học toán tư duy"
  }
}