{
  "slug": "con-hoc-soroban-nhung-diem-toan-van-thap",
  "title": "Con học Soroban 3 tháng mà điểm vẫn thế – mình từng muốn bỏ cuộc",
  "description": "Mình thất vọng lắm. Học tốn tiền tốn công mà kết quả không thấy đâu. Cho đến khi mình hiểu ra điều này.",
  "category": "soroban-cho-phu-huynh",
  "keywords": [
    "học soroban có giúp gì không",
    "con học soroban không tiến bộ",
    "soroban có hiệu quả không",
    "điểm toán vẫn thấp",
    "học soroban bao lâu có kết quả",
    "con học soroban mà không lên điểm",
    "kỳ vọng học soroban",
    "soroban không phải thuốc tiên",
    "kết hợp soroban với học trường",
    "cải thiện điểm toán cho con",
    "tại sao soroban chưa hiệu quả",
    "thời gian thấy kết quả soroban"
  ],
  "status": "published",
  "publishedAt": "2026-01-20T10:50:00.000Z",
  "createdAt": "2025-12-25",
  "image": "/blog/con-hoc-soroban-diem-toan-thap.jpg",
  "imageAlt": "Mẹ châu Á nhìn bài kiểm tra toán của con với vẻ lo lắng",
  "readingTime": 13,
  "categoryOrder": 1,
  "order": 29,
  "translations": {
    "en": "child-does-soroban-but-math-grades-still-low"
  },
  "content": {
    "intro": "Mình cho con học Soroban với kỳ vọng: con sẽ giỏi toán hơn, điểm sẽ cao hơn. 3 tháng sau, con tính nhẩm nhanh hơn thật – 47 + 38 trong đầu được luôn. Nhưng bài kiểm tra toán ở trường... vẫn 7-8 điểm. Mình thất vọng lắm, thậm chí muốn bỏ cuộc. Rồi mình tìm hiểu và nhận ra: mình đã sai từ cách đặt kỳ vọng.",
    "sections": [
      {
        "type": "heading",
        "level": 2,
        "text": "Câu chuyện của mình: Kỳ vọng sai lệch"
      },
      {
        "type": "paragraph",
        "text": "Khi đọc về Soroban, mình thấy những video trẻ em Nhật tính nhẩm nhanh như máy. Mình nghĩ: \"Nếu con mình học, điểm toán chắc chắn sẽ cao!\" Vậy là mình đăng ký cho con học Sorokid."
      },
      {
        "type": "paragraph",
        "text": "Tháng đầu, con hào hứng lắm. Con học cách di chuyển hạt, bắt đầu tính được các phép cộng trừ đơn giản. Tháng thứ hai, con tính nhẩm 2 chữ số được rồi. Mình vui mừng, chờ đợi bài kiểm tra tiếp theo."
      },
      {
        "type": "paragraph",
        "text": "Bài kiểm tra đến. Con mang về: 7 điểm. Mình sốc. \"Con học Soroban mà điểm vẫn thế à?\" Mình bắt đầu nghi ngờ: Soroban có thực sự hiệu quả không? Có phải mình đang tốn tiền vô ích?"
      },
      {
        "type": "callout",
        "style": "empathy",
        "text": "Nếu bạn đang ở vị trí giống mình – thất vọng vì con học Soroban mà điểm không tăng – hãy đọc tiếp. Vấn đề không phải Soroban không hiệu quả. Vấn đề là cách mình đặt kỳ vọng."
      },
      {
        "type": "heading",
        "level": 2,
        "text": "Sai lầm lớn nhất: Nghĩ Soroban = Điểm toán cao"
      },
      {
        "type": "paragraph",
        "text": "Mình đã sai khi nghĩ đơn giản: Soroban → tính nhanh → điểm cao. Thực tế phức tạp hơn nhiều."
      },
      {
        "type": "heading",
        "level": 3,
        "text": "Soroban giúp gì?"
      },
      {
        "type": "list",
        "items": [
          "Tính nhẩm cộng, trừ, nhân, chia nhanh và chính xác",
          "Rèn khả năng tập trung, chú ý",
          "Phát triển trí nhớ hình ảnh (visualization)",
          "Tạo nền tảng vững cho các phép tính phức tạp sau này"
        ]
      },
      {
        "type": "heading",
        "level": 3,
        "text": "Soroban KHÔNG giúp gì?"
      },
      {
        "type": "list",
        "items": [
          "Đọc hiểu đề toán có lời văn",
          "Giải các bài toán tư duy, logic",
          "Học hình học (đo góc, tính diện tích...)",
          "Trình bày bài làm đúng chuẩn",
          "Nhớ công thức, quy tắc toán trường dạy"
        ]
      },
      {
        "type": "paragraph",
        "text": "Vấn đề là: bài kiểm tra toán ở trường không chỉ có tính toán. Nó còn có đọc hiểu, hình học, trình bày – những thứ Soroban không dạy."
      },
      {
        "type": "heading",
        "level": 2,
        "text": "Mình phân tích bài kiểm tra của con"
      },
      {
        "type": "paragraph",
        "text": "Sau khi bình tĩnh lại, mình ngồi xem kỹ bài kiểm tra 7 điểm của con. Đây là những gì mình thấy:"
      },
      {
        "type": "heading",
        "level": 3,
        "text": "Phần tính toán (30 điểm): Con được 30/30"
      },
      {
        "type": "paragraph",
        "text": "Các phép cộng, trừ, nhân, chia – con làm đúng hết, không sai phép tính nào. Đây là thành quả của Soroban!"
      },
      {
        "type": "heading",
        "level": 3,
        "text": "Phần toán có lời (40 điểm): Con được 20/40"
      },
      {
        "type": "paragraph",
        "text": "Con sai vì không hiểu đề bài hỏi gì. Có bài con cộng thay vì trừ, vì không đọc kỹ từ khóa. Lỗi không phải ở tính toán, mà ở đọc hiểu."
      },
      {
        "type": "heading",
        "level": 3,
        "text": "Phần hình học (20 điểm): Con được 10/20"
      },
      {
        "type": "paragraph",
        "text": "Con không nhớ công thức tính diện tích, chu vi. Đây là kiến thức trường dạy, Soroban không liên quan."
      },
      {
        "type": "heading",
        "level": 3,
        "text": "Phần trình bày (10 điểm): Con được 10/10"
      },
      {
        "type": "paragraph",
        "text": "Con trình bày đẹp, đủ bước. Không mất điểm phần này."
      },
      {
        "type": "callout",
        "style": "tip",
        "text": "Bài học: Đừng chỉ nhìn điểm tổng. Hãy phân tích xem con sai ở đâu. Nếu sai ở phần tính toán – Soroban chưa đủ. Nếu sai ở phần khác – cần bổ sung kỹ năng khác."
      },
      {
        "type": "heading",
        "level": 2,
        "text": "Soroban giúp gì thật sự? – Nhìn đúng giá trị"
      },
      {
        "type": "paragraph",
        "text": "Sau khi phân tích, mình nhận ra Soroban ĐANG giúp con – chỉ là ở phần khác với những gì mình kỳ vọng."
      },
      {
        "type": "list",
        "items": [
          "**Tính nhẩm nhanh và chính xác**: Con không còn sai phép tính đơn giản, tiết kiệm thời gian",
          "**Tự tin hơn với số**: Con không còn sợ con số lớn, dám làm bài nhanh",
          "**Tập trung tốt hơn**: Việc di chuyển hạt đòi hỏi chú ý, giúp con bớt xao nhãng",
          "**Nền tảng vững**: Khi toán khó hơn ở cấp 2, kỹ năng tính nhanh sẽ rất hữu ích",
          "**Giảm lo lắng**: Con biết mình tính đúng, bớt lo khi làm bài"
        ]
      },
      {
        "type": "heading",
        "level": 2,
        "text": "Mình đã làm gì để cải thiện điểm?"
      },
      {
        "type": "paragraph",
        "text": "Mình quyết định: tiếp tục cho con học Soroban (vì nó đang giúp phần tính toán), đồng thời bổ sung những kỹ năng còn thiếu."
      },
      {
        "type": "heading",
        "level": 3,
        "text": "1. Luyện đọc hiểu đề (10 phút/ngày)"
      },
      {
        "type": "list",
        "items": [
          "Đọc đề chậm, gạch chân các con số",
          "Khoanh tròn câu hỏi: \"Hỏi gì?\"",
          "Tìm từ khóa: \"cho thêm\" = cộng, \"bớt đi\" = trừ",
          "Viết ra phép tính trước khi làm"
        ]
      },
      {
        "type": "heading",
        "level": 3,
        "text": "2. Ôn kiến thức trường (15 phút/ngày)"
      },
      {
        "type": "list",
        "items": [
          "Ôn công thức hình học: chu vi, diện tích",
          "Làm lại bài cô giao",
          "Xem lại bài kiểm tra cũ, sửa lỗi sai"
        ]
      },
      {
        "type": "heading",
        "level": 3,
        "text": "3. Luyện trình bày (5 phút/ngày)"
      },
      {
        "type": "list",
        "items": [
          "Viết đủ bước: Tóm tắt, bài giải, đáp số",
          "Ghi đơn vị đầy đủ",
          "Trình bày sạch sẽ, rõ ràng"
        ]
      },
      {
        "type": "heading",
        "level": 2,
        "text": "Kết quả sau 6 tháng kiên trì"
      },
      {
        "type": "paragraph",
        "text": "Mình không kỳ vọng thay đổi ngay. Nhưng sau 6 tháng kết hợp Soroban + ôn kiến thức trường, kết quả đến:"
      },
      {
        "type": "list",
        "items": [
          "**Điểm toán**: Từ 7-8 lên 8-9 điểm",
          "**Phần tính toán**: Vẫn đúng 100%",
          "**Phần đọc hiểu**: Cải thiện rõ, ít sai hơn",
          "**Phần hình học**: Nhớ công thức tốt hơn",
          "**Thái độ**: Con tự tin, không còn sợ toán"
        ]
      },
      {
        "type": "paragraph",
        "text": "Quan trọng hơn điểm số: con không còn sợ toán. Con biết phần tính toán mình chắc chắn đúng – và điều đó tạo nền tảng tự tin để giải quyết các phần khác."
      },
      {
        "type": "callout",
        "style": "reassurance",
        "text": "Soroban không phải \"thuốc tiên\" cho điểm toán. Nhưng nó là một phần quan trọng – phần nền tảng. Có nền tảng tốt, con sẽ tiến bộ dần dần khi kết hợp với các kỹ năng khác."
      },
      {
        "type": "heading",
        "level": 2,
        "text": "Bao lâu thì thấy kết quả từ Soroban?"
      },
      {
        "type": "paragraph",
        "text": "Đây là câu hỏi nhiều phụ huynh thắc mắc. Dựa trên kinh nghiệm của mình và trao đổi với các phụ huynh khác:"
      },
      {
        "type": "list",
        "items": [
          "**1-3 tháng**: Con bắt đầu quen với bàn tính, tính được phép đơn giản",
          "**3-6 tháng**: Tính nhẩm 2 chữ số được, bắt đầu nhanh hơn",
          "**6-12 tháng**: Tính nhẩm thành thạo, tự tin với số",
          "**1 năm trở lên**: Kỹ năng ổn định, có thể tính các phép phức tạp"
        ]
      },
      {
        "type": "paragraph",
        "text": "Lưu ý: Điểm tổng thể có thể lâu hơn vì còn phụ thuộc nhiều yếu tố khác (đọc hiểu, hình học...). Đừng chỉ nhìn điểm, hãy nhìn sự tiến bộ ở từng kỹ năng."
      },
      {
        "type": "heading",
        "level": 2,
        "text": "Lời khuyên cho phụ huynh đang thất vọng"
      },
      {
        "type": "paragraph",
        "text": "Nếu bạn đang ở vị trí giống mình 6 tháng trước – thất vọng vì con học Soroban mà điểm không tăng – đây là lời khuyên:"
      },
      {
        "type": "list",
        "items": [
          "**Đặt kỳ vọng đúng**: Soroban giúp tính nhẩm, không giải quyết mọi vấn đề toán",
          "**Kiên nhẫn**: Cần ít nhất 6 tháng để thấy kết quả toàn diện",
          "**Phân tích bài kiểm tra**: Xem con sai phần nào để bổ sung đúng chỗ",
          "**Kết hợp nhiều nguồn**: Soroban + ôn tập trường + đọc hiểu đề",
          "**Đừng bỏ cuộc sớm**: Soroban đang giúp con, chỉ là ở phần bạn chưa nhận ra"
        ]
      },
      {
        "type": "heading",
        "level": 2,
        "text": "Kết luận: Soroban là nền tảng, không phải giải pháp toàn diện"
      },
      {
        "type": "paragraph",
        "text": "Mình từng muốn bỏ cuộc vì nghĩ Soroban không hiệu quả. Bây giờ mình hiểu: Soroban rất hiệu quả – trong phạm vi của nó. Nó không phải \"thuốc tiên\" cho điểm toán, nhưng nó là viên gạch quan trọng trong nền tảng toán học của con."
      },
      {
        "type": "paragraph",
        "text": "Nếu con bạn đang học Soroban mà điểm chưa tăng – đừng vội bỏ. Hãy phân tích, bổ sung những kỹ năng còn thiếu, và kiên nhẫn. Kết quả sẽ đến."
      }
    ]
  },
  "faq": [
    {
      "question": "Học Soroban bao lâu thì điểm toán tăng?",
      "answer": "Tùy từng trẻ và loại bài kiểm tra. Thường sau 3-6 tháng thấy cải thiện ở phần tính toán. Điểm tổng thể có thể lâu hơn vì còn phụ thuộc nhiều yếu tố khác."
    },
    {
      "question": "Soroban có giúp toán có lời không?",
      "answer": "Soroban giúp phần tính – phần xử lý con số. Nhưng để giải toán có lời, con cần hiểu đề và biết cách lập phép tính. Đó là kỹ năng khác."
    },
    {
      "question": "Nên học Soroban hay ôn bài ở trường?",
      "answer": "Nên cả hai. Soroban xây nền tảng tính nhẩm. Ôn bài trường giúp theo kịp chương trình. Hai cái bổ sung cho nhau, không loại trừ nhau."
    },
    {
      "question": "Tại sao con học Soroban nhưng vẫn sai bài kiểm tra?",
      "answer": "Bài kiểm tra toán gồm nhiều phần: tính toán, đọc hiểu đề, hình học, trình bày. Soroban chỉ giúp phần tính toán. Cần bổ sung các kỹ năng khác."
    },
    {
      "question": "Con tính nhẩm nhanh nhưng điểm vẫn thấp, có bình thường không?",
      "answer": "Bình thường. Điểm toán không chỉ từ tính toán. Con có thể sai vì không hiểu đề, không nhớ công thức, hoặc trình bày sai. Cần phân tích bài của con để biết sai ở đâu."
    },
    {
      "question": "Soroban có giúp hình học không?",
      "answer": "Không trực tiếp. Soroban tập trung vào cộng trừ nhân chia. Hình học cần học riêng qua bài tập trường hoặc tài liệu khác."
    },
    {
      "question": "Nên đặt kỳ vọng gì khi cho con học Soroban?",
      "answer": "Kỳ vọng con tính nhẩm nhanh hơn, tự tin hơn với số, tập trung tốt hơn. Đừng kỳ vọng điểm 10 ngay sau 3 tháng."
    },
    {
      "question": "Có nên bỏ Soroban nếu điểm không tăng?",
      "answer": "Chưa nên. Hãy phân tích xem con sai ở phần nào. Nếu phần tính toán con làm đúng, Soroban vẫn đang hiệu quả. Cần bổ sung kỹ năng khác."
    },
    {
      "question": "Bao lâu thì thấy con tự tin hơn với toán?",
      "answer": "Thường sau 2-3 tháng học Soroban đều đặn, con sẽ tự tin hơn khi làm phép tính. Tự tin tổng thể với toán có thể cần 6 tháng đến 1 năm."
    },
    {
      "question": "Có nên học Soroban song song với lớp toán tư duy?",
      "answer": "Có thể. Soroban rèn tính nhẩm, toán tư duy rèn logic. Hai cái bổ sung nhau nếu con có đủ thời gian và không quá tải."
    }
  ],
  "cta": {
    "text": "Soroban là một phần trong hành trình giúp con giỏi toán. Thử cho con học với Sorokid – miễn phí.",
    "buttonText": "Bắt đầu miễn phí",
    "buttonLink": "/register"
  },
  "seo": {
    "title": "Con học Soroban 3 tháng mà điểm vẫn thế – mình từng muốn bỏ cuộc",
    "description": "Mình thất vọng lắm. Học tốn tiền tốn công mà kết quả không thấy đâu. Cho đến khi mình hiểu ra điều này.",
    "keywords": "học soroban có giúp gì không, con học soroban không tiến bộ, soroban có hiệu quả không, điểm toán vẫn thấp"
  },
  "schema": {
    "type": "Article",
    "datePublished": "2026-01-18",
    "author": "Chị Yến Nhi"
  },
  "author": {
    "name": "Chị Yến Nhi",
    "bio": "Mẹ của bé gái 9 tuổi tại Đà Nẵng, từng thất vọng với soroban nhưng sau 6 tháng đã thấy con tiến bộ rõ rệt"
  }
}