{
  "slug": "con-hoc-toan-tot-nhung-giai-toan-do-cham",
  "title": "Con tính toán nhanh nhưng giải toán đố chậm – vấn đề ở đâu?",
  "description": "Con mình tính nhẩm giỏi lắm. Nhưng gặp bài toán đố là chịu. Mình tìm hiểu mới biết tại sao.",
  "category": "con-gap-kho-khan-hoc-toan",
  "keywords": [
    "giải toán đố",
    "tính toán giỏi nhưng giải đề kém",
    "phân tích đề toán",
    "con tính nhanh nhưng không hiểu đề",
    "kỹ năng đọc hiểu toán",
    "từ khóa toán đố",
    "dạy con giải toán đố",
    "soroban và toán đố",
    "cách phân tích đề toán",
    "vẽ hình giải toán",
    "tính nhẩm giỏi nhưng giải toán chậm",
    "kết hợp tính toán và đọc hiểu"
  ],
  "status": "published",
  "publishedAt": "2026-01-21T10:36:00.000Z",
  "createdAt": "2025-12-25",
  "image": "/blog/be-giai-toan-do.jpg",
  "imageAlt": "Bé châu Á đang đọc đề toán với vẻ suy nghĩ",
  "readingTime": 12,
  "categoryOrder": 2,
  "order": 16,
  "translations": {
    "en": "con-tnh-ton-nhanh-nhng-gii-ton-chm-vn-u"
  },
  "content": {
    "intro": "Con mình học Soroban, tính nhẩm 47 + 38 trong đầu được. Nhưng đề bài: \"An có 47 viên bi, Bình cho thêm 38 viên. Hỏi An có bao nhiêu viên bi?\" – Con... không biết làm. Mình ngỡ ngàng. Rồi mình nhận ra: tính toán và giải toán đố là HAI KỸ NĂNG HOÀN TOÀN KHÁC NHAU.",
    "sections": [
      {
        "type": "heading",
        "level": 2,
        "text": "Cú sốc của mình"
      },
      {
        "type": "paragraph",
        "text": "\"47 + 38 con làm được mà?\" – Mình hỏi. Con nói: \"Nhưng con không biết phải cộng!\""
      },
      {
        "type": "paragraph",
        "text": "Mình sốc. Con mình tính 47 + 38 = 85 trong 3 giây. Nhưng đọc đề \"An có 47 viên bi, Bình cho thêm 38 viên\" thì con không biết đây là phép cộng."
      },
      {
        "type": "paragraph",
        "text": "Mình từng nghĩ: con tính nhanh = con giỏi toán. SAI. Đây là hai kỹ năng khác nhau."
      },
      {
        "type": "callout",
        "style": "empathy",
        "text": "Nếu con bạn cũng tính nhanh nhưng làm toán đố chậm – đừng lo. Đây không phải vấn đề về trí tuệ. Chỉ là con cần rèn thêm kỹ năng khác."
      },
      {
        "type": "heading",
        "level": 2,
        "text": "Phân biệt: Tính toán vs Giải toán đố"
      },
      {
        "type": "heading",
        "level": 3,
        "text": "Kỹ năng tính toán (Calculation)"
      },
      {
        "type": "list",
        "items": [
          "Nhìn phép tính: 47 + 38",
          "Biết cách làm: Cộng hàng đơn vị, cộng hàng chục, nhớ số",
          "Thực hiện nhanh và chính xác",
          "**Soroban/Sorokid rèn kỹ năng này rất tốt**"
        ]
      },
      {
        "type": "heading",
        "level": 3,
        "text": "Kỹ năng giải toán đố (Problem Solving)"
      },
      {
        "type": "list",
        "items": [
          "Đọc đề: \"An có 47 viên bi, Bình cho thêm 38 viên...\"",
          "Hiểu đề: Có gì? Thêm gì? Hỏi gì?",
          "Chọn phép tính: \"Cho thêm\" nghĩa là cộng",
          "Viết phép tính: 47 + 38",
          "Thực hiện: 47 + 38 = 85",
          "Trả lời: An có 85 viên bi"
        ]
      },
      {
        "type": "paragraph",
        "text": "Con mình giỏi bước 5 (thực hiện) nhưng yếu bước 1-4 (đọc hiểu và chọn phép tính). Đó là lý do con tính nhanh nhưng giải toán đố chậm."
      },
      {
        "type": "heading",
        "level": 2,
        "text": "Tại sao nhiều trẻ học Soroban gặp vấn đề này?"
      },
      {
        "type": "paragraph",
        "text": "Không phải lỗi của Soroban. Soroban được thiết kế để rèn tính toán – và nó làm điều đó rất tốt."
      },
      {
        "type": "paragraph",
        "text": "Vấn đề là: nhiều phụ huynh (bao gồm mình) nghĩ \"con tính nhanh = con giỏi toán\". Nên không rèn thêm kỹ năng đọc hiểu đề."
      },
      {
        "type": "list",
        "items": [
          "**Soroban luyện não tính toán**: Não quen xử lý số, phép tính",
          "**Toán đố cần não ngôn ngữ**: Đọc chữ, hiểu nghĩa, chuyển thành phép tính",
          "**Hai vùng não khác nhau**: Cần rèn riêng từng kỹ năng"
        ]
      },
      {
        "type": "heading",
        "level": 2,
        "text": "5 bước mình giúp con cải thiện"
      },
      {
        "type": "heading",
        "level": 3,
        "text": "Bước 1: Dạy con \"từ khóa\" trong đề toán"
      },
      {
        "type": "paragraph",
        "text": "Mình làm bảng từ khóa dán trên tường:"
      },
      {
        "type": "list",
        "items": [
          "**Cộng**: \"thêm\", \"cho thêm\", \"tăng\", \"nhiều hơn\", \"tổng cộng\"",
          "**Trừ**: \"bớt\", \"cho đi\", \"giảm\", \"ít hơn\", \"còn lại\"",
          "**Nhân**: \"mỗi\", \"gấp\", \"tất cả\", \"nhóm\"",
          "**Chia**: \"chia đều\", \"mỗi phần\", \"chia cho\""
        ]
      },
      {
        "type": "paragraph",
        "text": "Con đọc đề → tìm từ khóa → biết phép tính. Đơn giản nhưng hiệu quả."
      },
      {
        "type": "heading",
        "level": 3,
        "text": "Bước 2: Vẽ hình trực quan"
      },
      {
        "type": "paragraph",
        "text": "\"An có 47 viên bi\" → Con vẽ 1 túi ghi số 47"
      },
      {
        "type": "paragraph",
        "text": "\"Bình cho thêm 38 viên\" → Con vẽ mũi tên, thêm túi ghi 38"
      },
      {
        "type": "paragraph",
        "text": "Nhìn hình, con thấy ngay: 2 túi gộp lại → cộng."
      },
      {
        "type": "heading",
        "level": 3,
        "text": "Bước 3: Đọc đề 3 lần"
      },
      {
        "type": "list",
        "items": [
          "**Lần 1**: Đọc để biết đề nói về gì (bi, bạn, cho nhau)",
          "**Lần 2**: Đọc để tìm số (47, 38)",
          "**Lần 3**: Đọc để tìm câu hỏi (Hỏi An có bao nhiêu viên bi?)"
        ]
      },
      {
        "type": "paragraph",
        "text": "Con từng đọc 1 lần rồi làm. Sai. Giờ đọc 3 lần, tỉ lệ đúng tăng hẳn."
      },
      {
        "type": "heading",
        "level": 3,
        "text": "Bước 4: Gạch chân, khoanh tròn"
      },
      {
        "type": "paragraph",
        "text": "Mình dạy con: Gạch chân số. Khoanh tròn từ khóa. Đánh dấu câu hỏi bằng dấu ?"
      },
      {
        "type": "paragraph",
        "text": "Khi tay làm việc, não cũng hoạt động tích cực hơn. Con tập trung hơn khi đọc đề."
      },
      {
        "type": "heading",
        "level": 3,
        "text": "Bước 5: Kiểm tra ngược"
      },
      {
        "type": "paragraph",
        "text": "Sau khi có đáp án, mình hỏi con: \"An có 85 viên bi. Trước đó An có 47. 85 - 47 = 38. Bình cho 38 viên. Đúng chưa?\""
      },
      {
        "type": "paragraph",
        "text": "Cách này giúp con kiểm tra xem mình có hiểu đúng đề không."
      },
      {
        "type": "callout",
        "style": "reassurance",
        "text": "Mình dành 10 phút mỗi tối làm 2-3 bài toán đố cùng con. Không nhiều, nhưng đều đặn. Sau 2 tháng thấy tiến bộ rõ."
      },
      {
        "type": "heading",
        "level": 2,
        "text": "Lịch học kết hợp của con mình"
      },
      {
        "type": "list",
        "items": [
          "**Sáng (trước khi đi học)**: 10 phút Sorokid – rèn tính toán",
          "**Tối (sau bữa ăn)**: 10 phút toán đố – rèn đọc hiểu",
          "**Cuối tuần**: 20 phút làm đề tổng hợp"
        ]
      },
      {
        "type": "paragraph",
        "text": "Tổng cộng mỗi ngày khoảng 20 phút. Không quá nhiều, con không mệt."
      },
      {
        "type": "heading",
        "level": 2,
        "text": "Kết quả sau 3 tháng"
      },
      {
        "type": "list",
        "items": [
          "**Tính toán**: Vẫn nhanh – Sorokid duy trì tốt",
          "**Toán đố**: Từ sai 5-6/10 bài → chỉ còn sai 1-2/10 bài",
          "**Điểm kiểm tra**: Từ 7-8 → 9-10",
          "**Tự tin**: Con không còn sợ bài toán đố dài"
        ]
      },
      {
        "type": "heading",
        "level": 2,
        "text": "Lời khuyên cho phụ huynh"
      },
      {
        "type": "paragraph",
        "text": "Nếu con bạn tính nhanh nhưng giải toán đố chậm, đây là điều cần nhớ:"
      },
      {
        "type": "list",
        "items": [
          "**Đừng lo Soroban \"vô dụng\"**: Con vẫn cần tính nhanh. Soroban không sai, chỉ cần bổ sung thêm",
          "**Rèn đọc hiểu riêng**: Không phải tự nhiên con biết. Cần dạy",
          "**Kiên nhẫn**: Kỹ năng đọc hiểu mất thời gian. 2-3 tháng mới thấy kết quả",
          "**Đều đặn quan trọng hơn nhiều**: 10 phút/ngày tốt hơn 1 tiếng cuối tuần"
        ]
      },
      {
        "type": "heading",
        "level": 2,
        "text": "Kết luận: Hai kỹ năng, một mục tiêu"
      },
      {
        "type": "paragraph",
        "text": "Tính toán và giải toán đố là hai kỹ năng khác nhau. Con cần CẢ HAI để giỏi toán."
      },
      {
        "type": "paragraph",
        "text": "Sorokid giúp con tính nhanh. Ba mẹ (hoặc thầy cô) giúp con đọc hiểu đề. Kết hợp cả hai, con sẽ tự tin với mọi bài toán."
      },
      {
        "type": "callout",
        "style": "reassurance",
        "text": "Tính nhanh là nền tảng. Đọc hiểu đề là chìa khóa. Có cả hai, con bạn sẽ thực sự giỏi toán."
      }
    ]
  },
  "faq": [
    {
      "question": "Soroban có dạy giải toán đố không?",
      "answer": "Không trực tiếp. Soroban tập trung vào tính toán. Giải toán đố cần rèn thêm kỹ năng đọc hiểu."
    },
    {
      "question": "Làm sao dạy con hiểu đề?",
      "answer": "Dạy con tìm từ khóa (cho thêm, bớt đi...), vẽ hình minh họa, đọc đề nhiều lần và gạch chân thông tin quan trọng."
    },
    {
      "question": "Từ khóa nào hay gặp trong toán đố?",
      "answer": "\"Cho thêm\" = cộng, \"Bớt đi\" = trừ, \"Chia đều\" = chia, \"Mỗi\" = nhân, \"Gấp mấy lần\" = nhân, \"Hỏi còn lại\" = trừ."
    },
    {
      "question": "Vì sao con tính nhanh nhưng không biết chọn phép tính?",
      "answer": "Vì tính toán và phân tích đề là 2 kỹ năng khác nhau. Con cần rèn riêng kỹ năng đọc hiểu đề."
    },
    {
      "question": "Có nên vẽ hình khi giải toán đố?",
      "answer": "Rất nên. Vẽ hình giúp con \"thấy\" bài toán, dễ hiểu hơn đọc chữ. Nhiều trẻ giải được ngay sau khi vẽ."
    },
    {
      "question": "Luyện toán đố bao nhiêu bài/ngày?",
      "answer": "2-3 bài/ngày là đủ. Quan trọng là con hiểu cách làm, không phải làm nhiều mà không hiểu."
    },
    {
      "question": "Toán đố khó nhất ở đâu?",
      "answer": "Phần đọc hiểu đề và chọn phép tính đúng. Khi đã biết phải cộng hay trừ, việc tính toán thường dễ."
    },
    {
      "question": "Bao giờ con cần học giải toán đố?",
      "answer": "Từ lớp 1-2, toán đố đơn giản. Từ lớp 3 trở lên, toán đố phức tạp hơn. Nên rèn sớm để con quen."
    },
    {
      "question": "Có app nào dạy giải toán đố không?",
      "answer": "Có một số app, nhưng phần lớn cần bố mẹ hướng dẫn thêm. Sorokid giúp phần tính toán, còn đọc hiểu đề cần dạy riêng."
    },
    {
      "question": "Con giỏi tính nhưng điểm vẫn thấp, có nên lo?",
      "answer": "Cần phân tích xem con sai ở đâu. Nếu sai phần đọc hiểu đề, cần bổ sung kỹ năng đó. Con đã có nền tảng tính toán tốt."
    }
  ],
  "cta": {
    "text": "Sorokid giúp con tính toán nhanh – nền tảng cho mọi bài toán.",
    "buttonText": "Xây nền tảng",
    "buttonLink": "/register"
  },
  "seo": {
    "title": "Con tính toán nhanh nhưng giải toán đố chậm – vấn đề ở đâu?",
    "description": "Con mình tính nhẩm giỏi lắm. Nhưng gặp bài toán đố là chịu. Mình tìm hiểu mới biết tại sao.",
    "keywords": "giải toán đố, tính toán giỏi nhưng giải đề kém, phân tích đề toán"
  },
  "schema": {
    "type": "Article",
    "datePublished": "2026-02-20",
    "author": "Chị Thanh Thảo"
  },
  "author": {
    "name": "Chị Thanh Thảo",
    "bio": "Mẹ của bé trai 8 tuổi tại Bình Dương, phát hiện con tính nhẩm giỏi nhưng giải toán đố chậm và tìm ra cách giúp con"
  }
}