{
  "slug": "flashcard-soroban-co-can-thiet-khong",
  "title": "Mình từng mua flashcard Soroban – đây là điều mình học được",
  "description": "Thấy người ta khoe flashcard, mình cũng mua. Dùng xong mới hiểu khi nào cần, khi nào không.",
  "category": "soroban-cho-phu-huynh",
  "keywords": [
    "flashcard soroban",
    "học soroban tại nhà",
    "công cụ học soroban",
    "thẻ học soroban",
    "flashcard bàn tính",
    "ôn tập soroban tại nhà",
    "học soroban qua flashcard",
    "phương pháp học soroban",
    "tài liệu học soroban",
    "cách dùng flashcard soroban",
    "flashcard soroban cho bé",
    "ôn luyện soroban hiệu quả"
  ],
  "status": "published",
  "publishedAt": "2026-01-25T01:13:00.000Z",
  "createdAt": "2025-12-25",
  "image": "/blog/flashcard-soroban.jpg",
  "imageAlt": "Mẹ và con châu Á học với flashcard",
  "readingTime": 12,
  "categoryOrder": 1,
  "order": 27,
  "translations": {
    "en": "are-soroban-flashcards-necessary"
  },
  "content": {
    "intro": "Trong group phụ huynh, mình thấy nhiều người khoe flashcard Soroban. Hình bàn tính một bên, số một bên. Mình cũng đặt mua ngay. 200k cho bộ 100 thẻ. Dùng xong mình có vài suy nghĩ.",
    "sections": [
      {
        "type": "heading",
        "level": 2,
        "text": "Flashcard Soroban là gì?"
      },
      {
        "type": "paragraph",
        "text": "Đơn giản là thẻ có hình bàn tính Soroban một bên, số tương ứng bên kia. Con nhìn hình đoán số, hoặc nhìn số hình dung bàn tính."
      },
      {
        "type": "paragraph",
        "text": "Mục đích là giúp con nhớ hình ảnh bàn tính nhanh hơn."
      },
      {
        "type": "heading",
        "level": 2,
        "text": "Cách mình dùng lúc đầu (sai)"
      },
      {
        "type": "paragraph",
        "text": "Mình giơ flashcard, hỏi con: \"Đây là số mấy?\" Con mình chưa học Soroban, không hiểu gì. Nhìn ngơ ngác."
      },
      {
        "type": "paragraph",
        "text": "Mình cố giải thích: \"Hạt trên là 5, hạt dưới là 1...\" Càng nói con càng rối."
      },
      {
        "type": "callout",
        "style": "empathy",
        "text": "Sai lầm của mình: dùng flashcard khi con chưa biết Soroban là gì. Flashcard là để ôn tập, không phải để dạy mới."
      },
      {
        "type": "heading",
        "level": 2,
        "text": "Sau khi con học Soroban được 2 tháng"
      },
      {
        "type": "paragraph",
        "text": "Mình lôi flashcard ra lần nữa. Lần này khác hẳn. Con nhìn là biết ngay."
      },
      {
        "type": "paragraph",
        "text": "Mình chơi game với con: xếp 5 thẻ, con đoán nhanh nhất có thể. Con thích lắm."
      },
      {
        "type": "heading",
        "level": 2,
        "text": "Khi nào nên dùng flashcard?"
      },
      {
        "type": "paragraph",
        "text": "- **Nên dùng:** Khi con đã biết cơ bản Soroban, cần ôn tập và tăng tốc độ nhận diện.\n- **Không nên:** Khi con chưa học, hoặc mới học được vài buổi."
      },
      {
        "type": "heading",
        "level": 2,
        "text": "Có cần mua không?"
      },
      {
        "type": "paragraph",
        "text": "Thật ra, nếu con học app như Sorokid, app đã có bài tập nhận diện rồi. Flashcard chỉ thêm một cách ôn tập ngoài màn hình."
      },
      {
        "type": "paragraph",
        "text": "Mình thấy flashcard hữu ích khi muốn con nghỉ ngơi khỏi điện thoại mà vẫn ôn được. Hoặc chơi trên xe, lúc chờ đợi."
      },
      {
        "type": "callout",
        "style": "reassurance",
        "text": "Flashcard là công cụ bổ trợ, không phải bắt buộc. Nếu bạn không có, con vẫn học Soroban tốt được."
      }
    ]
  },
  "faq": [
    {
      "question": "Mua flashcard Soroban ở đâu?",
      "answer": "Có thể tìm trên Shopee, Lazada với từ khóa 'flashcard Soroban'. Hoặc tự in từ file PDF miễn phí trên mạng. Giá dao động từ 100k-300k tùy số lượng thẻ và chất lượng in."
    },
    {
      "question": "Flashcard thay thế được app Soroban không?",
      "answer": "Không. Flashcard chỉ giúp nhận diện số, không dạy cách tính. Con cần học qua app hoặc giáo viên trước. Flashcard là công cụ bổ trợ, không phải phương pháp học chính."
    },
    {
      "question": "Con mấy tuổi thì dùng flashcard Soroban?",
      "answer": "Từ 5-6 tuổi trở lên, khi con đã học được số 0-9 trên Soroban. Trước đó, flashcard sẽ quá khó và không phù hợp với nhận thức của bé."
    },
    {
      "question": "Nên mua flashcard bao nhiêu thẻ?",
      "answer": "Bắt đầu với bộ 50 thẻ số 0-49 là đủ cho giai đoạn đầu. Khi con quen rồi có thể mở rộng lên bộ 100 thẻ với số lớn hơn."
    },
    {
      "question": "Có nên tự làm flashcard không?",
      "answer": "Được, nếu bạn có thời gian. Tải hình ảnh Soroban miễn phí, in ra giấy cứng và cắt thành thẻ. Nhược điểm là mất thời gian và có thể không đẹp bằng mua sẵn."
    },
    {
      "question": "Dùng flashcard bao lâu mỗi ngày?",
      "answer": "5-10 phút mỗi ngày là đủ. Chia thành 2-3 đợt ngắn (2-3 phút mỗi đợt) hiệu quả hơn là 1 lần dài. Tránh để con chán vì lặp đi lặp lại."
    },
    {
      "question": "Flashcard có giúp học Anzan không?",
      "answer": "Gián tiếp có. Flashcard giúp con nhớ hình ảnh bàn tính nhanh hơn, đây là tiền đề cho Anzan. Nhưng để học Anzan thực sự, cần phương pháp chuyên biệt hơn."
    },
    {
      "question": "Con không thích flashcard, phải làm sao?",
      "answer": "Đừng ép. Có nhiều cách ôn tập khác: app tương tác, game trên máy tính, hoặc thi đua với anh chị em. Flashcard chỉ là 1 trong nhiều công cụ."
    },
    {
      "question": "Nên chơi flashcard như thế nào cho vui?",
      "answer": "Biến thành game: đố nhanh, ai đoán đúng nhiều hơn, xếp theo thứ tự tăng dần, phân loại số chẵn lẻ. Có phần thưởng nhỏ khi con làm tốt."
    },
    {
      "question": "Flashcard Soroban khác gì flashcard số thông thường?",
      "answer": "Flashcard Soroban có hình bàn tính thay vì chữ số. Mục đích là giúp con liên kết hình ảnh bàn tính với giá trị số, rèn luyện cho kỹ năng tính nhẩm sau này."
    }
  ],
  "cta": {
    "text": "Nếu con bạn chưa biết Soroban, hãy bắt đầu với app trước. Flashcard dùng sau.",
    "buttonText": "Cho con học thử Sorokid",
    "buttonLink": "/register"
  },
  "seo": {
    "title": "Mình từng mua flashcard Soroban – đây là điều mình học được",
    "description": "Thấy người ta khoe flashcard, mình cũng mua. Dùng xong mới hiểu khi nào cần, khi nào không.",
    "keywords": "flashcard soroban, học soroban tại nhà, công cụ học soroban"
  },
  "schema": {
    "type": "Article",
    "datePublished": "2026-02-19",
    "author": "Nguyễn Thu Hà"
  },
  "author": {
    "name": "Minh Anh",
    "bio": "Mẹ của 2 bé, đang đồng hành cùng con học toán tư duy"
  }
}