{
  "slug": "hai-chi-em-hoc-toan-khac-nhau",
  "title": "Hai chị em nhà mình học toán hoàn toàn khác – cùng mẹ mà sao thế?",
  "description": "Chị giỏi toán từ nhỏ. Em sợ toán. Mình phải tìm cách khác nhau cho từng con.",
  "category": "phu-huynh-kem-con-hoc-toan",
  "keywords": [
    "hai con học khác nhau",
    "dạy từng con khác nhau",
    "con này giỏi con kia yếu",
    "mỗi con một cách học",
    "không so sánh hai con",
    "phương pháp riêng cho từng con",
    "hai chị em học toán",
    "công bằng với từng con",
    "con học qua hình ảnh",
    "con học qua nghe giảng",
    "dạy con theo cá nhân",
    "từng con một cách tiếp thu"
  ],
  "status": "published",
  "publishedAt": "2026-01-25T01:43:00.000Z",
  "createdAt": "2025-12-25",
  "image": "/blog/hai-chi-em.jpg",
  "imageAlt": "Hai chị em châu Á đang ngồi học bài",
  "readingTime": 12,
  "categoryOrder": 3,
  "order": 13,
  "translations": {
    "en": "hai-ch-em-nh-mnh-hc-ton-hon-ton-khc-cng-m-m-sao-th"
  },
  "content": {
    "intro": "Chị lớp 3, toán luôn 9-10. Em lớp 1, khóc mỗi khi làm bài. Hai đứa cùng cha mẹ, cùng cách dạy, sao lại khác vậy? Mình từng rất bối rối – và từng làm sai với em. Bài này là bài học mình rút ra từ hai đứa con.",
    "sections": [
      {
        "type": "heading",
        "level": 2,
        "text": "Câu chuyện của gia đình mình"
      },
      {
        "type": "paragraph",
        "text": "Chị lớn – Mình gọi là Bé Lớn – học lớp 3. Toán luôn 9-10. Ngồi yên được 30 phút. Nghe giảng là hiểu. Không cần nhắc nhiều."
      },
      {
        "type": "paragraph",
        "text": "Em nhỏ – Mình gọi là Bé Nhỏ – học lớp 1. Cộng 5 + 3 cũng cần đếm ngón tay. Ngồi 10 phút là đứng dậy. Khóc mỗi khi làm bài toán."
      },
      {
        "type": "paragraph",
        "text": "Hai đứa cùng cha mẹ. Cùng ăn cơm, cùng ngủ, cùng xem TV. Sao lại khác vậy?"
      },
      {
        "type": "callout",
        "style": "empathy",
        "text": "Nếu bạn cũng có 2 con học khác nhau hoàn toàn – mình hiểu sự bối rối đó. Đây là trải nghiệm mình đã qua."
      },
      {
        "type": "heading",
        "level": 2,
        "text": "Sai lầm của mình: Dùng một cách cho cả hai"
      },
      {
        "type": "paragraph",
        "text": "Mình nghĩ: cách dạy Bé Lớn hiệu quả, áp dụng cho Bé Nhỏ cũng được."
      },
      {
        "type": "paragraph",
        "text": "Với Bé Lớn, mình chỉ cần: ngồi cạnh, giảng 1 lần, bé làm bài. Xong."
      },
      {
        "type": "paragraph",
        "text": "Với Bé Nhỏ, mình làm y chang: ngồi cạnh, giảng... Bé không hiểu. Mình giảng lại. Vẫn không. Mình sốt ruột. Bé khóc. Mình stress."
      },
      {
        "type": "paragraph",
        "text": "Mình tự hỏi: \"Tại sao cùng một phương pháp lại không hiệu quả?\"."
      },
      {
        "type": "heading",
        "level": 2,
        "text": "Mình nhận ra: Mỗi con là một cá thể"
      },
      {
        "type": "paragraph",
        "text": "Mình quan sát kỹ hai đứa và nhận ra:"
      },
      {
        "type": "heading",
        "level": 3,
        "text": "Bé Lớn:"
      },
      {
        "type": "list",
        "items": [
          "**Phong cách học**: Nghe – hiểu – làm (auditory learner)",
          "**Tập trung**: Ngồi yên 20-30 phút được",
          "**Tính cách**: Tự giác, thích làm xong sớm để chơi",
          "**Toán**: Thích, thấy dễ, điểm cao → tự tin",
          "**Cần**: Bài tập thử thách hơn, ít cần hỗ trợ"
        ]
      },
      {
        "type": "heading",
        "level": 3,
        "text": "Bé Nhỏ:"
      },
      {
        "type": "list",
        "items": [
          "**Phong cách học**: Nhìn – làm – hiểu (visual/kinesthetic learner)",
          "**Tập trung**: Chỉ 5-10 phút, cần nghỉ giữa chừng",
          "**Tính cách**: Hiếu động, dễ phân tâm, cần nhắc nhiều",
          "**Toán**: Sợ, thấy khó, điểm thấp → mất tự tin",
          "**Cần**: Hình ảnh, vận động, bài ngắn, nhiều khích lệ"
        ]
      },
      {
        "type": "paragraph",
        "text": "Cùng bố mẹ, nhưng hai con HOÀN TOÀN KHÁC NHAU. Gene khác, tính cách khác, não bộ khác."
      },
      {
        "type": "callout",
        "style": "reassurance",
        "text": "Mỗi con cần phương pháp riêng. Không có công thức chung cho tất cả. Điều hiệu quả với con này có thể không hiệu quả với con kia."
      },
      {
        "type": "heading",
        "level": 2,
        "text": "Mình thay đổi cách dạy từng con"
      },
      {
        "type": "heading",
        "level": 3,
        "text": "Với Bé Lớn:"
      },
      {
        "type": "list",
        "items": [
          "Tiếp tục cách cũ: ngồi học 30 phút, đọc sách, làm bài tập",
          "Cho bài thử thách hơn để bé không chán",
          "Ít can thiệp, để bé tự học",
          "Khen nỗ lực, không chỉ khen điểm"
        ]
      },
      {
        "type": "heading",
        "level": 3,
        "text": "Với Bé Nhỏ:"
      },
      {
        "type": "list",
        "items": [
          "Cho học Sorokid: có hình ảnh, animation, game",
          "Rút ngắn thời gian: 10 phút thôi, không ép 30 phút như chị",
          "Chia nhỏ: 5 phút học + 2 phút nghỉ + 5 phút học",
          "Cho đứng học: bé hiếu động, ngồi không yên",
          "Khen nhiều hơn: \"Con giỏi, con làm được rồi!\"",
          "Không so sánh với chị: TUYỆT ĐỐI KHÔNG"
        ]
      },
      {
        "type": "heading",
        "level": 2,
        "text": "Điều quan trọng nhất: Không so sánh"
      },
      {
        "type": "paragraph",
        "text": "Mình tự hứa với bản thân: KHÔNG BAO GIỜ nói \"Sao chị làm được mà em không?\" hay \"Nhìn chị kìa, chị ngồi yên học.\" "
      },
      {
        "type": "paragraph",
        "text": "Tại sao?"
      },
      {
        "type": "list",
        "items": [
          "**Bé Nhỏ sẽ tự ti**: \"Mình dở hơn chị\"",
          "**Gây mâu thuẫn chị em**: Bé Nhỏ ganh tị, Bé Lớn tự cao",
          "**Không công bằng**: Hai đứa khác nhau, so sánh là vô nghĩa",
          "**Phản tác dụng**: Bé Nhỏ càng sợ học, điểm càng thấp"
        ]
      },
      {
        "type": "paragraph",
        "text": "Mỗi con được so sánh với CHÍNH MÌNH ngày hôm qua. Không với ai khác."
      },
      {
        "type": "heading",
        "level": 2,
        "text": "Công bằng không phải dạy giống nhau"
      },
      {
        "type": "paragraph",
        "text": "Mình từng nghĩ: công bằng = đối xử giống nhau. Sai."
      },
      {
        "type": "paragraph",
        "text": "Công bằng thực sự = cho mỗi con NHỮNG GÌ CON CẦN."
      },
      {
        "type": "list",
        "items": [
          "Bé Lớn cần thử thách → mình cho bài khó hơn",
          "Bé Nhỏ cần khích lệ → mình khen nhiều hơn",
          "Bé Lớn thích đọc → mình cho sách",
          "Bé Nhỏ thích game → mình cho app",
          "Hai cách khác nhau, nhưng cùng mục tiêu: mỗi con phát triển tốt nhất theo khả năng"
        ]
      },
      {
        "type": "heading",
        "level": 2,
        "text": "Kết quả sau 6 tháng"
      },
      {
        "type": "heading",
        "level": 3,
        "text": "Bé Lớn:"
      },
      {
        "type": "list",
        "items": [
          "Vẫn điểm cao, tự giác học",
          "Không tự cao vì mình không khen \"giỏi hơn em\"",
          "Đôi khi giúp em học, quan hệ chị em tốt"
        ]
      },
      {
        "type": "heading",
        "level": 3,
        "text": "Bé Nhỏ:"
      },
      {
        "type": "list",
        "items": [
          "Không còn khóc khi làm bài toán",
          "Tiến bộ dần: từ đếm ngón tay → tính nhẩm được 1 chữ số",
          "Tự tin hơn: \"Mẹ ơi, con làm đúng rồi!\"",
          "Điểm từ 5-6 → 7-8. Không cao như chị, nhưng TIẾN BỘ so với chính mình"
        ]
      },
      {
        "type": "paragraph",
        "text": "Quan trọng nhất: cả hai đều vui khi học. Không ai cảm thấy bị so sánh."
      },
      {
        "type": "heading",
        "level": 2,
        "text": "Lời khuyên cho phụ huynh có nhiều con"
      },
      {
        "type": "list",
        "items": [
          "**Quan sát từng con**: Xem con thích học kiểu gì, tập trung được bao lâu",
          "**Tùy chỉnh phương pháp**: Mỗi con một cách, không áp đặt một công thức",
          "**Tuyệt đối không so sánh**: So sánh chỉ làm tổn thương, không giúp gì",
          "**So sánh con với chính mình**: \"Hôm nay con làm tốt hơn hôm qua!\"",
          "**Cho phép khác biệt**: Con này giỏi toán, con kia giỏi vẽ – đều là giỏi",
          "**Dùng công cụ phù hợp**: App cho con hiếu động, sách cho con thích đọc"
        ]
      },
      {
        "type": "heading",
        "level": 2,
        "text": "Kết luận: Công bằng là cho con những gì con cần"
      },
      {
        "type": "paragraph",
        "text": "Mình từng nghĩ dạy giống nhau là công bằng. Mình sai."
      },
      {
        "type": "paragraph",
        "text": "Công bằng thực sự là: hiểu từng con, cho con phương pháp phù hợp, và để con phát triển theo tốc độ riêng."
      },
      {
        "type": "paragraph",
        "text": "Hai chị em nhà mình học toán khác nhau hoàn toàn. Và đó là điều bình thường."
      },
      {
        "type": "callout",
        "style": "reassurance",
        "text": "Mỗi con là một cá thể độc đáo. Công bằng không phải dạy giống nhau, mà là dạy theo cách phù hợp với từng con. Đừng so sánh – hãy giúp mỗi con trở thành phiên bản tốt nhất của chính mình."
      }
    ]
  },
  "faq": [
    {
      "question": "Hai con học khác nhau có bình thường không?",
      "answer": "Hoàn toàn bình thường. Mỗi trẻ có cách tiếp thu riêng, dù cùng cha mẹ, cùng môi trường."
    },
    {
      "question": "Có nên cho hai con học cùng phương pháp không?",
      "answer": "Không nhất thiết. Quan sát từng con để biết con học tốt theo cách nào, rồi điều chỉnh."
    },
    {
      "question": "Làm sao biết con học tốt theo cách nào?",
      "answer": "Quan sát: Con thích nghe giảng hay nhìn hình? Con ngồi yên lâu được hay cần nghỉ giữa chừng? Con thích làm một mình hay có người cạnh?"
    },
    {
      "question": "Có nên so sánh hai con không?",
      "answer": "Không nên. So sánh làm con yếu hơn tự ti, con giỏi hơn kiêu căng. Mỗi con có thế mạnh riêng."
    },
    {
      "question": "Con này giỏi, con kia yếu, có công bằng không?",
      "answer": "Công bằng không phải dạy giống nhau, mà là dạy theo cách phù hợp với từng con."
    },
    {
      "question": "Em hay khóc khi học toán, làm sao?",
      "answer": "Chuyển sang cách học nhẹ nhàng hơn: dùng app có game, học ngắn hơn, khen nhiều hơn. Tạo trải nghiệm tích cực."
    },
    {
      "question": "Chị giỏi hơn có nên dạy em không?",
      "answer": "Có thể nếu cả hai đồng ý và thoải mái. Nhưng không nên ép, có thể gây mâu thuẫn chị em."
    },
    {
      "question": "Cả hai con dùng cùng app có được không?",
      "answer": "Được. App như Sorokid tự điều chỉnh theo tốc độ của từng con. Mỗi con có tài khoản riêng, tiến độ riêng."
    },
    {
      "question": "Làm sao để con yếu không tự ti?",
      "answer": "Khen tiến bộ của con so với chính con hôm qua, không so với chị/em. Mỗi bước nhỏ đều đáng khen."
    },
    {
      "question": "Có phải do gene nên một con giỏi một con yếu?",
      "answer": "Không hoàn toàn. Gene ảnh hưởng một phần, nhưng cách học, thái độ, môi trường quan trọng hơn nhiều."
    }
  ],
  "cta": {
    "text": "Sorokid tự điều chỉnh theo tốc độ của từng con.",
    "buttonText": "Cho con thử",
    "buttonLink": "/register"
  },
  "seo": {
    "title": "Hai chị em nhà mình học toán hoàn toàn khác – cùng mẹ mà sao thế?",
    "description": "Chị giỏi toán từ nhỏ. Em sợ toán. Mình phải tìm cách khác nhau cho từng con.",
    "keywords": "hai con học khác nhau, dạy từng con khác nhau, con này giỏi con kia yếu"
  },
  "schema": {
    "type": "Article",
    "datePublished": "2026-02-02",
    "author": "Chị Hạnh Nguyên"
  },
  "author": {
    "name": "Chị Hạnh Nguyên",
    "bio": "Mẹ của 2 bé gái (8 và 6 tuổi) tại Đà Nẵng, học cách dạy từng con theo phương pháp riêng"
  }
}