{
  "slug": "hoc-soroban-online-co-phu-hop-cho-phu-huynh-ban-ron",
  "title": "Mình đi làm cả ngày – làm sao kèm con học Soroban?",
  "description": "Mình từng nghĩ học Soroban phải có người ngồi kèm. Hóa ra con có thể tự học online – và mình theo dõi từ xa.",
  "category": "soroban-cho-phu-huynh",
  "keywords": [
    "học soroban online",
    "soroban cho phụ huynh bận",
    "học soroban tại nhà",
    "app học soroban cho bé",
    "con tự học soroban",
    "phụ huynh bận rộn dạy con",
    "soroban không cần đưa đón",
    "theo dõi con học từ xa",
    "linh hoạt thời gian học",
    "học soroban tiết kiệm",
    "không cần biết soroban vẫn dạy con",
    "con tự giác học"
  ],
  "status": "published",
  "publishedAt": "2026-01-02T09:38:01.143Z",
  "createdAt": "2025-12-25",
  "image": "/blog/hoc-soroban-online-tai-nha.jpg",
  "imageAlt": "Trẻ học Soroban online tại nhà cho phụ huynh bận rộn",
  "readingTime": 5,
  "categoryOrder": 1,
  "order": 21,
  "translations": {
    "en": "soroban-online-for-busy-parents"
  },
  "content": {
    "intro": "Khi nghe nói về Soroban, mình nghĩ: \"Hay đấy, nhưng làm sao? Mình đi làm cả ngày, ai ngồi kèm con?\" Hóa ra có cách khác.",
    "sections": [
      {
        "type": "heading",
        "level": 2,
        "text": "Vấn đề của mình"
      },
      {
        "type": "paragraph",
        "text": "Mình đọc về Soroban – nghe nói giúp trẻ tính nhẩm tốt, rèn tập trung. Mình muốn cho con học. Nhưng:"
      },
      {
        "type": "list",
        "items": [
          "Không có thời gian đưa con đi trung tâm",
          "Cuối tuần thì muốn dành cho gia đình, không phải chạy đi học thêm",
          "Mình không biết Soroban nên không tự dạy được",
          "Thuê gia sư riêng thì... đắt"
        ]
      },
      {
        "type": "paragraph",
        "text": "Mình tưởng phải bỏ ý tưởng này. Cho đến khi biết có app học Soroban online."
      },
      {
        "type": "heading",
        "level": 2,
        "text": "Thử học online xem sao"
      },
      {
        "type": "paragraph",
        "text": "Mình cho con thử bản miễn phí. Điều bất ngờ: con tự học được."
      },
      {
        "type": "paragraph",
        "text": "App hướng dẫn từng bước. Bài này là gì, di chuyển hạt nào, kết quả ra sao. Con không cần mình ngồi cạnh. Mình chỉ cần pha ly trà, ngồi xa xa quan sát."
      },
      {
        "type": "paragraph",
        "text": "Sau vài ngày, mình không cần ngồi cạnh nữa. Con tự mở app, tự học 15-20 phút. Mình đi nấu cơm, làm việc nhà – thỉnh thoảng ghé qua xem con đang làm gì."
      },
      {
        "type": "heading",
        "level": 2,
        "text": "Cái mình thích nhất"
      },
      {
        "type": "list",
        "items": [
          "**Linh hoạt:** Con học lúc nào cũng được – sáng sớm, sau cơm, trước khi ngủ",
          "**Không phải biết Soroban:** App dạy, mình không cần biết",
          "**Theo dõi từ xa:** Mình xem tiến độ trên app, biết con học đến đâu",
          "**Rẻ hơn nhiều:** So với gia sư hay trung tâm",
          "**Con tự học được:** Không ai ép, con tự muốn \"lên cấp\""
        ]
      },
      {
        "type": "heading",
        "level": 2,
        "text": "Cũng có lúc khó khăn"
      },
      {
        "type": "paragraph",
        "text": "Không phải lúc nào cũng suôn sẻ:"
      },
      {
        "type": "list",
        "items": [
          "**Tuần đầu phải ngồi cùng:** Để con quen với app, tạo thói quen",
          "**Có hôm con lười:** Không muốn học. Mình không ép – nghỉ hôm đó, mai học lại",
          "**Cần kiểm soát thời gian màn hình:** Học xong là tắt, không để con ngồi máy cả ngày",
          "**Không có ai \"nói chuyện\":** Một số trẻ thích có người dạy thật hơn"
        ]
      },
      {
        "type": "callout",
        "style": "empathy",
        "text": "Nếu bạn đang cảm thấy tội lỗi vì bận rộn không kèm con được – mình hiểu. Mình cũng vậy. Nhưng tìm được công cụ phù hợp cũng là một cách lo cho con."
      },
      {
        "type": "heading",
        "level": 2,
        "text": "Bây giờ thế nào?"
      },
      {
        "type": "paragraph",
        "text": "Con học Sorokid khoảng 3 tháng rồi. Mình thấy:"
      },
      {
        "type": "list",
        "items": [
          "Con tính nhẩm nhanh hơn",
          "Con tự giác học mà không cần ai nhắc",
          "Mình không phải căng thẳng vì chuyện kèm con",
          "Buổi tối nhẹ nhàng hơn"
        ]
      },
      {
        "type": "paragraph",
        "text": "Mình không nói đây là phương pháp hoàn hảo. Nhưng với hoàn cảnh của mình – đi làm cả ngày, không biết Soroban, không có thời gian đưa đi học thêm – thì đây là cách phù hợp nhất."
      },
      {
        "type": "heading",
        "level": 2,
        "text": "Nếu bạn cũng bận"
      },
      {
        "type": "paragraph",
        "text": "Mình không khuyên bạn phải làm giống mình. Mỗi gia đình khác nhau. Nhưng nếu bạn cũng đang vật lộn với việc kèm con học vì bận rộn, thì biết đâu học online là một lựa chọn đáng thử."
      },
      {
        "type": "callout",
        "style": "reassurance",
        "text": "Phụ huynh tốt không phải là người ngồi kèm con nhiều nhất. Mà là người tìm được cách phù hợp nhất cho con – và cho cả gia đình."
      }
    ]
  },
  "faq": [
    {
      "question": "Con chưa biết gì về Soroban, có học được không?",
      "answer": "Được. App dạy từ đầu, từ cách nhận biết số trên bàn tính. Con không cần biết gì trước."
    },
    {
      "question": "Học online có hiệu quả bằng học với giáo viên không?",
      "answer": "Tùy con. Một số trẻ học online tốt hơn vì được học theo tốc độ riêng. Một số trẻ cần người dạy thật. Thử để biết con phù hợp với cách nào."
    },
    {
      "question": "Bao nhiêu phút mỗi ngày là đủ?",
      "answer": "15-20 phút là phù hợp với trẻ tiểu học. Ngắn nhưng đều đặn tốt hơn dài nhưng không thường xuyên."
    },
    {
      "question": "Làm sao để con tự giác học?",
      "answer": "Tuần đầu ngồi cùng con để tạo thói quen. Học cùng giờ mỗi ngày. Sau 2-3 tuần, thói quen hình thành và con tự giác hơn."
    }
  ],
  "cta": {
    "text": "Nếu bạn cũng bận và muốn con tự học được, thử Sorokid xem. Có bản dùng thử miễn phí.",
    "buttonText": "Thử xem",
    "buttonLink": "/register"
  },
  "seo": {
    "title": "Mình đi làm cả ngày – làm sao kèm con học Soroban?",
    "description": "Mình từng nghĩ học Soroban phải có người ngồi kèm. Hóa ra con có thể tự học online – và mình theo dõi từ xa.",
    "keywords": "học soroban online, soroban cho phụ huynh bận, học soroban tại nhà"
  },
  "schema": {
    "type": "Article",
    "datePublished": "2026-01-02",
    "author": "Chị Kim Oanh"
  },
  "author": {
    "name": "Chị Kim Oanh",
    "bio": "Mẹ của bé gái lớp 1, nhân viên văn phòng bận rộn đã tìm được cách cho con học Soroban mà không cần nghỉ làm"
  }
}