{
  "slug": "khong-co-thoi-gian-kem-con-hoc",
  "title": "Đi làm về 7h tối – mình không có sức kèm con học nữa",
  "description": "Về đến nhà đã mệt nhoài. Ăn xong muốn ngủ. Kèm con học là cực hình. Đây là cách mình giải quyết vấn đề này mà con vẫn học tốt, mẹ bớt stress.",
  "category": "phu-huynh-kem-con-hoc-toan",
  "keywords": [
    "bận không kèm con được",
    "phụ huynh đi làm bận rộn",
    "con tự học toán",
    "mẹ đi làm không có thời gian",
    "cách cho con tự học ở nhà",
    "phụ huynh working mom",
    "kèm con học khi mệt",
    "con tự giác học toán",
    "app học toán cho con tự học",
    "phụ huynh bận lo cho con học",
    "stress khi kèm con học",
    "cân bằng công việc và con cái"
  ],
  "status": "published",
  "publishedAt": "2025-12-31T03:11:58.886Z",
  "createdAt": "2025-12-25",
  "image": "/blog/me-di-lam-met.jpg",
  "imageAlt": "Mẹ châu Á mệt mỏi sau giờ làm, nhìn con đang ngồi học một mình",
  "readingTime": 13,
  "categoryOrder": 3,
  "order": 9,
  "translations": {
    "en": "no-time-to-help-kids-with-math"
  },
  "content": {
    "intro": "8 giờ ở công ty. 1 giờ đi về. Về đến nhà 7h tối. Còn nấu cơm, dọn dẹp, tắm rửa. 9h tối muốn chết. Mà còn phải kèm con học. Mình từng cảm thấy mình là bà mẹ tệ. Mình từng nghĩ: tại sao mẹ khác ngồi kèm con được mà mình thì không? Cho đến khi mình nhận ra: không phải mình tệ, mình chỉ cần tìm CÁCH KHÁC.",
    "sections": [
      {
        "type": "heading",
        "level": 2,
        "text": "Cảm giác tội lỗi ăn mòn mình"
      },
      {
        "type": "paragraph",
        "text": "Thấy các mẹ khác ngồi kèm con đến 10h đêm, mình thấy mình kém. \"Sao mình không cố được?\" Mình từng ép mình ngồi kèm con dù mệt lả. Và kết quả?"
      },
      {
        "type": "paragraph",
        "text": "Mình cáu gắt. Con sợ. Học không vào đầu. Buổi học kết thúc bằng nước mắt – của con và cả của mình."
      },
      {
        "type": "paragraph",
        "text": "Mình nhớ có tối, con hỏi bài, mình giải thích 3 lần con vẫn không hiểu. Mình hét lên: \"Sao đơn giản thế mà con không hiểu?\" Con khóc, chạy vào phòng. Mình ngồi một mình, tự ghét mình."
      },
      {
        "type": "callout",
        "style": "empathy",
        "text": "Nếu bạn đang cảm thấy tội lỗi vì không có thời gian kèm con, mình hiểu. Cảm giác đó rất nặng nề. Nhưng mình muốn nói với bạn: bạn không tệ. Bạn đang làm việc để lo cho gia đình. Đó cũng là yêu thương."
      },
      {
        "type": "heading",
        "level": 2,
        "text": "Sự thật mình phải chấp nhận"
      },
      {
        "type": "paragraph",
        "text": "Mình không có nhiều thời gian. Đó là sự thật. Mình không thể bỏ việc, không thể về sớm hơn, không thể có thêm giờ trong ngày."
      },
      {
        "type": "paragraph",
        "text": "Mình có hai lựa chọn:"
      },
      {
        "type": "list",
        "items": [
          "Tiếp tục cố kèm con khi mệt → cáu gắt → con sợ học → mối quan hệ mẹ con xấu đi",
          "Tìm cách khác để con vẫn học được mà mình không phải gồng"
        ]
      },
      {
        "type": "paragraph",
        "text": "Mình chọn cách 2. Không phải vì mình lười. Mà vì mình yêu con – và mình biết kèm con khi mệt không tốt cho ai cả."
      },
      {
        "type": "heading",
        "level": 2,
        "text": "Giải pháp mình tìm được"
      },
      {
        "type": "heading",
        "level": 3,
        "text": "1. Cho con học qua app thay vì mình dạy"
      },
      {
        "type": "paragraph",
        "text": "Mình tìm được Sorokid – một app dạy toán tư duy cho trẻ. App có video hướng dẫn, có bài tập, có hệ thống khen thưởng. Con học như chơi game."
      },
      {
        "type": "paragraph",
        "text": "Quan trọng nhất: app dạy con thay mình. Mình không cần ngồi giải thích. Con tự xem video, tự làm bài. Sai thì app cho làm lại – không ai la mắng."
      },
      {
        "type": "heading",
        "level": 3,
        "text": "2. Tạo thói quen cố định"
      },
      {
        "type": "paragraph",
        "text": "Con học 15-20 phút mỗi ngày sau khi ăn cơm. Không phải đợi mình về mới học. Con tự mở app, tự học, xong thì được chơi."
      },
      {
        "type": "paragraph",
        "text": "Ban đầu phải nhắc. Nhưng sau 2 tuần, con tự nhớ. \"Mẹ ơi, con học Sorokid xong rồi!\" – câu này mình nghe mỗi tối khi vừa về đến nhà."
      },
      {
        "type": "heading",
        "level": 3,
        "text": "3. Kiểm tra cuối tuần thay vì theo dõi hàng ngày"
      },
      {
        "type": "paragraph",
        "text": "App có báo cáo tiến độ. Chủ nhật, mình dành 10 phút xem con học được bao nhiêu bài, đúng bao nhiêu phần trăm, có streak liền mấy ngày."
      },
      {
        "type": "paragraph",
        "text": "Mình khen con dựa trên dữ liệu: \"Con giỏi quá, tuần này con học đều đặn cả 7 ngày!\" Con tự hào, mình cũng tự hào."
      },
      {
        "type": "heading",
        "level": 3,
        "text": "4. Dành thời gian còn lại cho việc khác"
      },
      {
        "type": "paragraph",
        "text": "Thời gian ít ỏi còn lại, mình không kèm bài. Mình đọc sách cùng con 10 phút trước khi ngủ. Mình hỏi con về ngày hôm nay. Mình ôm con."
      },
      {
        "type": "paragraph",
        "text": "Mình thay đổi từ \"mẹ dạy con\" sang \"mẹ yêu con\". Việc dạy có công cụ lo. Việc yêu chỉ mình làm được."
      },
      {
        "type": "callout",
        "style": "tip",
        "text": "Mẹo: Đừng cố làm giáo viên. Hãy là phụ huynh. Phụ huynh không cần biết dạy toán. Phụ huynh chỉ cần quan tâm, khích lệ, và tìm công cụ phù hợp cho con."
      },
      {
        "type": "heading",
        "level": 2,
        "text": "Kết quả sau 3 tháng"
      },
      {
        "type": "paragraph",
        "text": "**Con tự giác hơn:** Con mình tự học được mà không cần ai kèm. Con biết giờ nào học, xong thì được chơi. Không cần mình nhắc nhiều."
      },
      {
        "type": "paragraph",
        "text": "**Mình bớt stress:** Mình về nhà, không còn lo việc kèm con. Mình ăn cơm, nghỉ ngơi, rồi hỏi thăm con. Tối nào cũng nhẹ nhàng."
      },
      {
        "type": "paragraph",
        "text": "**Mối quan hệ mẹ con tốt hơn:** Không còn la mắng. Không còn nước mắt. Con vui khi thấy mẹ về, thay vì sợ vì biết phải ngồi học."
      },
      {
        "type": "paragraph",
        "text": "**Con học có tiến bộ:** Điểm toán ở trường cải thiện. Nhưng quan trọng hơn: con không còn sợ toán. Con thậm chí thích tính nhẩm."
      },
      {
        "type": "heading",
        "level": 2,
        "text": "Lời nhắn cho các mẹ bận rộn"
      },
      {
        "type": "paragraph",
        "text": "Mình biết bạn đang cố gắng rất nhiều. Đi làm 8-10 tiếng, về nhà còn việc gia đình, rồi còn lo con học. Mình hiểu cảm giác đó."
      },
      {
        "type": "paragraph",
        "text": "Nhưng mình muốn nói: **không phải cứ ngồi cạnh con mới là yêu con**. Đôi khi tìm công cụ phù hợp cũng là một cách yêu thương. Một cách thông minh hơn, bền vững hơn."
      },
      {
        "type": "paragraph",
        "text": "Con cần mẹ khỏe mạnh, vui vẻ – hơn là một mẹ kiệt sức cố gồng kèm con mỗi tối."
      },
      {
        "type": "callout",
        "style": "reassurance",
        "text": "Bạn không tệ vì không có thời gian kèm con. Bạn đang làm việc để lo cho gia đình. Việc tìm giải pháp thay thế không phải là lười – đó là thông minh. Hãy tha thứ cho mình và tìm cách khác."
      }
    ]
  },
  "faq": [
    {
      "question": "Con có tự giác học không nếu không ai kèm?",
      "answer": "Cần tạo thói quen. Ban đầu cần nhắc nhở đều đặn, nhưng sau 2-3 tuần con quen thì tự giác hơn. Quan trọng là thưởng cho con khi con hoàn thành (được chơi, được khen), tạo động lực tự nhiên."
    },
    {
      "question": "Sao biết con có học thật không hay chỉ mở app chơi?",
      "answer": "App Sorokid có báo cáo tiến độ chi tiết. Bạn xem con hoàn thành bao nhiêu bài, đúng bao nhiêu phần trăm, học bao nhiêu phút mỗi ngày. Dữ liệu không nói dối."
    },
    {
      "question": "Con học một mình có hiểu được không?",
      "answer": "App có video hướng dẫn từng bước, có hình ảnh trực quan. Trẻ tiếp thu qua hình ảnh tốt hơn qua lời giảng. Nếu con không hiểu, có thể xem lại video hoặc hỏi bố mẹ sau."
    },
    {
      "question": "Bố mẹ không biết Soroban, làm sao kiểm tra con học đúng?",
      "answer": "Không cần biết Soroban. App tự động chấm điểm và sửa sai. Bạn chỉ cần xem báo cáo tổng quan: con học đều không, tỷ lệ đúng có cao không, có tiến bộ không."
    },
    {
      "question": "Con lớp mấy thì có thể tự học được?",
      "answer": "Trẻ từ 5-6 tuổi (mẫu giáo lớn, lớp 1) có thể bắt đầu tự học với app nếu được hướng dẫn ban đầu. Trẻ lớp 2-3 trở lên thường tự giác hơn. Quan trọng là tạo thói quen từ đầu."
    },
    {
      "question": "15-20 phút mỗi ngày có đủ không?",
      "answer": "Đủ. Nghiên cứu cho thấy học ngắn nhưng đều đặn hiệu quả hơn học dài một lúc. 15-20 phút mỗi ngày x 7 ngày = 2 tiếng/tuần, đủ để tiến bộ đáng kể."
    },
    {
      "question": "Nếu con gặp bài khó, không có ai giải đáp thì sao?",
      "answer": "App cho con làm lại, xem lại video hướng dẫn. Nếu vẫn khó, con có thể bỏ qua và quay lại sau. Cuối tuần khi bạn có thời gian, hãy ngồi xem cùng con phần con chưa hiểu."
    },
    {
      "question": "Mình đi làm về muộn, con đã ngủ. Làm sao theo dõi?",
      "answer": "Xem báo cáo trên app bất cứ lúc nào. Gửi tin nhắn voice hỏi thăm con. Cuối tuần dành 15-30 phút ngồi cùng con ôn lại. Quan trọng là SỰ HIỆN DIỆN, không nhất thiết phải ngồi kèm hàng ngày."
    },
    {
      "question": "Con chỉ thích chơi, không thích học. Làm sao?",
      "answer": "Sorokid thiết kế như game với điểm thưởng, huy hiệu, level. Con sẽ cảm thấy đang 'chơi' hơn là 'học'. Thêm vào đó, quy tắc 'học xong thì được chơi' tạo động lực rõ ràng."
    },
    {
      "question": "Mình có nên bỏ hẳn việc kèm con không?",
      "answer": "Không cần bỏ hẳn. Khi có thời gian và năng lượng, bạn vẫn có thể ngồi cùng con. Nhưng đừng ép mình khi mệt. App là công cụ hỗ trợ những ngày bạn bận, không phải thay thế hoàn toàn vai trò phụ huynh."
    }
  ],
  "cta": {
    "text": "Sorokid giúp con tự học toán tư duy, bố mẹ bận rộn vẫn yên tâm con tiến bộ mỗi ngày.",
    "buttonText": "Dùng thử miễn phí",
    "buttonLink": "/register"
  },
  "seo": {
    "title": "Đi làm về 7h tối – mình không có sức kèm con học nữa | Giải pháp cho mẹ bận",
    "description": "Phụ huynh đi làm bận rộn không có thời gian kèm con học toán? Đây là cách mình giải quyết mà con vẫn học tốt, mẹ bớt stress.",
    "keywords": "bận không kèm con được, phụ huynh đi làm, con tự học, mẹ bận rộn, working mom, kèm con học khi mệt"
  },
  "schema": {
    "type": "Article",
    "datePublished": "2025-12-31",
    "author": "Chị Ngọc Anh"
  },
  "author": {
    "name": "Chị Ngọc Anh",
    "bio": "Mẹ của bé gái lớp 2, nhân viên văn phòng bận rộn, đang tìm cách cân bằng công việc và đồng hành cùng con"
  }
}