{
  "slug": "may-tuoi-hoc-soroban-la-tot-nhat",
  "title": "Mình cho con học Soroban lúc 7 tuổi – có muộn không?",
  "description": "Nghe nói 4-5 tuổi học là tốt nhất. Con mình 7 tuổi rồi. Mình lo đã muộn.",
  "category": "soroban-cho-phu-huynh",
  "keywords": [
    "mấy tuổi học soroban",
    "tuổi học soroban tốt nhất",
    "con 7 tuổi học soroban",
    "giai đoạn vàng học soroban",
    "học soroban có muộn không",
    "4 tuổi học soroban",
    "6 tuổi học soroban",
    "10 tuổi học soroban có được không",
    "bắt đầu học soroban khi nào",
    "lợi thế học soroban ở tuổi lớn",
    "thời điểm tốt nhất học soroban",
    "cho con học soroban từ mấy tuổi"
  ],
  "status": "published",
  "publishedAt": "2026-01-30T01:30:00.000Z",
  "createdAt": "2025-12-25",
  "image": "/blog/be-7-tuoi-hoc-soroban.jpg",
  "imageAlt": "Bé 7 tuổi châu Á đang học với bàn tính Soroban",
  "readingTime": 12,
  "categoryOrder": 1,
  "order": 30,
  "translations": {
    "en": "best-age-to-start-soroban"
  },
  "content": {
    "intro": "\"4-6 tuổi là giai đoạn vàng để học Soroban.\" – Mình đọc được câu này khi con mình đã 7 tuổi. Mình hơi tiếc: \"Sao mình không biết sớm hơn?\" Nhưng sau 1 năm đồng hành cùng con học, mình nhận ra: không có \"quá muộn\" – chỉ có \"bắt đầu\" hoặc \"không bắt đầu\".",
    "sections": [
      {
        "type": "heading",
        "level": 2,
        "text": "Câu hỏi muôn thuở của phụ huynh"
      },
      {
        "type": "paragraph",
        "text": "Khi tìm hiểu về Soroban cho con, mình gặp rất nhiều phụ huynh cũng hỏi: \"Con tôi X tuổi, học Soroban có muộn không?\" X có thể là 5, 7, 9, thậm chí 11."
      },
      {
        "type": "paragraph",
        "text": "Có người lo con 4 tuổi quá nhỏ, ngồi không yên. Có người lo con 8 tuổi quá lớn, bỏ lỡ \"giai đoạn vàng\". Ai cũng lo – nhưng lo điều khác nhau."
      },
      {
        "type": "callout",
        "style": "empathy",
        "text": "Nếu bạn cũng đang phân vân con mình mấy tuổi học là tốt nhất – bạn không một mình. Đây là câu hỏi mình cũng từng thức đêm suy nghĩ."
      },
      {
        "type": "heading",
        "level": 2,
        "text": "\"Giai đoạn vàng\" 4-6 tuổi: Sự thật và hiểu lầm"
      },
      {
        "type": "heading",
        "level": 3,
        "text": "Khoa học nói gì?"
      },
      {
        "type": "paragraph",
        "text": "Nghiên cứu về phát triển não bộ cho thấy: giai đoạn 4-6 tuổi, não trẻ có tính \"dẻo\" (neuroplasticity) cao nhất. Các kết nối thần kinh hình thành nhanh chóng."
      },
      {
        "type": "list",
        "items": [
          "**Synapse (khớp thần kinh)**: Đạt đỉnh ở 6-7 tuổi, sau đó não \"tỉa bớt\" những kết nối không dùng",
          "**Khả năng bắt chước**: Trẻ 4-6 tuổi bắt chước rất nhanh, học qua nhìn và làm theo",
          "**Chưa có \"rào cản\"**: Chưa nghĩ \"toán khó\" hay \"mình không giỏi toán\""
        ]
      },
      {
        "type": "heading",
        "level": 3,
        "text": "Hiểu lầm phổ biến"
      },
      {
        "type": "paragraph",
        "text": "Nhiều người hiểu \"giai đoạn vàng\" = \"cửa sổ duy nhất\". Sau 6 tuổi thì \"đóng cửa\", không học được nữa. ĐIỀU NÀY KHÔNG ĐÚNG."
      },
      {
        "type": "paragraph",
        "text": "Giai đoạn vàng nghĩa là: học dễ nhất, tiếp thu nhanh nhất. Nhưng sau 6 tuổi, não vẫn phát triển, vẫn tạo kết nối mới – chỉ cần nỗ lực nhiều hơn một chút."
      },
      {
        "type": "heading",
        "level": 2,
        "text": "Phân tích từng độ tuổi"
      },
      {
        "type": "heading",
        "level": 3,
        "text": "3-4 tuổi: Quá sớm?"
      },
      {
        "type": "list",
        "items": [
          "**Thách thức**: Khả năng tập trung ngắn (5-10 phút), chưa nhận biết số chắc chắn",
          "**Lợi thế**: Não rất dẻo, học qua chơi rất hiệu quả",
          "**Khuyến nghị**: Có thể làm quen với bàn tính qua trò chơi, không nên ép học bài bản",
          "**Kỳ vọng**: Biết đếm hạt, biết di chuyển hạt, thích thú với màu sắc"
        ]
      },
      {
        "type": "heading",
        "level": 3,
        "text": "4-6 tuổi: \"Giai đoạn vàng\""
      },
      {
        "type": "list",
        "items": [
          "**Thách thức**: Vẫn cần nội dung vui nhộn, không thể học kiểu \"nhồi nhét\"",
          "**Lợi thế**: Tiếp thu nhanh, bắt chước giỏi, chưa sợ toán",
          "**Khuyến nghị**: Học qua game, video, có phần thưởng và động viên",
          "**Kỳ vọng**: Sau 6 tháng – Cộng trừ 1 chữ số trên bàn tính. Sau 1 năm – Bắt đầu tính nhẩm đơn giản"
        ]
      },
      {
        "type": "heading",
        "level": 3,
        "text": "7-9 tuổi: Không muộn, còn có lợi thế"
      },
      {
        "type": "list",
        "items": [
          "**Thách thức**: Có thể đã hình thành thói quen tính (đếm ngón tay, viết dọc)",
          "**Lợi thế**: Hiểu lý thuyết nhanh, biết tự học, ngồi yên lâu hơn, đã biết số",
          "**Khuyến nghị**: Học có hệ thống, kết hợp với toán trường",
          "**Kỳ vọng**: Sau 3-4 tháng – Tính nhẩm 2 chữ số. Sau 1 năm – Tính nhẩm 3-4 chữ số"
        ]
      },
      {
        "type": "heading",
        "level": 3,
        "text": "10-12 tuổi: Vẫn học được, cần kiên nhẫn"
      },
      {
        "type": "list",
        "items": [
          "**Thách thức**: Thói quen cũ đã cố định, có thể ngại học \"từ đầu\"",
          "**Lợi thế**: Hiểu ngay bản chất, có động lực rõ ràng (thi cử, thành tích)",
          "**Khuyến nghị**: Cần mục tiêu cụ thể, có thể kết hợp luyện thi",
          "**Kỳ vọng**: Sau 2-3 tháng – Tính nhẩm cơ bản. Sau 6 tháng – Áp dụng vào toán trường"
        ]
      },
      {
        "type": "callout",
        "style": "reassurance",
        "text": "Mình có gặp một bạn 11 tuổi học Soroban, chỉ sau 4 tháng đã tính nhẩm nhanh hơn nhiều bạn học từ nhỏ. Lý do: bạn có động lực rõ ràng và hiểu ngay bản chất."
      },
      {
        "type": "heading",
        "level": 2,
        "text": "Câu chuyện của mình: Con học lúc 7 tuổi"
      },
      {
        "type": "paragraph",
        "text": "Con mình bắt đầu học Sorokid khi 7 tuổi – sau \"giai đoạn vàng\". Mình từng lo lắm."
      },
      {
        "type": "heading",
        "level": 3,
        "text": "Tháng 1-2: Làm quen"
      },
      {
        "type": "paragraph",
        "text": "Con học cách di chuyển hạt, hiểu nguyên tắc cơ bản. Vì con đã biết số và cộng trừ, nên hiểu rất nhanh. Nhanh hơn mình tưởng."
      },
      {
        "type": "heading",
        "level": 3,
        "text": "Tháng 3-4: Bắt đầu tính nhẩm"
      },
      {
        "type": "paragraph",
        "text": "Con bắt đầu tính nhẩm 1 chữ số mà không cần bàn tính thật. Mình thấy con hay nhìn lên trời khi tính – con đang \"nhìn\" bàn tính trong đầu."
      },
      {
        "type": "heading",
        "level": 3,
        "text": "Tháng 5-12: Tiến bộ rõ rệt"
      },
      {
        "type": "paragraph",
        "text": "Con tính nhẩm 2 chữ số được. Điểm toán ở trường từ 7-8 lên 9-10. Quan trọng hơn: con tự tin khi làm bài, không sợ số nữa."
      },
      {
        "type": "paragraph",
        "text": "Mình không còn tiếc vì \"biết muộn\". Chỉ vui vì đã bắt đầu."
      },
      {
        "type": "heading",
        "level": 2,
        "text": "So sánh: Trẻ nhỏ vs Trẻ lớn học Soroban"
      },
      {
        "type": "list",
        "items": [
          "**Tốc độ tiếp thu**: Trẻ nhỏ nhanh hơn ở kỹ năng tay. Trẻ lớn nhanh hơn ở hiểu lý thuyết",
          "**Khả năng tập trung**: Trẻ nhỏ 10-15 phút. Trẻ lớn 20-30 phút",
          "**Cần hỗ trợ**: Trẻ nhỏ cần ba mẹ nhiều hơn. Trẻ lớn có thể tự học",
          "**Động lực**: Trẻ nhỏ học vì vui. Trẻ lớn học vì mục tiêu (điểm số, thi cử)",
          "**Kết quả cuối cùng**: Cả hai đều đạt được nếu kiên trì"
        ]
      },
      {
        "type": "heading",
        "level": 2,
        "text": "Lời khuyên cho từng trường hợp"
      },
      {
        "type": "heading",
        "level": 3,
        "text": "Nếu con 4-6 tuổi:"
      },
      {
        "type": "paragraph",
        "text": "Tận dụng giai đoạn vàng! Cho con học nhưng đừng ép. Học qua chơi, mỗi ngày 10-15 phút là đủ. Không kỳ vọng kết quả ngay."
      },
      {
        "type": "heading",
        "level": 3,
        "text": "Nếu con 7-9 tuổi:"
      },
      {
        "type": "paragraph",
        "text": "Đừng tiếc vì \"muộn\". Con có lợi thế riêng: hiểu nhanh, tự học được. Kết hợp với toán trường để thấy kết quả rõ rệt."
      },
      {
        "type": "heading",
        "level": 3,
        "text": "Nếu con 10+ tuổi:"
      },
      {
        "type": "paragraph",
        "text": "Hỏi con có muốn học không. Nếu con có động lực, sẽ tiến bộ nhanh. Nếu ép, có thể phản tác dụng. Đặt mục tiêu cụ thể cùng con."
      },
      {
        "type": "heading",
        "level": 2,
        "text": "Kết luận: Thời điểm tốt nhất là NGAY BÂY GIỜ"
      },
      {
        "type": "paragraph",
        "text": "Mình từng nghĩ: \"Giá mà mình biết sớm hơn.\" Nhưng rồi mình nhận ra: mỗi ngày không bắt đầu mới là muộn thêm."
      },
      {
        "type": "paragraph",
        "text": "Dù con bạn 4 tuổi hay 10 tuổi, thời điểm tốt nhất để bắt đầu là ngay bây giờ. Không có \"quá muộn\" – chỉ có \"không bắt đầu\"."
      },
      {
        "type": "callout",
        "style": "reassurance",
        "text": "\"Thời điểm tốt nhất để trồng cây là 20 năm trước. Thời điểm tốt thứ hai là ngay bây giờ.\" – Điều này đúng với cả Soroban."
      }
    ]
  },
  "faq": [
    {
      "question": "Con 10 tuổi có học Soroban được không?",
      "answer": "Được. Trẻ lớn hiểu nhanh hơn, chỉ cần kiên nhẫn luyện tập. Nhiều trẻ 10-12 tuổi vẫn học tốt."
    },
    {
      "question": "Mấy tuổi là quá nhỏ để học?",
      "answer": "Dưới 4 tuổi thường khó tập trung đủ lâu. 4-5 tuổi là độ tuổi có thể bắt đầu làm quen."
    },
    {
      "question": "Giai đoạn vàng 4-6 tuổi nghĩa là gì?",
      "answer": "Não trẻ phát triển nhanh nhất trong giai đoạn này. Học gì cũng dễ tiếp thu. Nhưng không có nghĩa sau 6 tuổi là không học được."
    },
    {
      "question": "Con 7 tuổi học Soroban có muộn không?",
      "answer": "Không muộn. 7 tuổi là độ tuổi rất phù hợp. Con đã biết số, biết cộng trừ cơ bản, học Soroban sẽ nhanh hơn trẻ nhỏ."
    },
    {
      "question": "Lợi thế của trẻ lớn khi học Soroban là gì?",
      "answer": "Hiểu lý thuyết nhanh hơn, biết tự học, ngồi yên lâu hơn, có động lực rõ ràng (muốn giỏi toán, thi học sinh giỏi...)."
    },
    {
      "question": "Người lớn có học Soroban được không?",
      "answer": "Được. Nhiều người lớn học để rèn não, phòng chống lão hóa trí não. Tiến độ chậm hơn trẻ nhưng vẫn hiệu quả."
    },
    {
      "question": "Bao lâu thì con tính nhẩm được?",
      "answer": "Tùy độ tuổi và tần suất luyện tập. Thường sau 3-6 tháng học đều đặn, con có thể tính nhẩm cộng trừ 2 chữ số."
    },
    {
      "question": "Con nhỏ hơn 4 tuổi nên học gì thay thế?",
      "answer": "Cho con làm quen với số qua trò chơi, đếm đồ vật, hát bài đếm số. Khi con đủ tập trung (4-5 tuổi) mới bắt đầu Soroban."
    },
    {
      "question": "Có nên đợi giai đoạn vàng mới cho con học?",
      "answer": "Không cần đợi. Nếu con đã 7-8 tuổi, bắt đầu ngay. Mỗi ngày không bắt đầu mới là muộn thêm."
    },
    {
      "question": "Thời điểm tốt nhất trong ngày để học Soroban?",
      "answer": "Buổi sáng hoặc sau giấc ngủ trưa khi não con còn tươi mới. Tránh học khi con đã mệt sau ngày dài ở trường."
    }
  ],
  "cta": {
    "text": "Bắt đầu học Soroban ngay hôm nay với Sorokid.",
    "buttonText": "Cho con thử miễn phí",
    "buttonLink": "/register"
  },
  "seo": {
    "title": "Mình cho con học Soroban lúc 7 tuổi – có muộn không?",
    "description": "Nghe nói 4-5 tuổi học là tốt nhất. Con mình 7 tuổi rồi. Mình lo đã muộn.",
    "keywords": "mấy tuổi học soroban, tuổi học soroban tốt nhất, con 7 tuổi học soroban"
  },
  "schema": {
    "type": "Article",
    "datePublished": "2026-01-19",
    "author": "Chị Thùy Dương"
  },
  "author": {
    "name": "Chị Thùy Dương",
    "bio": "Mẹ của bé trai 7 tuổi tại Biên Hòa, từng lo muộn khi cho con học soroban nhưng sau 1 năm thấy kết quả tuyệt vời"
  }
}