{
  "slug": "minh-do-toan-nhung-van-muon-con-gioi-toan",
  "title": "Mình dở toán từ nhỏ – sợ con giống mình nên lo quá",
  "description": "Hồi nhỏ mình sợ toán kinh khủng. Giờ mình lo con sẽ \"di truyền\" nỗi sợ đó.",
  "category": "phu-huynh-kem-con-hoc-toan",
  "keywords": [
    "mẹ dở toán",
    "di truyền sợ toán",
    "dạy con khi mình không giỏi",
    "phụ huynh sợ toán",
    "con có sợ toán như mẹ không",
    "thái độ với toán di truyền",
    "cắt vòng lặp sợ toán",
    "tạo trải nghiệm tích cực với toán",
    "không nói mẹ dở toán",
    "dùng app dạy con thay mẹ",
    "khen con khi học toán",
    "con tự tin với toán"
  ],
  "status": "published",
  "publishedAt": "2026-01-30T01:30:00.000Z",
  "createdAt": "2025-12-25",
  "image": "/blog/me-lo-con-giong-minh.jpg",
  "imageAlt": "Mẹ châu Á lo lắng nhìn vở toán với biểu cảm tự ti về khả năng toán của mình",
  "readingTime": 12,
  "categoryOrder": 3,
  "order": 10,
  "translations": {
    "en": "mnh-d-ton-t-nh-s-con-ging-mnh-nn-lo-qu"
  },
  "content": {
    "intro": "Hồi cấp 2, mình sợ toán đến mức mơ thấy ác mộng trước ngày thi. Mình nhớ rõ cảm giác tay run khi cầm bài kiểm tra, đầu óc trống rỗng khi nhìn đề toán. Giờ con mình vào lớp 1, và mình lo: \"Lỡ con giống mình thì sao?\" Bài viết này chia sẻ hành trình mình đã cắt đứt \"vòng lặp sợ toán\" như thế nào.",
    "sections": [
      {
        "type": "heading",
        "level": 2,
        "text": "Ký ức về nỗi sợ toán của mình"
      },
      {
        "type": "paragraph",
        "text": "Mình vẫn nhớ như in: lớp 8, bài kiểm tra hình học. Đề phát ra, mình nhìn mà đầu óc trống rỗng. Tay run, mồ hôi lạnh. Xung quanh bạn bè cắm cúi làm, còn mình ngồi đó, cảm giác như bị tách khỏi thế giới."
      },
      {
        "type": "paragraph",
        "text": "Đêm trước ngày thi, mình hay mơ thấy ác mộng: ngồi trong phòng thi, không biết làm gì, thời gian hết mà bài vẫn trắng. Mình tỉnh dậy, mồ hôi ướt đẫm."
      },
      {
        "type": "paragraph",
        "text": "Nỗi sợ đó theo mình đến tận bây giờ. Mỗi khi nhìn thấy con số, công thức, mình vẫn cảm thấy hơi khó chịu. Và điều mình lo nhất: con mình sẽ \"thừa hưởng\" nỗi sợ đó."
      },
      {
        "type": "callout",
        "style": "empathy",
        "text": "Nếu bạn cũng từng sợ toán và đang lo con sẽ giống mình – bạn không một mình. Rất nhiều phụ huynh có cùng nỗi lo này."
      },
      {
        "type": "heading",
        "level": 2,
        "text": "Sợ toán có di truyền không? – Sự thật khoa học"
      },
      {
        "type": "paragraph",
        "text": "Mình đã tìm hiểu rất nhiều về vấn đề này. Và đây là những gì mình học được:"
      },
      {
        "type": "heading",
        "level": 3,
        "text": "Sợ toán KHÔNG di truyền qua gene"
      },
      {
        "type": "paragraph",
        "text": "Không có gene \"dở toán\" hay gene \"sợ toán\". Con không \"sinh ra\" để dở toán vì mẹ dở toán. Khả năng toán học phụ thuộc vào nhiều yếu tố: môi trường học tập, phương pháp giảng dạy, thái độ với việc học – không phải gene."
      },
      {
        "type": "heading",
        "level": 3,
        "text": "Nhưng THÁI ĐỘ có thể \"di truyền\""
      },
      {
        "type": "paragraph",
        "text": "Đây là phần mình lo nhất. Nghiên cứu cho thấy: trẻ em có thể \"học\" thái độ với toán từ bố mẹ. Nếu bố mẹ thể hiện lo lắng, căng thẳng khi nói về toán, con sẽ vô thức cảm nhận và \"copy\" thái độ đó."
      },
      {
        "type": "paragraph",
        "text": "Ví dụ: Mỗi khi con hỏi bài toán, nếu mình thở dài, nhăn mặt, nói \"Bài này khó quá\" – con sẽ nghĩ toán là thứ đáng sợ, đáng lo lắng."
      },
      {
        "type": "callout",
        "style": "tip",
        "text": "Tin tốt: Bạn dở toán không có nghĩa con sẽ dở. Tin cần lưu ý: Nếu bạn thể hiện sự sợ hãi với toán, con có thể học theo thái độ đó."
      },
      {
        "type": "heading",
        "level": 2,
        "text": "\"Vòng lặp sợ toán\" là gì?"
      },
      {
        "type": "paragraph",
        "text": "Mình gọi đây là \"vòng lặp sợ toán\" – khi nỗi sợ được truyền từ thế hệ này sang thế hệ khác:"
      },
      {
        "type": "list",
        "items": [
          "Bố/mẹ sợ toán → thể hiện lo lắng khi con hỏi bài",
          "Con cảm nhận lo lắng → nghĩ toán là thứ đáng sợ",
          "Con bắt đầu sợ toán → học kém hơn vì lo lắng",
          "Con lớn lên, có con → lại truyền nỗi sợ cho thế hệ tiếp"
        ]
      },
      {
        "type": "paragraph",
        "text": "Mình quyết tâm: phải cắt đứt vòng lặp này. Con mình sẽ không lớn lên với nỗi sợ toán như mình."
      },
      {
        "type": "heading",
        "level": 2,
        "text": "5 điều mình làm để cắt đứt vòng lặp"
      },
      {
        "type": "heading",
        "level": 3,
        "text": "1. Không bao giờ nói \"Mẹ dở toán\" trước mặt con"
      },
      {
        "type": "paragraph",
        "text": "Dù sự thật là mình dở toán, mình không bao giờ nói điều đó trước mặt con. Vì sao? Vì con có thể dùng đó làm \"lý do\" để bào chữa: \"Mẹ cũng dở toán, con giống mẹ thôi.\""
      },
      {
        "type": "paragraph",
        "text": "Thay vào đó, mình nói: \"Toán cần luyện tập nhiều. Ai chăm chỉ luyện cũng sẽ giỏi hơn.\""
      },
      {
        "type": "heading",
        "level": 3,
        "text": "2. Để app dạy con thay vì tự dạy"
      },
      {
        "type": "paragraph",
        "text": "Mình biết nếu mình ngồi dạy con toán, con sẽ thấy sự căng thẳng của mình. Mình sẽ lúng túng, sẽ lo lắng – và con sẽ cảm nhận được."
      },
      {
        "type": "paragraph",
        "text": "Giải pháp: để Sorokid dạy thay mình. Con học với app, mình chỉ ở gần động viên. Con không thấy mình căng thẳng vì mình không phải giải thích bài toán."
      },
      {
        "type": "heading",
        "level": 3,
        "text": "3. Khen nỗ lực, không chỉ khen kết quả"
      },
      {
        "type": "paragraph",
        "text": "Dù con làm đúng hay sai, mình đều khen nỗ lực. \"Con cố gắng làm xong bài, mẹ thấy con kiên nhẫn lắm!\" thay vì \"Con giỏi quá, con làm đúng hết!\""
      },
      {
        "type": "paragraph",
        "text": "Vì sao? Vì nếu chỉ khen khi đúng, con sẽ sợ sai. Sợ sai = sợ toán."
      },
      {
        "type": "heading",
        "level": 3,
        "text": "4. Tạo trải nghiệm vui với toán"
      },
      {
        "type": "paragraph",
        "text": "Mình cố gắng để toán xuất hiện trong cuộc sống một cách vui vẻ:"
      },
      {
        "type": "list",
        "items": [
          "Đi siêu thị: \"Con giúp mẹ tính xem mua 3 hộp sữa, mỗi hộp 15.000 đồng, hết bao nhiêu?\"",
          "Chơi board game có số: Uno, cờ cá ngựa, Monopoly",
          "Đố vui: \"Mẹ có 10 kẹo, cho con 3, mẹ còn mấy?\"",
          "Xem video toán vui trên YouTube"
        ]
      },
      {
        "type": "heading",
        "level": 3,
        "text": "5. Giấu cảm xúc tiêu cực về toán"
      },
      {
        "type": "paragraph",
        "text": "Khi con hỏi bài toán mình không biết, thay vì thở dài \"Bài này khó quá\", mình nói: \"Để mẹ con mình cùng tìm hiểu nhé!\" rồi để app hoặc Google giải thích."
      },
      {
        "type": "paragraph",
        "text": "Mình không nói dối con (con sẽ biết mình không giỏi toán khi lớn hơn), nhưng mình không để cảm xúc tiêu cực ảnh hưởng đến con trong giai đoạn quan trọng này."
      },
      {
        "type": "heading",
        "level": 2,
        "text": "Kết quả sau 1 năm"
      },
      {
        "type": "paragraph",
        "text": "Con mình giờ lớp 2. Và điều mình vui nhất: con không sợ toán."
      },
      {
        "type": "list",
        "items": [
          "**Con không giỏi nhất lớp** – và điều đó hoàn toàn ổn",
          "**Con tự tin làm bài** – không run, không lo lắng trước giờ kiểm tra",
          "**Con nói \"Con thích học toán\"** – điều mình chưa bao giờ nói được hồi nhỏ",
          "**Con dám hỏi khi không hiểu** – không sợ bị chê dốt",
          "**Con coi sai là bình thường** – \"Sai thì làm lại thôi mẹ\""
        ]
      },
      {
        "type": "paragraph",
        "text": "Mình nhẹ nhõm. Vòng lặp sợ toán dừng ở thế hệ mình. Con mình sẽ không lớn lên với nỗi sợ đó."
      },
      {
        "type": "callout",
        "style": "reassurance",
        "text": "Bạn không thể thay đổi quá khứ của mình. Nhưng bạn có thể tạo trải nghiệm khác cho con. Nỗi sợ toán không cần phải di truyền sang thế hệ tiếp theo."
      },
      {
        "type": "heading",
        "level": 2,
        "text": "Lời khuyên cho phụ huynh cùng hoàn cảnh"
      },
      {
        "type": "paragraph",
        "text": "Nếu bạn cũng từng sợ toán và đang lo cho con, đây là những điều mình muốn chia sẻ:"
      },
      {
        "type": "list",
        "items": [
          "**Bạn dở toán không có nghĩa con sẽ dở** – Đừng tự đặt giới hạn cho con",
          "**Giấu nỗi sợ của bạn** – Ít nhất cho đến khi con đủ lớn để hiểu",
          "**Dùng công cụ hỗ trợ** – App, video, gia sư – để bạn không phải trực tiếp dạy",
          "**Khen nỗ lực, không chỉ kết quả** – Để con không sợ sai",
          "**Tạo trải nghiệm vui** – Toán trong cuộc sống, trong trò chơi",
          "**Kiên nhẫn** – Thay đổi thái độ cần thời gian, cả với bạn và con"
        ]
      },
      {
        "type": "heading",
        "level": 2,
        "text": "Kết luận: Bạn có quyền lực lớn hơn gene"
      },
      {
        "type": "paragraph",
        "text": "Gene không quyết định con bạn có giỏi toán hay không. Môi trường, thái độ, cách bạn phản ứng với toán – những thứ này mới quan trọng. Và những thứ này bạn có thể kiểm soát."
      },
      {
        "type": "paragraph",
        "text": "Mình không giỏi toán. Mình vẫn sợ toán (một chút). Nhưng con mình không cần phải sống với nỗi sợ đó. Và con bạn cũng vậy."
      }
    ]
  },
  "faq": [
    {
      "question": "Sợ toán có di truyền không?",
      "answer": "Không di truyền qua gene. Nhưng thái độ và cảm xúc của bố mẹ có thể ảnh hưởng đến con. Cố gắng không thể hiện lo lắng trước mặt con."
    },
    {
      "question": "Mình dở toán thì dạy con thế nào?",
      "answer": "Không cần tự dạy. Dùng app hoặc gia sư để dạy con kiến thức. Việc của bạn là động viên và tạo môi trường tích cực."
    },
    {
      "question": "Có nên nói với con là mình dở toán không?",
      "answer": "Không nên. Con có thể dùng đó làm \"lý do\" để bào chữa khi gặp khó khăn. Thay vào đó, khuyến khích con và nói \"toán cần luyện tập\"."
    },
    {
      "question": "Làm sao để không truyền nỗi sợ toán cho con?",
      "answer": "Giấu cảm xúc lo lắng, dùng công cụ dạy thay mình, khen con thường xuyên, tạo trải nghiệm vui với toán qua game và ứng dụng."
    },
    {
      "question": "Con có thể giỏi toán dù mẹ dở toán không?",
      "answer": "Hoàn toàn có thể. Khả năng toán phụ thuộc nhiều vào môi trường học tập, phương pháp, và thái độ tích cực hơn là di truyền."
    },
    {
      "question": "Khen con như thế nào khi học toán?",
      "answer": "Khen nỗ lực, không chỉ khen kết quả. Ví dụ: \"Con cố gắng làm xong bài, mẹ thấy con kiên nhẫn lắm!\" thay vì \"Con giỏi quá!\"."
    },
    {
      "question": "Con thấy mẹ căng thẳng khi học toán, làm sao?",
      "answer": "Chuyển sang dùng app để dạy thay bạn. Bạn chỉ cần động viên, không cần giảng bài. Con sẽ không thấy cảm xúc tiêu cực của bạn."
    },
    {
      "question": "Có nên thuê gia sư nếu mẹ không giỏi toán?",
      "answer": "Có thể, nhưng không bắt buộc. App học toán hiện nay có thể dạy tốt và tiết kiệm hơn gia sư. Tùy điều kiện gia đình."
    },
    {
      "question": "Làm sao biết con có đang sợ toán không?",
      "answer": "Dấu hiệu: con trốn tránh giờ học toán, khóc khi làm bài, nói \"con ghét toán\", lo lắng trước ngày kiểm tra. Cần can thiệp sớm."
    },
    {
      "question": "Bao lâu để cắt đứt vòng lặp sợ toán?",
      "answer": "Cần 6 tháng đến 1 năm kiên nhẫn tạo trải nghiệm tích cực cho con. Quan trọng là nhất quán, không quay lại thái độ tiêu cực."
    }
  ],
  "cta": {
    "text": "Sorokid dạy con toán thay bạn. Bạn chỉ cần động viên con.",
    "buttonText": "Tìm hiểu thêm",
    "buttonLink": "/register"
  },
  "seo": {
    "title": "Mình dở toán từ nhỏ – sợ con giống mình nên lo quá",
    "description": "Hồi nhỏ mình sợ toán kinh khủng. Giờ mình lo con sẽ \"di truyền\" nỗi sợ đó.",
    "keywords": "mẹ dở toán, di truyền sợ toán, dạy con khi mình không giỏi"
  },
  "schema": {
    "type": "Article",
    "datePublished": "2026-02-21",
    "author": "Chị Huyền Trang"
  },
  "author": {
    "name": "Chị Huyền Trang",
    "bio": "Mẹ của con trai 6 tuổi tại TP.HCM, bản thân từng sợ toán nhưng quyết tâm để con có trải nghiệm khác"
  }
}