{
  "slug": "ong-ba-day-con-sai-cach",
  "title": "Ông bà dạy con theo kiểu cũ – mình không biết nói sao",
  "description": "Ông dạy con học thuộc bảng cửu chương. Mình muốn con hiểu bản chất. Hai thế hệ, hai cách dạy.",
  "category": "phu-huynh-kem-con-hoc-toan",
  "keywords": [
    "ông bà dạy cháu",
    "mâu thuẫn cách dạy",
    "phương pháp dạy toán",
    "học thuộc bảng cửu chương",
    "hai thế hệ dạy con khác nhau",
    "cách dạy toán truyền thống",
    "kết hợp cách dạy cũ và mới",
    "ông bà dạy con học thuộc",
    "hiểu bản chất phép nhân",
    "dạy toán theo phương pháp mới",
    "cách nói với ông bà về dạy cháu",
    "tôn trọng ông bà khi dạy cháu"
  ],
  "status": "published",
  "publishedAt": "2026-01-31T06:16:00.000Z",
  "createdAt": "2025-12-25",
  "image": "/blog/ong-day-chau.jpg",
  "imageAlt": "Ông châu Á ngồi dạy cháu học bài",
  "readingTime": 12,
  "categoryOrder": 3,
  "order": 11,
  "translations": {
    "en": "ng-b-dy-con-theo-kiu-c-mnh-khng-bit-ni-sao"
  },
  "content": {
    "intro": "\"7 × 8 bằng mấy?\" – Ông hỏi. Con ấp úng, đếm ngón tay. \"56 chứ mấy! Học thuộc đi, đọc đi: 7 nhân 8 bằng 56!\" – Ông bảo. Mình ngồi cạnh, nghe mà không biết nói sao. Mình muốn con hiểu, ông muốn con nhớ. Hai thế hệ, hai cách dạy – làm sao để không ai tổn thương?",
    "sections": [
      {
        "type": "heading",
        "level": 2,
        "text": "Câu chuyện của mình: Kẹt giữa hai thế hệ"
      },
      {
        "type": "paragraph",
        "text": "Nhà mình ở cùng ông bà nội. Ông hưu rồi, rảnh rỗi, rất thích dạy cháu học. Mỗi chiều, ông kêu con ngồi cạnh, mở vở ra, bắt đầu \"ôn bài\"."
      },
      {
        "type": "paragraph",
        "text": "Ông dạy theo kiểu ngày xưa: đọc đi đọc lại, học thuộc lòng. \"2 nhân 1 bằng 2, 2 nhân 2 bằng 4, 2 nhân 3 bằng 6...\" – Ông bắt con đọc hàng chục lần đến khi nhớ."
      },
      {
        "type": "paragraph",
        "text": "Mình thì muốn con hiểu: 7 × 8 nghĩa là 7 nhóm, mỗi nhóm 8 cái. Không chỉ nhớ kết quả, mà hiểu tại sao. Vì mình tin: hiểu thì nhớ lâu, nhớ máy móc thì dễ quên."
      },
      {
        "type": "callout",
        "style": "empathy",
        "text": "Nếu bạn cũng đang sống cùng ông bà, và gặp tình huống tương tự – bạn không một mình. Đây là mâu thuẫn phổ biến trong nhiều gia đình Việt Nam."
      },
      {
        "type": "heading",
        "level": 2,
        "text": "Vấn đề không phải ai đúng ai sai"
      },
      {
        "type": "paragraph",
        "text": "Mình phải mất thời gian mới nhận ra: đây không phải cuộc chiến đúng-sai. Cả hai cách dạy đều có giá trị."
      },
      {
        "type": "heading",
        "level": 3,
        "text": "Cách dạy của ông bà (học thuộc)"
      },
      {
        "type": "list",
        "items": [
          "**Ưu điểm**: Nhớ nhanh kết quả, trả lời nhanh, tiết kiệm thời gian khi làm bài",
          "**Nhược điểm**: Có thể không hiểu bản chất, gặp bài mới không biết làm",
          "**Phù hợp với**: Những thứ cần nhớ nhanh (bảng cửu chương, công thức cơ bản)"
        ]
      },
      {
        "type": "heading",
        "level": 3,
        "text": "Cách dạy mới (hiểu bản chất)"
      },
      {
        "type": "list",
        "items": [
          "**Ưu điểm**: Hiểu sâu, vận dụng được, gặp bài mới vẫn giải được",
          "**Nhược điểm**: Mất thời gian hơn, ban đầu có thể chậm",
          "**Phù hợp với**: Xây dựng nền tảng, toán tư duy, bài toán phức tạp"
        ]
      },
      {
        "type": "paragraph",
        "text": "Sự thật là: trẻ cần CẢ HAI. Cần nhớ nhanh để tiết kiệm thời gian, VÀ cần hiểu bản chất để giải bài mới. Hai cách không loại trừ nhau."
      },
      {
        "type": "heading",
        "level": 2,
        "text": "Tại sao mình không nói thẳng với ông?"
      },
      {
        "type": "paragraph",
        "text": "Mình từng nghĩ: nói thẳng với ông là cách dạy này đã lỗi thời. Nhưng mình dừng lại vì:"
      },
      {
        "type": "list",
        "items": [
          "**Ông yêu cháu**: Ông dành thời gian, tâm huyết dạy cháu. Đó là tình thương thật sự",
          "**Ông sẽ tổn thương**: Nói ông sai = phủ nhận cả thế hệ ông, cách ông được dạy",
          "**Tạo mâu thuẫn gia đình**: Ông buồn, bố mẹ khó xử, không khí gia đình căng thẳng",
          "**Con bị kẹt giữa**: Con không biết nghe ai, bối rối, mất niềm tin"
        ]
      },
      {
        "type": "paragraph",
        "text": "Mình quyết định: không tranh cãi, tìm cách kết hợp."
      },
      {
        "type": "heading",
        "level": 2,
        "text": "Giải pháp của mình: Kết hợp thay vì đối đầu"
      },
      {
        "type": "heading",
        "level": 3,
        "text": "Bước 1: Cảm ơn ông bà chân thành"
      },
      {
        "type": "paragraph",
        "text": "Mình nói trước mặt con: \"Con ơi, ông dạy con học bảng cửu chương, con phải cảm ơn ông nha. Nhờ ông mà con nhớ nhanh hơn bạn bè.\" Ông vui, con thấy được tôn trọng ông."
      },
      {
        "type": "heading",
        "level": 3,
        "text": "Bước 2: Bổ sung phương pháp mới (không phủ nhận cách cũ)"
      },
      {
        "type": "paragraph",
        "text": "Mình cho con học Sorokid ngoài giờ ông dạy. Mình nói với con: \"Ông dạy con nhớ nhanh, app này giúp con hiểu thêm. Có cả hai thì con giỏi hơn bạn!\""
      },
      {
        "type": "paragraph",
        "text": "Con không nghĩ ông sai. Con nghĩ mình có thêm công cụ."
      },
      {
        "type": "heading",
        "level": 3,
        "text": "Bước 3: Chuyển hướng ông bà sang thế mạnh khác"
      },
      {
        "type": "paragraph",
        "text": "Mình nhờ ông dạy con những thứ ông giỏi mà app không có:"
      },
      {
        "type": "list",
        "items": [
          "Kể chuyện ngày xưa, chuyện lịch sử",
          "Dạy con về đời sống, cách cư xử",
          "Chơi cờ tướng với ông",
          "Đi bộ buổi sáng cùng ông bà"
        ]
      },
      {
        "type": "paragraph",
        "text": "Ông vẫn có vai trò quan trọng trong việc dạy cháu – chỉ là dạy những thứ khác."
      },
      {
        "type": "heading",
        "level": 3,
        "text": "Bước 4: Nói chuyện riêng với con"
      },
      {
        "type": "paragraph",
        "text": "Mình giải thích cho con (khi không có ông): \"Ông dạy con cách nhớ nhanh, đó là cách ông học ngày xưa. App dạy con cách hiểu, đó là cách mới. Con biết cả hai thì tuyệt vời nhất.\""
      },
      {
        "type": "paragraph",
        "text": "Con hiểu: không ai sai, chỉ là hai cách khác nhau."
      },
      {
        "type": "heading",
        "level": 2,
        "text": "Kết quả sau 6 tháng"
      },
      {
        "type": "paragraph",
        "text": "Điều mình vui nhất: không ai bị tổn thương, và con có lợi từ cả hai cách."
      },
      {
        "type": "list",
        "items": [
          "**Con thuộc bảng cửu chương** – Nhờ ông dạy, con trả lời nhanh như máy",
          "**Con hiểu bản chất phép nhân** – Nhờ app, con giải được bài mới",
          "**Ông bà vui** – Vẫn được dạy cháu, vẫn thấy mình có ích",
          "**Quan hệ gia đình tốt** – Không có tranh cãi, căng thẳng",
          "**Con tự tin** – Biết mình có nhiều công cụ trong tay"
        ]
      },
      {
        "type": "callout",
        "style": "reassurance",
        "text": "Không cần tranh luận ai đúng. Hãy tìm cách kết hợp. Con được lợi từ cả hai cách, và không ai bị tổn thương."
      },
      {
        "type": "heading",
        "level": 2,
        "text": "Lời khuyên cho phụ huynh cùng hoàn cảnh"
      },
      {
        "type": "paragraph",
        "text": "Nếu bạn đang sống cùng ông bà và gặp tình huống tương tự, đây là lời khuyên của mình:"
      },
      {
        "type": "list",
        "items": [
          "**Đừng nói ông bà sai** – Họ dạy theo cách họ biết, với tình thương thật sự",
          "**Bổ sung thay vì thay thế** – Thêm phương pháp mới, không phủ nhận cách cũ",
          "**Tìm thế mạnh của ông bà** – Chuyển hướng họ sang những thứ họ giỏi",
          "**Nói chuyện riêng với con** – Giải thích để con hiểu, không bị bối rối",
          "**Giữ hòa khí** – Quan hệ gia đình quan trọng hơn bất kỳ bài toán nào"
        ]
      },
      {
        "type": "heading",
        "level": 2,
        "text": "Kết luận: Tình thương không cần tranh cãi"
      },
      {
        "type": "paragraph",
        "text": "Ông dạy con theo kiểu cũ vì ông thương con. Mình muốn con học kiểu mới vì mình thương con. Cùng một tình thương, chỉ khác cách thể hiện."
      },
      {
        "type": "paragraph",
        "text": "Thay vì tranh cãi ai đúng, hãy nghĩ xem làm sao để con có lợi nhất – từ cả hai nguồn yêu thương đó."
      }
    ]
  },
  "faq": [
    {
      "question": "Nên nói thẳng với ông bà không?",
      "answer": "Không nên nói ông bà sai. Thay vào đó, bổ sung phương pháp mới cho con mà không phủ nhận công lao của ông bà."
    },
    {
      "question": "Học thuộc có hại không?",
      "answer": "Không hại nếu kết hợp với hiểu bản chất. Trẻ cần cả hai: nhớ nhanh kết quả và hiểu tại sao."
    },
    {
      "question": "Làm sao kết hợp cách dạy cũ và mới?",
      "answer": "Để ông bà dạy những thứ họ giỏi (thuộc bảng cửu chương, kể chuyện). Dùng app để dạy phương pháp mới. Con được cả hai."
    },
    {
      "question": "Con bị loạn khi học hai cách khác nhau không?",
      "answer": "Không. Trẻ có khả năng thích nghi tốt. Chỉ cần giải thích rõ: mỗi cách có ưu điểm riêng, không cách nào sai."
    },
    {
      "question": "Ông bà không chịu dùng phương pháp mới, làm sao?",
      "answer": "Không cần ép ông bà đổi. Bạn dùng app dạy con ngoài giờ ông bà. Ông bà vẫn dạy cách của họ. Con học được cả hai."
    },
    {
      "question": "Có nên ngăn ông bà dạy con không?",
      "answer": "Không nên, trừ khi cách dạy có hại. Việc dạy cháu giúp ông bà vui, gắn kết với cháu. Bạn chỉ cần bổ sung thêm phương pháp mới."
    },
    {
      "question": "Làm sao để cảm ơn ông bà mà không gây mâu thuẫn?",
      "answer": "Khen ông bà trước mặt con: \"Nhờ ông dạy mà con thuộc bảng cửu chương rồi!\". Bổ sung cách mới mà không phê phán cách cũ."
    },
    {
      "question": "Con chỉ nghe ông bà, không nghe bố mẹ, phải làm sao?",
      "answer": "Bình thường. Trẻ thường \"sợ\" ông bà hơn. Dùng app để con tự học, bạn chỉ theo dõi. Không cần \"cạnh tranh\" với ông bà."
    },
    {
      "question": "Học thuộc xong rồi mới học hiểu, hay ngược lại?",
      "answer": "Có thể song song. Nhiều trẻ hiểu tốt hơn khi đã thuộc. Một số trẻ cần hiểu trước mới nhớ được. Tùy con."
    },
    {
      "question": "Có nên cho ông bà dùng app dạy cháu không?",
      "answer": "Nếu ông bà sẵn lòng thì tốt. Nhưng không nên ép. Ông bà có thể dạy cách truyền thống, bạn bổ sung cách mới."
    }
  ],
  "cta": {
    "text": "Sorokid giúp con hiểu bản chất toán qua hình ảnh, bổ sung cho cách học truyền thống.",
    "buttonText": "Tìm hiểu thêm",
    "buttonLink": "/register"
  },
  "seo": {
    "title": "Ông bà dạy con theo kiểu cũ – mình không biết nói sao",
    "description": "Ông dạy con học thuộc bảng cửu chương. Mình muốn con hiểu bản chất. Hai thế hệ, hai cách dạy.",
    "keywords": "ông bà dạy cháu, mâu thuẫn cách dạy, phương pháp dạy toán"
  },
  "schema": {
    "type": "Article",
    "datePublished": "2026-02-02",
    "author": "Chị Quỳnh Anh"
  },
  "author": {
    "name": "Chị Quỳnh Anh",
    "bio": "Mẹ của bé gái 7 tuổi ở Hải Phòng, đang sống cùng ông bà và tìm cách kết hợp hai thế hệ dạy con"
  }
}