{
  "slug": "phep-cong-don-gian-tren-soroban",
  "title": "Phép cộng đơn giản trên Soroban – Bước đầu tiên",
  "description": "Hướng dẫn cách cộng trên Soroban khi tổng nhỏ hơn 10. Từng bước chi tiết, dễ hiểu cho phụ huynh và trẻ mới học.",
  "category": "soroban-cho-phu-huynh",
  "keywords": [
    "phép cộng soroban",
    "cách cộng trên soroban",
    "cộng soroban cho người mới",
    "học cộng soroban"
  ],
  "status": "published",
  "publishedAt": "2025-12-27T14:04:36.617Z",
  "createdAt": "2025-12-25",
  "image": "/blog/day-tre-phep-cong-soroban.jpg",
  "imageAlt": "Phụ huynh dạy trẻ phép cộng đơn giản trên Soroban",
  "readingTime": 6,
  "categoryOrder": 1,
  "order": 6,
  "translations": {
    "en": "simple-addition-on-soroban"
  },
  "content": {
    "intro": "Sau khi con biết biểu diễn số, bước tiếp theo là học phép cộng. Bài này hướng dẫn cộng đơn giản – khi tổng không vượt quá 9. Đây là nền tảng trước khi học cộng có nhớ.",
    "sections": [
      {
        "type": "heading",
        "level": 2,
        "text": "Nguyên tắc cộng trên Soroban"
      },
      {
        "type": "paragraph",
        "text": "Cộng trên Soroban = gạt thêm hạt lên (áp vào thanh ngang)."
      },
      {
        "type": "list",
        "items": [
          "Cộng 1-4: Gạt hạt đất lên (dùng ngón cái)",
          "Cộng 5: Gạt hạt trời xuống (dùng ngón trỏ)"
        ]
      },
      {
        "type": "callout",
        "style": "info",
        "text": "Quy tắc: Cộng = gạt hạt vào gần thanh ngang. Trừ = gạt hạt ra xa thanh ngang."
      },
      {
        "type": "heading",
        "level": 2,
        "text": "Ví dụ 1: 2 + 3"
      },
      {
        "type": "heading",
        "level": 3,
        "text": "Bước 1: Biểu diễn số 2"
      },
      {
        "type": "paragraph",
        "text": "Gạt 2 hạt đất lên áp thanh ngang. Hạt trời ở trên (không áp)."
      },
      {
        "type": "heading",
        "level": 3,
        "text": "Bước 2: Cộng 3"
      },
      {
        "type": "paragraph",
        "text": "Gạt thêm 3 hạt đất lên. Lúc này có 5 hạt đất... nhưng chỉ có 4 hạt đất thôi!"
      },
      {
        "type": "paragraph",
        "text": "Thực ra: Đã có 2 hạt, gạt thêm 2 hạt nữa = 4 hạt đất. Chưa đủ 3."
      },
      {
        "type": "paragraph",
        "text": "Ở bài này, giả sử con dùng cột khác để tính. Hoặc ta học trường hợp đơn giản hơn trước."
      },
      {
        "type": "callout",
        "style": "info",
        "text": "2 + 3 thực ra cần dùng \"Bạn của 5\". Để đơn giản, ta học các phép cộng không vượt quá số hạt có sẵn trước."
      },
      {
        "type": "heading",
        "level": 2,
        "text": "Các trường hợp cộng đơn giản"
      },
      {
        "type": "paragraph",
        "text": "Cộng đơn giản = khi số hạt cần gạt vẫn còn đủ. Ví dụ:"
      },
      {
        "type": "heading",
        "level": 3,
        "text": "Cộng với hạt đất (1-4)"
      },
      {
        "type": "table",
        "headers": [
          "Phép tính",
          "Trên Soroban",
          "Kết quả"
        ],
        "rows": [
          [
            "1 + 1",
            "Có 1 hạt đất, gạt thêm 1 hạt",
            "2 hạt đất = 2"
          ],
          [
            "1 + 2",
            "Có 1 hạt đất, gạt thêm 2 hạt",
            "3 hạt đất = 3"
          ],
          [
            "2 + 1",
            "Có 2 hạt đất, gạt thêm 1 hạt",
            "3 hạt đất = 3"
          ],
          [
            "2 + 2",
            "Có 2 hạt đất, gạt thêm 2 hạt",
            "4 hạt đất = 4"
          ],
          [
            "1 + 3",
            "Có 1 hạt đất, gạt thêm 3 hạt",
            "4 hạt đất = 4"
          ]
        ]
      },
      {
        "type": "heading",
        "level": 3,
        "text": "Cộng với số 5"
      },
      {
        "type": "table",
        "headers": [
          "Phép tính",
          "Trên Soroban",
          "Kết quả"
        ],
        "rows": [
          [
            "5 + 1",
            "Hạt trời đang áp, gạt 1 hạt đất lên",
            "5 + 1 = 6"
          ],
          [
            "5 + 2",
            "Hạt trời đang áp, gạt 2 hạt đất lên",
            "5 + 2 = 7"
          ],
          [
            "5 + 3",
            "Hạt trời đang áp, gạt 3 hạt đất lên",
            "5 + 3 = 8"
          ],
          [
            "5 + 4",
            "Hạt trời đang áp, gạt 4 hạt đất lên",
            "5 + 4 = 9"
          ]
        ]
      },
      {
        "type": "heading",
        "level": 3,
        "text": "Cộng với 6-9"
      },
      {
        "type": "table",
        "headers": [
          "Phép tính",
          "Trên Soroban",
          "Kết quả"
        ],
        "rows": [
          [
            "6 + 1",
            "Đang có 5+1, gạt thêm 1 hạt đất",
            "5 + 2 = 7"
          ],
          [
            "6 + 2",
            "Đang có 5+1, gạt thêm 2 hạt đất",
            "5 + 3 = 8"
          ],
          [
            "7 + 1",
            "Đang có 5+2, gạt thêm 1 hạt đất",
            "5 + 3 = 8"
          ],
          [
            "7 + 2",
            "Đang có 5+2, gạt thêm 2 hạt đất",
            "5 + 4 = 9"
          ]
        ]
      },
      {
        "type": "heading",
        "level": 2,
        "text": "Khi nào KHÔNG dùng được cách này?"
      },
      {
        "type": "paragraph",
        "text": "Khi tổng vượt quá 9 trên 1 cột, hoặc khi không đủ hạt để gạt thêm:"
      },
      {
        "type": "list",
        "items": [
          "**3 + 4 = 7:** Có 3 hạt đất, cần thêm 4, nhưng chỉ còn 1 hạt đất (vì tối đa 4 hạt). → Phải dùng Bạn của 5.",
          "**8 + 5 = 13:** Vượt quá 9. → Phải dùng Bạn của 10, sang hàng chục."
        ]
      },
      {
        "type": "paragraph",
        "text": "Những trường hợp này sẽ học ở bài Bạn của 5 và Bạn của 10."
      },
      {
        "type": "heading",
        "level": 2,
        "text": "Bài tập cộng đơn giản"
      },
      {
        "type": "heading",
        "level": 3,
        "text": "Bài 1: Cộng trong phạm vi hạt đất"
      },
      {
        "type": "paragraph",
        "text": "1+1, 1+2, 1+3, 2+1, 2+2"
      },
      {
        "type": "heading",
        "level": 3,
        "text": "Bài 2: Cộng với số 5"
      },
      {
        "type": "paragraph",
        "text": "5+1, 5+2, 5+3, 5+4"
      },
      {
        "type": "heading",
        "level": 3,
        "text": "Bài 3: Cộng với 6-7-8"
      },
      {
        "type": "paragraph",
        "text": "6+1, 6+2, 6+3, 7+1, 7+2, 8+1"
      },
      {
        "type": "heading",
        "level": 3,
        "text": "Bài 4: Cộng liên tiếp"
      },
      {
        "type": "paragraph",
        "text": "1+1+1+1 = ?"
      },
      {
        "type": "paragraph",
        "text": "5+1+1+1 = ?"
      },
      {
        "type": "heading",
        "level": 2,
        "text": "Mẹo cho phụ huynh"
      },
      {
        "type": "list",
        "items": [
          "**Làm chậm:** Mỗi bước đọc to \"có 2, thêm 1, bằng 3\"",
          "**Kiểm tra bằng mắt:** Sau khi gạt, con đọc lại kết quả trên Soroban",
          "**Đừng vội nhảy cấp:** Thành thạo cộng đơn giản trước khi học Bạn của 5"
        ]
      },
      {
        "type": "callout",
        "style": "reassurance",
        "text": "Cộng đơn giản nghe dễ, nhưng cần luyện thật nhuần nhuyễn. Khi con gạt không cần suy nghĩ, việc học tiếp sẽ nhẹ nhàng hơn."
      },
      {
        "type": "paragraph",
        "text": "Mình cho con luyện cộng đơn giản trên Sorokid mỗi ngày 10 phút. App cho bài tập vừa sức, tăng dần độ khó."
      }
    ]
  },
  "faq": [
    {
      "question": "Sao 2+3 lại không phải cộng đơn giản?",
      "answer": "Vì khi đang có 2 hạt đất, chỉ còn 2 hạt đất trống. Muốn cộng 3 thì không đủ hạt. Phải dùng quy tắc Bạn của 5: gạt hạt trời xuống (cộng 5), đồng thời bỏ 2 hạt đất (trừ 2). Kết quả: 2 + 3 = 5."
    },
    {
      "question": "Con cần luyện cộng đơn giản bao lâu?",
      "answer": "Khoảng 3-5 ngày nếu luyện mỗi ngày 15-20 phút. Khi con gạt mà không cần nhìn tay, không cần suy nghĩ, thì có thể học tiếp quy tắc Bạn của 5."
    },
    {
      "question": "Có thể bỏ qua phần này để học cộng có nhớ luôn không?",
      "answer": "Không nên. Cộng đơn giản là nền tảng. Nếu chưa thành thạo mà học tiếp, con sẽ dễ nhầm và nản. Chậm mà chắc tốt hơn."
    },
    {
      "question": "Con tính đúng nhưng chậm, có sao không?",
      "answer": "Không sao. Ban đầu cần ĐÚNG trước, NHANH sau. Luyện đều đặn mỗi ngày 15-20 phút, tốc độ sẽ tăng dần một cách tự nhiên."
    },
    {
      "question": "Dùng ngón nào để gạt hạt khi cộng?",
      "answer": "Ngón cái gạt hạt đất LÊN (cộng 1-4). Ngón trỏ gạt hạt trời XUỐNG (cộng 5). Quy tắc này giúp tay di chuyển hiệu quả, tính nhanh hơn về sau."
    },
    {
      "question": "Nếu con gạt sai, sửa thế nào?",
      "answer": "Gạt ngược lại để trả hạt về vị trí cũ, rồi làm lại. Không nhấn reset vì sẽ mất cả số ban đầu. Luyện nhiều sẽ ít sai dần."
    },
    {
      "question": "Cộng đơn giản gồm những phép tính nào?",
      "answer": "Là những phép cộng mà tổng không vượt quá số hạt có sẵn: 1+1, 1+2, 1+3, 2+1, 2+2, 5+1, 5+2, 5+3, 5+4, 6+1, 6+2, 6+3, 7+1, 7+2, 8+1."
    },
    {
      "question": "Sau cộng đơn giản thì học gì tiếp?",
      "answer": "Học quy tắc Bạn của 5 (Friends of 5) để cộng khi không đủ hạt đất. Ví dụ: 3+4 = 3+5-1 = 7. Sau đó học Bạn của 10."
    },
    {
      "question": "Con cộng liên tiếp hay bị nhầm, làm sao?",
      "answer": "Sau mỗi bước, cho con đọc to kết quả trên Soroban trước khi cộng tiếp. Ví dụ: 'Có 3, thêm 2, bằng 5. Có 5, thêm 1, bằng 6.' Giúp kiểm tra và ghi nhớ."
    },
    {
      "question": "Có app nào luyện phép cộng đơn giản không?",
      "answer": "Sorokid có bài tập cộng từ cơ bản đến nâng cao. App cho bài vừa sức, tăng dần độ khó, con không bị quá tải cũng không nhàm chán."
    }
  ],
  "cta": {
    "text": "Sorokid có bài tập cộng từ cơ bản đến nâng cao, giúp con luyện đều đặn và tiến bộ từng ngày. Học như chơi game.",
    "buttonText": "Cho con luyện thử miễn phí 7 ngày",
    "buttonLink": "/register"
  },
  "seo": {
    "title": "Phép cộng đơn giản trên Soroban – Bước đầu tiên",
    "description": "Hướng dẫn cách cộng trên Soroban khi tổng nhỏ hơn 10. Từng bước chi tiết, dễ hiểu cho phụ huynh và trẻ mới học.",
    "keywords": "phép cộng soroban, cách cộng trên soroban, cộng soroban cho người mới, học cộng soroban"
  },
  "schema": {
    "type": "Article",
    "datePublished": "2025-12-27T14:04:36.617Z",
    "author": "Chị Minh Thư"
  }
}