{
  "slug": "phu-huynh-co-nen-truc-tiep-day-con-hoc-toan-khong",
  "title": "Mình đã cố làm giáo viên của con – và đây là bài học",
  "description": "Mình từng nghĩ: con mình thì mình phải dạy. Nhưng sau nhiều tháng căng thẳng, mình nhận ra: không nhất thiết phải vậy.",
  "category": "phu-huynh-kem-con-hoc-toan",
  "keywords": [
    "phụ huynh dạy con học toán",
    "có nên tự dạy con toán",
    "kèm con học toán tại nhà",
    "bố mẹ tự dạy con học",
    "giáo viên riêng cho con",
    "học toán tại nhà hiệu quả",
    "mẹ kèm con học căng thẳng",
    "đồng hành cùng con học toán",
    "không nên tự dạy con toán",
    "để app dạy con học toán",
    "vai trò phụ huynh trong việc học",
    "cách hỗ trợ con học toán đúng"
  ],
  "status": "published",
  "publishedAt": "2025-12-27T14:03:54.443Z",
  "createdAt": "2025-12-25",
  "image": "/blog/bo-truc-tiep-day-con-hoc-toan.jpg",
  "imageAlt": "Bố châu Á trực tiếp dạy con học toán tại nhà",
  "readingTime": 12,
  "categoryOrder": 3,
  "order": 4,
  "translations": {
    "en": "mnh-c-lm-gio-vin-ca-con-v-y-l-bi-hc"
  },
  "content": {
    "intro": "\"Con mình thì mình dạy.\" Mình nghĩ vậy từ khi con vào lớp 1. Nên mình ngồi kèm mỗi tối, cố giảng giải, cố sửa bài. Gần một năm sau, mình nhận ra: mình đã sai. Bài viết này chia sẻ hành trình mình từ một \"giáo viên tại gia\" căng thẳng trở thành một phụ huynh đồng hành nhẹ nhàng – và tại sao đó là quyết định đúng đắn nhất.",
    "sections": [
      {
        "type": "heading",
        "level": 2,
        "text": "Câu chuyện của mình: Khi tình yêu biến thành áp lực"
      },
      {
        "type": "paragraph",
        "text": "Con mình vào lớp 1, mình háo hức lắm. Mình mua đủ loại sách, vở, bút màu. Mỗi tối sau bữa cơm, mình ngồi cạnh con, cầm tay chỉ từng bài. Mình nghĩ đây là cách thể hiện tình yêu với con."
      },
      {
        "type": "paragraph",
        "text": "Tháng đầu còn vui. Tháng thứ hai bắt đầu có tiếng thở dài. Tháng thứ ba, mình bắt đầu gắt gỏng: \"Sao con không tập trung?\", \"Bài này mẹ giảng mấy lần rồi!\", \"Con có nghe mẹ nói không?\""
      },
      {
        "type": "paragraph",
        "text": "Đến tháng thứ sáu, mỗi buổi học kết thúc bằng nước mắt – của con và cả của mình. Con bắt đầu tìm cách trốn: \"Con đau bụng\", \"Con buồn ngủ\", \"Con muốn đi vệ sinh\". Mình biết con không muốn học với mình nữa."
      },
      {
        "type": "callout",
        "style": "empathy",
        "text": "Nếu bạn đang đọc và thấy giống mình – bạn không một mình. Theo khảo sát năm 2023, 67% phụ huynh Việt Nam thừa nhận việc kèm con học gây căng thẳng cho cả gia đình."
      },
      {
        "type": "heading",
        "level": 2,
        "text": "Mình không phải giáo viên – và đó là sự thật"
      },
      {
        "type": "paragraph",
        "text": "Mình yêu con, muốn con giỏi. Nhưng yêu con không có nghĩa mình biết cách dạy. Giáo viên được đào tạo 4 năm đại học để hiểu tâm lý trẻ, biết cách giải thích phù hợp với từng độ tuổi, biết khi nào cần động viên, khi nào cần nghiêm khắc. Mình thì không."
      },
      {
        "type": "paragraph",
        "text": "Mình hay nói \"Bài này dễ mà\" – vì với mình (người lớn đã học xong cấp 3) nó dễ. Nhưng với con 6 tuổi mới học số, nó không dễ chút nào. Câu đó vô tình làm con thêm áp lực, thêm tự ti."
      },
      {
        "type": "heading",
        "level": 3,
        "text": "Những sai lầm mình hay mắc khi tự dạy con"
      },
      {
        "type": "list",
        "items": [
          "**Nói \"Dễ mà\"** – làm con nghĩ mình dốt vì không làm được bài \"dễ\"",
          "**So sánh với bạn** – \"Bạn A làm được, sao con không?\" – phá hủy sự tự tin",
          "**Giảng quá nhiều** – con không tiếp thu được, càng giảng càng rối",
          "**Mất kiên nhẫn** – la mắng khi con sai, khiến con sợ học",
          "**Kỳ vọng quá cao** – muốn con hiểu ngay, quên rằng học cần thời gian"
        ]
      },
      {
        "type": "heading",
        "level": 2,
        "text": "Con cư xử khác khi học với bố mẹ"
      },
      {
        "type": "paragraph",
        "text": "Mình để ý một điều lạ: ở trường con làm bài bình thường, cô giáo khen con ngoan, chăm chỉ. Nhưng về nhà ngồi với mình thì đơ ra, không làm được gì cả."
      },
      {
        "type": "paragraph",
        "text": "Có thể vì **ỷ lại** – con biết mình sẽ chỉ, nên không cần cố gắng. Hoặc vì **áp lực** – con sợ làm sai mình buồn, sợ bị la, nên đầu óc trống rỗng."
      },
      {
        "type": "paragraph",
        "text": "Có hôm con còn phản kháng: \"Mẹ đừng nói nữa, con biết rồi!\" Nhưng rõ ràng con chưa biết. Con chỉ không muốn nghe mình giảng thêm nữa. Đó là dấu hiệu con đã quá tải."
      },
      {
        "type": "heading",
        "level": 3,
        "text": "Tại sao trẻ học kém hơn khi có bố mẹ ngồi cạnh?"
      },
      {
        "type": "list",
        "items": [
          "**Áp lực vô hình**: Con sợ làm sai, sợ bố mẹ thất vọng",
          "**Ỷ lại**: Biết có người chỉ, nên không cần tự suy nghĩ",
          "**Mất tập trung**: Chú ý đến phản ứng của bố mẹ hơn là bài học",
          "**Căng thẳng**: Khi não bộ căng thẳng, khả năng tiếp thu giảm 40%",
          "**Thiếu động lực nội tại**: Học vì bố mẹ bắt, không phải vì muốn"
        ]
      },
      {
        "type": "heading",
        "level": 2,
        "text": "Đồng hành khác gì với dạy học?"
      },
      {
        "type": "paragraph",
        "text": "Mình phải mất một thời gian mới hiểu sự khác biệt quan trọng này:"
      },
      {
        "type": "list",
        "items": [
          "**Dạy học** = Giảng giải, sửa bài, kiểm tra, đánh giá, cho điểm",
          "**Đồng hành** = Quan tâm, động viên, tạo môi trường, và biết khi nào cần tìm hỗ trợ chuyên nghiệp"
        ]
      },
      {
        "type": "paragraph",
        "text": "Mình không cần làm giáo viên của con. Đã có trường, có thầy cô, có công cụ học tập lo việc \"dạy\". Việc của mình là làm **phụ huynh** – người ở bên, động viên, tạo không gian học tập tốt, và quan trọng nhất: không tạo thêm áp lực."
      },
      {
        "type": "callout",
        "style": "tip",
        "text": "Vai trò của phụ huynh không phải là thầy cô thứ hai. Vai trò của bạn là người ủng hộ, người cổ vũ, người tạo điều kiện – không phải người giảng bài."
      },
      {
        "type": "heading",
        "level": 2,
        "text": "10 dấu hiệu bạn cần dừng việc tự dạy con"
      },
      {
        "type": "paragraph",
        "text": "Nhìn lại, mình thấy những dấu hiệu này từ lâu nhưng không chịu nhận. Nếu bạn thấy 3-4 dấu hiệu trở lên, có lẽ đã đến lúc thử cách khác:"
      },
      {
        "type": "list",
        "items": [
          "Mỗi buổi học kết thúc bằng la hét hoặc nước mắt",
          "Con tìm cách trốn tránh giờ học với bạn",
          "Bạn kiệt sức sau mỗi buổi kèm",
          "Quan hệ bố mẹ - con trở nên căng thẳng vì chuyện học",
          "Con nói \"Con ghét học\" hoặc \"Con ghét toán\"",
          "Bạn phải nhắc đi nhắc lại hàng chục lần mà con vẫn không làm",
          "Con khóc trước khi bắt đầu học",
          "Bạn thấy mình hay so sánh con với bạn bè",
          "Điểm số của con không cải thiện dù bạn kèm nhiều",
          "Bạn bắt đầu nghi ngờ khả năng của con"
        ]
      },
      {
        "type": "heading",
        "level": 2,
        "text": "Mình thay đổi như thế nào – Bước từng bước"
      },
      {
        "type": "paragraph",
        "text": "Quyết định không ngồi kèm con nữa không dễ. Mình lo: \"Không kèm thì con có tự giác không?\", \"Con sẽ tụt hậu không?\", \"Người ta sẽ nghĩ mình là phụ huynh vô trách nhiệm?\"."
      },
      {
        "type": "paragraph",
        "text": "Nhưng mình quyết tâm thử. Đây là những thay đổi mình làm:"
      },
      {
        "type": "heading",
        "level": 3,
        "text": "Bước 1: Chọn công cụ thay thế"
      },
      {
        "type": "paragraph",
        "text": "Mình tìm ứng dụng học toán phù hợp cho con. Sau khi thử vài app, mình chọn Sorokid vì có hướng dẫn từng bước, có hình ảnh sinh động, có phần thưởng động viên. Quan trọng là con có thể tự học mà không cần mình ngồi cạnh."
      },
      {
        "type": "heading",
        "level": 3,
        "text": "Bước 2: Thiết lập thói quen mới"
      },
      {
        "type": "paragraph",
        "text": "Mình và con thống nhất: mỗi tối sau bữa cơm, con tự học 15 phút với app. Mình không ngồi cạnh, nhưng ở gần đó nếu con cần. Sau đó, cả nhà có thời gian chơi cùng nhau."
      },
      {
        "type": "heading",
        "level": 3,
        "text": "Bước 3: Theo dõi từ xa"
      },
      {
        "type": "paragraph",
        "text": "Mình xem tiến độ của con qua phần báo cáo cho phụ huynh trên app. Biết con học đến đâu, đúng bao nhiêu phần trăm, mà không cần ngồi cạnh kiểm soát."
      },
      {
        "type": "heading",
        "level": 3,
        "text": "Bước 4: Chuyển từ \"kiểm tra\" sang \"hỏi thăm\""
      },
      {
        "type": "paragraph",
        "text": "Thay vì hỏi: \"Con làm bài chưa? Đúng bao nhiêu?\", mình hỏi: \"Hôm nay con học vui không? Có gì hay không?\". Chuyển từ kiểm soát sang quan tâm."
      },
      {
        "type": "heading",
        "level": 2,
        "text": "Kết quả sau 3 tháng thay đổi"
      },
      {
        "type": "paragraph",
        "text": "Điều mình không ngờ tới: khi không có mình ngồi cạnh \"kiểm soát\", con thoải mái hơn, học tốt hơn. Cụ thể:"
      },
      {
        "type": "list",
        "items": [
          "**Con tự giác hơn**: Tự mở app học mà không cần nhắc",
          "**Không còn khóc**: Không còn nước mắt trước giờ học",
          "**Quan hệ mẹ con cải thiện**: Buổi tối dành để chơi, nói chuyện vui vẻ",
          "**Điểm toán tăng**: Từ 7-8 lên 8-9 điểm",
          "**Con tự tin hơn**: Bắt đầu nói \"Con thích học toán\""
        ]
      },
      {
        "type": "heading",
        "level": 2,
        "text": "Điều quan trọng nhất mình học được"
      },
      {
        "type": "paragraph",
        "text": "Mối quan hệ giữa mình và con quan trọng hơn bất kỳ bài toán nào. Nếu việc kèm con học đang làm tổn thương mối quan hệ đó, thì cách đó không đúng – dù có bao nhiêu lý do \"tốt đẹp\" đi nữa."
      },
      {
        "type": "paragraph",
        "text": "Mình vẫn yêu con, vẫn quan tâm đến việc học của con. Chỉ là mình không làm \"giáo viên\" nữa. Mình làm phụ huynh – vai trò đúng đắn và quan trọng hơn nhiều."
      },
      {
        "type": "callout",
        "style": "reassurance",
        "text": "Không kèm con học không có nghĩa là bạn không quan tâm con. Ngược lại, biết giới hạn của mình và tìm giải pháp phù hợp – đó chính là cách phụ huynh yêu con thông minh nhất."
      },
      {
        "type": "heading",
        "level": 2,
        "text": "Lời khuyên cho phụ huynh đang phân vân"
      },
      {
        "type": "paragraph",
        "text": "Nếu bạn đang ở vị trí giống mình một năm trước – mệt mỏi, căng thẳng, muốn thay đổi nhưng sợ – đây là lời khuyên của mình:"
      },
      {
        "type": "list",
        "items": [
          "**Thử nghiệm 2 tuần**: Dừng kèm con, dùng app hoặc công cụ khác, xem kết quả",
          "**Quan sát con**: Con có vui hơn không? Có tự giác hơn không?",
          "**Quan sát mình**: Mình có bớt căng thẳng không? Quan hệ gia đình có tốt hơn không?",
          "**Đừng sợ \"người ta nghĩ gì\"**: Bạn biết con bạn cần gì hơn ai hết",
          "**Tin tưởng con**: Con có khả năng tự học, chỉ cần công cụ và môi trường phù hợp"
        ]
      },
      {
        "type": "heading",
        "level": 2,
        "text": "Kết luận: Yêu con là biết buông tay đúng lúc"
      },
      {
        "type": "paragraph",
        "text": "Một năm trước, mình nghĩ yêu con là phải ngồi cạnh con mỗi tối, giảng từng bài, sửa từng lỗi. Bây giờ mình hiểu: yêu con là biết khi nào cần buông tay để con tự bay."
      },
      {
        "type": "paragraph",
        "text": "Mình không hoàn hảo. Cách mình chọn có thể không phù hợp với mọi gia đình. Nhưng nếu bạn đang kiệt sức vì kèm con học – hãy biết rằng có cách khác. Bạn được phép thử. Bạn được phép thay đổi."
      }
    ]
  },
  "faq": [
    {
      "question": "Không giỏi toán có hỗ trợ con được không?",
      "answer": "Được chứ. Hỗ trợ con không có nghĩa phải giỏi hơn con. Bạn có thể động viên, tạo thói quen học tập, và dùng các công cụ hỗ trợ phù hợp."
    },
    {
      "question": "Nếu không kèm, làm sao biết con học đến đâu?",
      "answer": "Các ứng dụng học online bây giờ đều có phần theo dõi tiến độ cho phụ huynh. Bạn xem con đã hoàn thành bài nào, đúng bao nhiêu phần trăm mà không cần ngồi cạnh."
    },
    {
      "question": "Con lớp 2, có quá sớm để dùng app không?",
      "answer": "Không. Nhiều ứng dụng được thiết kế cho trẻ từ 5-6 tuổi với giao diện đơn giản, hình ảnh sinh động."
    },
    {
      "question": "App có thay thế hoàn toàn việc phụ huynh quan tâm không?",
      "answer": "Không. App là công cụ hỗ trợ, không thay thế vai trò của bạn. Sự quan tâm, động viên từ cha mẹ vẫn là quan trọng nhất."
    },
    {
      "question": "Phụ huynh nên dành bao nhiêu thời gian kèm con học toán?",
      "answer": "Không có con số cố định. Quan trọng là chất lượng, không phải số lượng. 10-15 phút động viên, hỏi thăm có thể hiệu quả hơn 2 tiếng ngồi kèm căng thẳng."
    },
    {
      "question": "Con không chịu tự học khi không có mẹ ngồi cạnh, làm sao?",
      "answer": "Bắt đầu từ từ. Ngồi cạnh nhưng không can thiệp, rồi dần dần rời đi. Dùng app có phần thưởng, game để tạo động lực tự học cho con."
    },
    {
      "question": "Tự dạy con có lợi gì không?",
      "answer": "Có thể tạo gắn kết nếu cả hai đều thoải mái. Nhưng nếu gây căng thẳng, tổn hại mối quan hệ thì lợi bất cập hại."
    },
    {
      "question": "Làm sao để không la con khi kèm học?",
      "answer": "Nếu thấy mình sắp mất bình tĩnh, hãy dừng lại. Nghỉ giải lao, thở sâu. Hoặc chuyển sang phương pháp khác như dùng app để tránh xung đột."
    },
    {
      "question": "Con học với app có bị nghiện điện thoại không?",
      "answer": "App học tập có thiết kế giới hạn thời gian. Sorokid có chế độ học 10-15 phút/ngày. Quan trọng là phụ huynh kiểm soát thời gian sử dụng."
    },
    {
      "question": "Khi nào thì phụ huynh nên can thiệp vào việc học của con?",
      "answer": "Khi con cần hỗ trợ tinh thần, khi cần tạo thói quen, hoặc khi thấy con gặp khó khăn lớn cần giáo viên/gia sư chuyên nghiệp. Không nên can thiệp vào từng bài tập."
    }
  ],
  "cta": {
    "text": "Nếu bạn cũng đang mệt vì tự kèm con, thử để con học với Sorokid. Con tự học theo hướng dẫn, bạn theo dõi tiến độ từ xa.",
    "buttonText": "Thử xem",
    "buttonLink": "/register"
  },
  "seo": {
    "title": "Mình đã cố làm giáo viên của con – và đây là bài học",
    "description": "Mình từng nghĩ: con mình thì mình phải dạy. Nhưng sau nhiều tháng căng thẳng, mình nhận ra: không nhất thiết phải vậy.",
    "keywords": "phụ huynh dạy con học toán, có nên tự dạy con toán, kèm con học toán tại nhà"
  },
  "schema": {
    "type": "Article",
    "datePublished": "2025-12-27",
    "author": "Chị Diệu Linh"
  },
  "author": {
    "name": "Chị Diệu Linh",
    "bio": "Mẹ của bé trai 8 tuổi tại Hà Nội, từng tự kèm con học toán nhiều năm và rút ra bài học quý giá về vai trò phụ huynh"
  }
}