{
  "slug": "vi-sao-cang-kem-con-hoc-toan-ca-nha-cang-met",
  "title": "Mình đã ngồi kèm con học toán đến mức cả hai đều khóc",
  "description": "Tối nào cũng vậy – bắt đầu bằng hy vọng, kết thúc bằng la hét. Mình tưởng mình đang giúp con, hóa ra mình đang làm cả nhà thêm mệt. Đây là cách mình thay đổi.",
  "category": "phu-huynh-kem-con-hoc-toan",
  "keywords": [
    "kèm con học toán mệt",
    "dạy con học toán căng thẳng",
    "phụ huynh kèm con học",
    "stress khi kèm con học",
    "la con khi học toán",
    "mẹ con cãi nhau vì bài tập",
    "cách kèm con học hiệu quả",
    "con khóc khi học toán",
    "phụ huynh không phải giáo viên",
    "mối quan hệ mẹ con khi học",
    "buổi tối căng thẳng vì bài vở",
    "thoát khỏi áp lực kèm con học"
  ],
  "status": "published",
  "publishedAt": "2025-12-25T02:38:28.841Z",
  "createdAt": "2025-12-25",
  "image": "/blog/me-kem-con-hoc-toan-tai-nha.jpg",
  "imageAlt": "Mẹ châu Á kiên nhẫn kèm con học toán tại nhà",
  "readingTime": 13,
  "categoryOrder": 3,
  "order": 3,
  "translations": {
    "en": "mnh-ngi-km-con-hc-ton-n-mc-c-hai-u-khc"
  },
  "content": {
    "intro": "8 giờ tối. Mình vừa dọn xong bát đĩa, ngồi xuống cạnh con, mở vở toán ra. \"Nào, 7 cộng 5 bằng mấy?\" Con im lặng. Mình hỏi lại. Con vẫn im. Mình bắt đầu nóng. 30 phút sau, con khóc. Mình cũng muốn khóc.",
    "sections": [
      {
        "type": "heading",
        "level": 2,
        "text": "Buổi tối nào cũng giống buổi tối nào"
      },
      {
        "type": "paragraph",
        "text": "Mình bắt đầu với ý định tốt. Hôm nay sẽ kiên nhẫn hơn. Hôm nay sẽ không la. Hôm nay sẽ khác."
      },
      {
        "type": "paragraph",
        "text": "Nhưng rồi con ngồi đó, nhìn vào bài toán như nhìn vào tờ giấy trắng. Mình hỏi, con không trả lời. Mình giải thích, con gật đầu nhưng 5 phút sau vẫn sai y chang. Mình thở dài, con cúi đầu. Rồi giọng mình cao dần. Rồi mình thấy mắt con đỏ."
      },
      {
        "type": "paragraph",
        "text": "Kết thúc buổi học, con vào phòng. Mình ngồi một mình ở bàn, tự hỏi: mình đang làm cái quái gì vậy?"
      },
      {
        "type": "heading",
        "level": 2,
        "text": "Mình không phải người duy nhất"
      },
      {
        "type": "paragraph",
        "text": "Nói chuyện với mấy phụ huynh khác, mình mới biết nhà nào cũng vậy. Có nhà bố kèm, có nhà mẹ kèm, có nhà cả hai thay phiên – nhưng kết quả đều giống: mệt, căng, và cảm giác tội lỗi."
      },
      {
        "type": "paragraph",
        "text": "Tội lỗi vì đã la con. Tội lỗi vì không kiên nhẫn được. Tội lỗi vì lẽ ra phải là thời gian gia đình vui vẻ, nhưng lại biến thành \"trận chiến\" mỗi tối."
      },
      {
        "type": "callout",
        "style": "empathy",
        "text": "Nếu bạn cũng đang trải qua điều này, mình muốn nói: bạn không phải phụ huynh tệ. Bạn chỉ đang cố làm một việc rất khó – mà chẳng ai dạy mình cách làm cả."
      },
      {
        "type": "heading",
        "level": 2,
        "text": "Mình nghĩ lại, và thấy vài điều"
      },
      {
        "type": "paragraph",
        "text": "**Thứ nhất: Cả hai đều mệt.**"
      },
      {
        "type": "paragraph",
        "text": "Mình đi làm cả ngày, về còn phải nấu cơm, dọn dẹp. Con ở trường cả ngày, về còn phải làm bài. Buổi tối là lúc ai cũng kiệt sức. Học lúc đó, dễ gì hiệu quả."
      },
      {
        "type": "paragraph",
        "text": "**Thứ hai: Mình không biết cách dạy.**"
      },
      {
        "type": "paragraph",
        "text": "Mình biết làm toán, nhưng không biết cách giải thích cho một đứa trẻ 7 tuổi. Mình hay nói \"Bài này dễ mà\" – mà với con, nó không dễ chút nào. Câu đó vô tình làm con thêm áp lực."
      },
      {
        "type": "paragraph",
        "text": "**Thứ ba: Con cư xử khác khi học với bố mẹ.**"
      },
      {
        "type": "paragraph",
        "text": "Ở lớp con làm bài bình thường. Về nhà, ngồi với mình, con đơ ra. Có lẽ vì ỷ lại – biết mẹ sẽ chỉ. Hoặc vì áp lực – sợ làm sai mẹ buồn."
      },
      {
        "type": "heading",
        "level": 2,
        "text": "Cái giá của việc ép mình làm giáo viên"
      },
      {
        "type": "paragraph",
        "text": "Mình nhận ra, những tối kèm con học đang phá hỏng nhiều thứ:"
      },
      {
        "type": "list",
        "items": [
          "Con bắt đầu sợ môn toán – không phải vì toán khó, mà vì giờ học toán = giờ bị mắng",
          "Mình và con xa cách hơn – thay vì trò chuyện, hai mẹ con chỉ nói chuyện bài vở",
          "Mình kiệt sức – tối nào cũng căng thẳng, đi ngủ mà lòng nặng trĩu",
          "Con mất tự tin – vì cứ bị sửa, bị nhắc, bị thở dài hoài"
        ]
      },
      {
        "type": "heading",
        "level": 2,
        "text": "Mình quyết định thay đổi"
      },
      {
        "type": "paragraph",
        "text": "Một hôm, mình nói với con: \"Từ nay mẹ không ngồi kèm con nữa. Con tự làm bài. Cần gì con hỏi.\""
      },
      {
        "type": "paragraph",
        "text": "Ban đầu mình lo. Không kèm thì con có tự làm không? Có hiểu bài không? Có bị điểm kém không?"
      },
      {
        "type": "paragraph",
        "text": "Nhưng mình cho con thử một ứng dụng học toán – để con tự học theo hướng dẫn, không cần mình ngồi cạnh. Mình chỉ xem tiến độ mỗi ngày, hỏi con \"Hôm nay học vui không?\" thay vì \"Con làm được mấy bài?\""
      },
      {
        "type": "paragraph",
        "text": "Vài tuần sau, mình thấy con thoải mái hơn. Không còn căng thẳng mỗi tối. Mình cũng đỡ mệt. Và quan trọng nhất – hai mẹ con có thời gian nói chuyện bình thường, không phải lúc nào cũng về bài vở."
      },
      {
        "type": "heading",
        "level": 2,
        "text": "Mình không nói cách này đúng với tất cả"
      },
      {
        "type": "paragraph",
        "text": "Mỗi gia đình một hoàn cảnh. Có phụ huynh kèm con rất ổn, con tiếp thu tốt, cả hai đều vui. Nếu vậy thì tiếp tục thôi."
      },
      {
        "type": "paragraph",
        "text": "Nhưng nếu bạn cũng đang mệt như mình trước đây – đang ngồi kèm con mà thấy căng thẳng, thấy giận, thấy hối hận sau mỗi tối – thì có lẽ đã đến lúc thử cách khác."
      },
      {
        "type": "paragraph",
        "text": "Một số gia đình dùng các ứng dụng như Sorokid để con tự học. Con học theo hướng dẫn, sai thì thử lại, không ai la. Phụ huynh xem tiến độ từ xa. Buổi tối dành để chơi với con, thay vì \"chiến đấu\" với bài toán."
      },
      {
        "type": "callout",
        "style": "reassurance",
        "text": "Mình đã mất gần một năm mới chịu thừa nhận: mình không phải giáo viên, và mình không cần phải là. Vai trò của mình là yêu con, động viên con – không phải ngồi sửa từng bài, la từng lỗi."
      }
    ]
  },
  "faq": [
    {
      "question": "Không kèm con thì con có tự giác học không?",
      "answer": "Ban đầu cần tập dần. Đặt giờ cố định mỗi ngày, nhắc nhẹ nhàng. Dần dần con quen sẽ tự giác hơn. Quan trọng là không ngồi cạnh la mắng nữa – con đỡ sợ, học thoải mái hơn. Thưởng cho con khi học xong cũng tạo động lực."
    },
    {
      "question": "Nếu con hỏi bài mà không ai trả lời thì sao?",
      "answer": "Cho con dùng ứng dụng có hướng dẫn từng bước như Sorokid. Nếu vẫn không hiểu, để đó hôm sau hỏi cô. Không phải bài nào cũng phải làm đúng ngay tối hôm đó. Quan trọng là con cố gắng, không phải hoàn hảo."
    },
    {
      "question": "Tại sao mình kèm con lại căng thẳng hơn cô giáo kèm?",
      "answer": "Vì phụ huynh thiếu kỹ năng sư phạm và mang cảm xúc cá nhân vào. Khi cô giáo sửa bài, cô chỉ sửa bài. Khi mẹ sửa bài, mẹ còn thất vọng, lo lắng, sốt ruột. Con cảm nhận được và phản ứng lại."
    },
    {
      "question": "Con có điểm kém hơn sau khi mình không kèm?",
      "answer": "Thường là không. Nhiều phụ huynh thấy điểm vẫn tương đương hoặc cải thiện vì con đỡ sợ toán. Quan trọng hơn điểm số là con không còn ghét học – đó mới là nền tảng lâu dài."
    },
    {
      "question": "Làm sao để ngừng la con khi kèm học?",
      "answer": "Cách tốt nhất: KHÔNG KÈM. Để công cụ (app, video) dạy con, bạn chỉ động viên. Nếu vẫn muốn kèm, hãy đặt quy tắc: khi bắt đầu nóng, DỪNG LẠI, nghỉ 10 phút. Đừng cố tiếp tục khi đang bực."
    },
    {
      "question": "Con ỷ lại vào mẹ, không chịu tự làm. Phải làm sao?",
      "answer": "Con ỷ lại vì con biết mẹ sẽ làm giúp hoặc nói đáp án. Hãy thay đổi: 'Mẹ không biết bài này. Con tự làm đi.' Hoặc cho con học với app – không có ai để ỷ lại, con phải tự nghĩ."
    },
    {
      "question": "Chồng tôi bảo phải nghiêm khắc hơn con mới nghe. Đúng không?",
      "answer": "SAI. Nghiêm khắc khi kèm học chỉ tạo thêm sợ hãi, khiến con ghét học hơn. Kỷ luật cần có trong việc tạo thói quen (đúng giờ, đều đặn), nhưng khi học cần KIÊN NHẪN và ĐỒNG CẢM."
    },
    {
      "question": "Mình đã la con nhiều rồi, giờ muốn sửa sai. Bắt đầu từ đâu?",
      "answer": "Bước 1: Xin lỗi con thành thật. Bước 2: Dừng kèm trực tiếp 1-2 tuần, chỉ chơi với con. Bước 3: Dùng app/video thay mình dạy. Bước 4: Chỉ khen, không chê. Mối quan hệ sẽ dần được sửa chữa."
    },
    {
      "question": "Có những dấu hiệu nào cho thấy cần dừng kèm con?",
      "answer": "Con khóc khi học. Con tìm cớ né tránh (đau bụng, mệt). Bạn thường xuyên nâng giọng. Buổi tối căng thẳng hơn vui vẻ. Mối quan hệ mẹ con xấu đi. Nếu có 2-3 dấu hiệu này, nên thử cách khác."
    },
    {
      "question": "App học toán có thay thế được phụ huynh không?",
      "answer": "App thay thế VIỆC DẠY, không thay thế SỰ QUAN TÂM. Con vẫn cần bố mẹ khen ngợi, động viên, ăn mừng tiến bộ. Nhưng phần dạy kiến thức, app làm tốt hơn vì không mang cảm xúc tiêu cực."
    }
  ],
  "cta": {
    "text": "Nếu bạn cũng đang mệt vì kèm con mỗi tối, thử để con tự học một thời gian xem. Sorokid cho dùng thử miễn phí.",
    "buttonText": "Thử ngay",
    "buttonLink": "/register"
  },
  "seo": {
    "title": "Kèm con học toán cả nhà đều mệt – Lỗi ở ai và cách thay đổi",
    "description": "Tối nào cũng vậy – bắt đầu bằng hy vọng, kết thúc bằng la hét. Mình tưởng giúp con, hóa ra làm cả nhà thêm mệt. Đây là cách mình thay đổi.",
    "keywords": "kèm con học toán mệt, dạy con học toán căng thẳng, phụ huynh kèm con học, stress khi dạy con"
  },
  "schema": {
    "type": "Article",
    "datePublished": "2025-12-25",
    "author": "Chị Thanh Hương"
  },
  "author": {
    "name": "Chị Thanh Hương",
    "bio": "Mẹ của bé trai lớp 3, từng stress nặng vì kèm con học mỗi tối, đã tìm được cách mới nhẹ nhàng hơn"
  }
}