{
  "slug": "10-phut-moi-ngay-phu-huynh-nen-lam-gi-khi-con-hoc-toan",
  "title": "10 phút mỗi tối – mình chỉ cần làm vậy thôi",
  "description": "Trước đây mình ngồi kèm con 2 tiếng mỗi tối. Bây giờ mình chỉ dành 10 phút – nhưng đúng cách. Và kết quả tốt hơn hẳn.",
  "category": "cach-giup-con-hoc-toan-nhe-nhang",
  "keywords": [
    "10 phút học toán mỗi ngày",
    "phụ huynh hỗ trợ con học toán",
    "cách giúp con học toán"
  ],
  "status": "published",
  "publishedAt": "2025-12-25T02:38:36.311Z",
  "createdAt": "2025-12-25",
  "image": "/blog/10-phut-kem-con-hoc-toan.jpg",
  "readingTime": 4,
  "content": {
    "intro": "Trước đây mình nghĩ: kèm con càng nhiều càng tốt. Tối nào cũng ngồi 1-2 tiếng. Kết quả? Cả hai đều kiệt sức, và con chẳng tiến bộ mấy. Giờ mình chỉ dành 10 phút mỗi tối – nhưng làm đúng việc.",
    "sections": [
      {
        "type": "heading",
        "level": 2,
        "text": "Vì sao 2 tiếng không bằng 10 phút?"
      },
      {
        "type": "paragraph",
        "text": "Mình phát hiện ra: não con chỉ tập trung tốt khoảng 15-20 phút. Sau đó, con ngồi đó nhưng đầu không tiếp thu nữa. Mình cứ ép ngồi tiếp, nhưng thật ra là đang phí thời gian cả hai."
      },
      {
        "type": "paragraph",
        "text": "Còn nữa: khi mình ngồi cạnh lâu, mình hay can thiệp. Sửa từng lỗi, nhắc từng câu, thở dài khi con chậm. Con thấy bị \"kiểm soát\" thay vì được \"hỗ trợ.\""
      },
      {
        "type": "heading",
        "level": 2,
        "text": "10 phút của mình bây giờ"
      },
      {
        "type": "paragraph",
        "text": "Mình không ngồi kèm con làm bài nữa. Mình để con tự học – với ứng dụng, với sách, hoặc tự làm bài tập. 10 phút của mình là để **kết nối**, không phải để **dạy**."
      },
      {
        "type": "paragraph",
        "text": "**Phút 1-3: Hỏi thăm**"
      },
      {
        "type": "paragraph",
        "text": "\"Hôm nay con học gì ở trường?\" \"Có bài nào khó không?\" \"Con thấy bài nào vui?\" – Mình hỏi để con biết mình quan tâm, không phải để kiểm tra."
      },
      {
        "type": "paragraph",
        "text": "**Phút 4-7: Ngồi cạnh (nhưng không can thiệp)**"
      },
      {
        "type": "paragraph",
        "text": "Nếu con đang làm bài, mình ngồi cạnh một lúc. Không nói gì, không sửa – chỉ hiện diện. Con biết mình ở đây, thế là đủ."
      },
      {
        "type": "paragraph",
        "text": "**Phút 8-10: Động viên**"
      },
      {
        "type": "paragraph",
        "text": "\"Con tập trung tốt hôm nay đó.\" \"Mẹ thấy con cố gắng nhiều rồi.\" Mình khen sự cố gắng, không chỉ kết quả. Rồi mình đi, để con tiếp tục."
      },
      {
        "type": "callout",
        "style": "empathy",
        "text": "Nếu bạn bận lắm, 10 phút cũng có thể là thử thách. Nhưng mình tin: 10 phút chất lượng tốt hơn 0 phút, và tốt hơn nhiều so với 2 tiếng căng thẳng."
      },
      {
        "type": "heading",
        "level": 2,
        "text": "Những điều mình KHÔNG làm trong 10 phút này"
      },
      {
        "type": "list",
        "items": [
          "**Không kiểm tra bài:** Việc đó để cho giáo viên hoặc ứng dụng",
          "**Không so sánh:** \"Bạn A làm nhanh hơn\" sẽ phá hỏng cả 10 phút",
          "**Không la mắng:** Nếu thấy nóng giận, mình dừng lại, quay lại sau",
          "**Không ép làm thêm:** 10 phút là để kết nối, không phải để \"tranh thủ\""
        ]
      },
      {
        "type": "heading",
        "level": 2,
        "text": "Còn thời gian học thì sao?"
      },
      {
        "type": "paragraph",
        "text": "Con mình tự học khoảng 15-20 phút mỗi ngày với ứng dụng Sorokid. Ứng dụng hướng dẫn từng bước, mình không cần ngồi cạnh. Mình chỉ mở app xem con học đến đâu, rồi dùng 10 phút để hỏi thăm, động viên."
      },
      {
        "type": "paragraph",
        "text": "Tổng thời gian: 15-20 phút con tự học + 10 phút mình đồng hành = 30 phút mỗi ngày. Nhẹ nhàng hơn 2 tiếng kèm căng thẳng rất nhiều."
      },
      {
        "type": "heading",
        "level": 2,
        "text": "Kết quả?"
      },
      {
        "type": "paragraph",
        "text": "Con đỡ sợ giờ học. Mình đỡ mệt. Và quan trọng hơn – hai mẹ con có thời gian nói chuyện bình thường, không phải lúc nào cũng về bài vở."
      },
      {
        "type": "paragraph",
        "text": "Mình không biết con có giỏi toán hơn không. Nhưng chắc chắn con không ghét toán – và với mình, thế là được."
      },
      {
        "type": "callout",
        "style": "reassurance",
        "text": "Bạn không cần là siêu nhân. Không cần hy sinh cả buổi tối. 10 phút mỗi ngày – đều đặn, nhẹ nhàng, đúng cách – đã là rất nhiều rồi."
      }
    ]
  },
  "faq": [
    {
      "question": "10 phút mỗi ngày có đủ không?",
      "answer": "10 phút là thời gian mình đồng hành, không phải tổng thời gian con học. Con có thể học thêm với ứng dụng hoặc tự làm bài. Việc của mình là động viên, không phải dạy."
    },
    {
      "question": "Nên dành 10 phút vào lúc nào?",
      "answer": "Tùy lịch sinh hoạt. Mình thường dành sau bữa tối, khi cả hai đều thư giãn. Quan trọng là thời điểm cả hai đều thoải mái."
    },
    {
      "question": "Con không muốn nói chuyện về việc học, phải làm sao?",
      "answer": "Không sao, đừng ép. Bắt đầu bằng những chủ đề khác: bạn bè, trò chơi, phim. Khi con thoải mái, con sẽ tự mở lòng."
    },
    {
      "question": "Vợ/chồng đã kèm con rồi, mình còn cần 10 phút này không?",
      "answer": "10 phút này khác với kèm học. Đây là thời gian kết nối, không phải kiểm tra bài. Cả bố và mẹ đều có thể có 10 phút riêng với con mỗi ngày."
    }
  ],
  "cta": {
    "text": "Muốn con tự học để bạn chỉ cần dành 10 phút động viên? Thử Sorokid – con học theo hướng dẫn, bạn theo dõi tiến độ từ xa.",
    "buttonText": "Thử xem",
    "buttonLink": "/register"
  },
  "imageAlt": "Phụ huynh dành 10 phút mỗi ngày kèm con học toán",
  "categoryOrder": 4,
  "order": 3
}