{
  "slug": "ba-viec-phu-huynh-chi-nen-lam-khi-con-hoc",
  "title": "Ba việc mình làm bây giờ – thay vì ngồi kèm con",
  "description": "Trước mình làm nhiều lắm: ngồi cạnh, sửa bài, giảng giải, la mắng. Bây giờ mình chỉ làm 3 việc. Và mọi thứ nhẹ nhàng hơn nhiều.",
  "category": "cach-giup-con-hoc-toan-nhe-nhang",
  "keywords": [
    "phụ huynh nên làm gì khi con học",
    "cách hỗ trợ con học toán",
    "sai lầm khi kèm con học"
  ],
  "status": "published",
  "publishedAt": "2025-12-27T14:04:08.840Z",
  "createdAt": "2025-12-25",
  "image": "/blog/ba-viec-phu-huynh-nen-lam.jpg",
  "readingTime": 5,
  "content": {
    "intro": "Hồi trước mình nghĩ: phụ huynh tốt là phụ huynh kèm con nhiều. Nên mình ngồi cạnh con mỗi tối, sửa từng bài, giảng từng lỗi. Kết quả? Mệt. Căng. Và con cũng chẳng tiến bộ mấy. Giờ mình chỉ làm 3 việc thôi.",
    "sections": [
      {
        "type": "heading",
        "level": 2,
        "text": "Việc 1: Tạo môi trường học tập ổn định"
      },
      {
        "type": "paragraph",
        "text": "Đây là việc mình làm được mà không cần giỏi toán:"
      },
      {
        "type": "list",
        "items": [
          "Con có góc học tập riêng, yên tĩnh, đủ ánh sáng",
          "Học cùng giờ mỗi ngày (nhà mình là 7-8 giờ tối)",
          "Tắt TV, cất điện thoại khi con học",
          "Đủ sách vở, bút thước"
        ]
      },
      {
        "type": "paragraph",
        "text": "Khi môi trường ổn định, con tự động vào \"chế độ học\" mà mình không cần nhắc nhiều. Quan trọng là nhất quán – mỗi ngày đều như vậy."
      },
      {
        "type": "heading",
        "level": 2,
        "text": "Việc 2: Động viên và ghi nhận sự cố gắng"
      },
      {
        "type": "paragraph",
        "text": "Trước đây mình chỉ khen khi con làm đúng. Giờ mình khen cả khi con cố gắng, dù kết quả chưa như ý:"
      },
      {
        "type": "list",
        "items": [
          "\"Con ngồi tập trung lâu rồi đó, giỏi\"",
          "\"Bài này khó mà con vẫn không bỏ cuộc\"",
          "\"Hôm nay con tự giác hơn hôm qua\""
        ]
      },
      {
        "type": "paragraph",
        "text": "Con cần biết bố mẹ nhìn thấy sự nỗ lực của con, không chỉ nhìn vào điểm số."
      },
      {
        "type": "heading",
        "level": 2,
        "text": "Việc 3: Biết khi nào cần tìm hỗ trợ"
      },
      {
        "type": "paragraph",
        "text": "Mình không giỏi toán. Mình cũng không giỏi dạy. Và việc kèm con mỗi tối đang làm cả hai mệt. Nên mình tìm công cụ hỗ trợ."
      },
      {
        "type": "paragraph",
        "text": "Mình cho con dùng ứng dụng Sorokid. Con tự học theo hướng dẫn, mình không cần ngồi cạnh. Mình chỉ xem tiến độ và động viên con."
      },
      {
        "type": "paragraph",
        "text": "Biết giới hạn của mình và tìm giúp đỡ – đó cũng là một cách yêu con."
      },
      {
        "type": "heading",
        "level": 2,
        "text": "Những việc mình DỪNG LÀM"
      },
      {
        "type": "paragraph",
        "text": "Quan trọng không kém là những việc mình bỏ:"
      },
      {
        "type": "paragraph",
        "text": "**❌ Dừng giải bài hộ con**"
      },
      {
        "type": "paragraph",
        "text": "Trước mình hay giải hộ cho nhanh. Nhưng con không học được gì. Giờ nếu con hỏi, mình hỏi lại: \"Con nghĩ bước đầu tiên là gì?\" Để con tự tìm."
      },
      {
        "type": "paragraph",
        "text": "**❌ Dừng so sánh con với người khác**"
      },
      {
        "type": "paragraph",
        "text": "Mình không nhắc đến bạn A, bạn B nữa. So sánh không tạo động lực – nó tạo tự ti."
      },
      {
        "type": "paragraph",
        "text": "**❌ Dừng thở dài, lắc đầu khi con sai**"
      },
      {
        "type": "paragraph",
        "text": "Mình cố kiềm chế. Nếu thấy nóng giận, mình đứng dậy đi uống nước. Quay lại khi bình tĩnh hơn."
      },
      {
        "type": "paragraph",
        "text": "**❌ Dừng ép con học khi cả hai đều mệt**"
      },
      {
        "type": "paragraph",
        "text": "Buổi tối muộn, cả nhà kiệt sức. Ép học lúc đó chỉ tạo xung đột. Thà để sáng mai hoặc nghỉ một buổi còn hơn."
      },
      {
        "type": "callout",
        "style": "empathy",
        "text": "Nếu bạn đang làm những việc \"nên dừng\" ở trên, đừng tự trách. Mình cũng vậy. Thay đổi bắt đầu từ việc nhận ra."
      },
      {
        "type": "heading",
        "level": 2,
        "text": "Tóm lại"
      },
      {
        "type": "paragraph",
        "text": "**3 việc mình làm:**"
      },
      {
        "type": "list",
        "items": [
          "Tạo môi trường học tập ổn định",
          "Động viên, ghi nhận sự cố gắng",
          "Tìm công cụ hỗ trợ phù hợp"
        ]
      },
      {
        "type": "paragraph",
        "text": "**4 việc mình dừng:**"
      },
      {
        "type": "list",
        "items": [
          "Giải bài hộ con",
          "So sánh con với người khác",
          "Phản ứng thái quá khi con sai",
          "Ép con học khi mệt"
        ]
      },
      {
        "type": "paragraph",
        "text": "Làm ít hơn, nhưng đúng hơn. Mọi thứ nhẹ nhàng hơn nhiều."
      },
      {
        "type": "callout",
        "style": "reassurance",
        "text": "Bạn không cần làm nhiều để là phụ huynh tốt. Bạn chỉ cần làm ĐÚNG. Và đôi khi, đúng có nghĩa là biết lùi lại."
      }
    ]
  },
  "faq": [
    {
      "question": "Nếu không giải bài hộ, con không làm được thì sao?",
      "answer": "Hỏi lại con: \"Con thử nhìn lại đề bài xem.\" Nếu vẫn không được, có thể bài đó quá khó và con cần bổ sung kiến thức nền trước."
    },
    {
      "question": "Con hay nói \"Con không biết\" dù chưa thử, phải làm sao?",
      "answer": "Có thể con thiếu tự tin hoặc sợ sai. Trấn an: \"Không sao, con cứ thử, sai cũng được.\" Cho con không gian an toàn để thử."
    },
    {
      "question": "Vợ/chồng hay la con khi học, mình nên làm gì?",
      "answer": "Trao đổi riêng, không tranh luận trước mặt con. Chia sẻ những gì bạn đọc được, thống nhất cách tiếp cận chung. Thay đổi cần thời gian."
    },
    {
      "question": "Làm sao biết công cụ học online nào tốt?",
      "answer": "Thử bản miễn phí trước. Xem con có hứng thú không, có tự giác học không. Một công cụ tốt là công cụ phù hợp với con bạn."
    }
  ],
  "cta": {
    "text": "Nếu bạn cũng muốn \"lùi lại\" và để con tự học, thử Sorokid. Con học theo hướng dẫn, bạn chỉ cần động viên.",
    "buttonText": "Thử xem",
    "buttonLink": "/register"
  },
  "imageAlt": "Mẹ châu Á đọc sách cùng con - việc nên làm khi kèm con học",
  "categoryOrder": 4,
  "order": 4
}