{
  "slug": "ban-tin-bang-soroban-ao-hay-ban-that",
  "title": "Bàn tính Soroban – Mua bàn thật hay dùng bàn ảo?",
  "description": "Mình từng mua bàn tính Soroban thật cho con. Giờ thì chuyển sang bàn ảo. Đây là lý do.",
  "category": "soroban-cho-phu-huynh",
  "keywords": [
    "bàn tính Soroban",
    "Soroban thật hay ảo",
    "mua Soroban"
  ],
  "status": "draft",
  "publishedAt": null,
  "createdAt": "2025-12-25",
  "image": "/blog/soroban-that-ao.jpg",
  "imageAlt": "Bàn tính Soroban thật và màn hình có Soroban ảo",
  "readingTime": 5,
  "categoryOrder": 1,
  "order": 38,
  "content": {
    "intro": "Mình mua bàn tính Soroban thật 150k trên Shopee. Con chơi được 2 tuần rồi bỏ xó. Giờ mình chuyển sang bàn ảo – tiện hơn nhiều.",
    "sections": [
      {
        "type": "heading",
        "level": 2,
        "text": "Bàn tính thật: ưu và nhược"
      },
      {
        "type": "paragraph",
        "text": "**Ưu điểm:**\n- Con được cầm nắm thật.\n- Cảm giác gảy hạt rất thích.\n- Không cần điện."
      },
      {
        "type": "paragraph",
        "text": "**Nhược điểm:**\n- Hạt hay rơi, bàn dễ hỏng.\n- Cồng kềnh, khó mang đi.\n- Không có bài tập kèm.\n- Con chơi một mình không biết đúng sai."
      },
      {
        "type": "heading",
        "level": 2,
        "text": "Bàn tính ảo trên app: ưu và nhược"
      },
      {
        "type": "paragraph",
        "text": "**Ưu điểm:**\n- Có bài tập kèm theo.\n- Chấm đúng sai tự động.\n- Học ở đâu cũng được.\n- Có hướng dẫn chi tiết."
      },
      {
        "type": "paragraph",
        "text": "**Nhược điểm:**\n- Cần điện thoại/máy tính.\n- Không có cảm giác chạm thật."
      },
      {
        "type": "callout",
        "style": "tip",
        "text": "Giai đoạn đầu nên dùng bàn ảo để học đúng cách. Sau khi quen có thể mua bàn thật để luyện."
      },
      {
        "type": "heading",
        "level": 2,
        "text": "Mình chọn gì?"
      },
      {
        "type": "paragraph",
        "text": "Mình cho con dùng Sorokid với bàn tính ảo. Có bài tập theo cấp độ. Con tự học được."
      },
      {
        "type": "paragraph",
        "text": "Bàn thật mình vẫn giữ, thỉnh thoảng cho con chơi để có cảm giác cầm hạt."
      },
      {
        "type": "callout",
        "style": "reassurance",
        "text": "Quan trọng là con học, không phải con có dụng cụ gì. Dùng app hay bàn thật đều được."
      }
    ]
  },
  "faq": [
    {
      "question": "Có nhất thiết phải có bàn Soroban thật không?",
      "answer": "Không. App với bàn ảo đủ để học. Bàn thật là nice-to-have."
    },
    {
      "question": "Mua bàn Soroban loại nào tốt?",
      "answer": "Loại 13-17 cột, hạt nhựa hoặc gỗ đều được. Giá khoảng 100-200k là ổn."
    }
  ],
  "cta": {
    "text": "Sorokid có bàn tính ảo miễn phí kèm bài tập theo cấp độ.",
    "buttonText": "Học thử ngay",
    "buttonLink": "/register"
  }
}