{
  "slug": "bieu-dien-so-hang-chuc-tram-soroban",
  "title": "Biểu diễn số hàng chục, trăm, nghìn trên Soroban",
  "description": "Sau khi học số 0-9, con cần biết cách biểu diễn số lớn hơn. Bài này hướng dẫn cách đọc số 2-3-4 chữ số trên Soroban.",
  "category": "soroban-cho-phu-huynh",
  "keywords": [
    "số hàng chục soroban",
    "cách đọc số lớn trên soroban",
    "biểu diễn số nhiều chữ số soroban",
    "số hàng trăm soroban"
  ],
  "status": "published",
  "publishedAt": "2025-12-27T14:04:22.643Z",
  "createdAt": "2025-12-25",
  "image": "/blog/hoc-so-hang-chuc-tram-soroban.jpg",
  "readingTime": 5,
  "content": {
    "intro": "Con đã thuộc số 0-9. Giờ là lúc học số lớn hơn. Tin vui: quy tắc y hệt – chỉ khác là dùng nhiều cột hơn.",
    "sections": [
      {
        "type": "heading",
        "level": 2,
        "text": "Mỗi cột = 1 hàng"
      },
      {
        "type": "paragraph",
        "text": "Trên Soroban, mỗi thanh dọc (cột) đại diện cho một hàng số:"
      },
      {
        "type": "list",
        "items": [
          "Cột ngoài cùng bên phải: Hàng đơn vị",
          "Cột kế tiếp (sang trái): Hàng chục",
          "Cột tiếp theo: Hàng trăm",
          "Tiếp tục: Hàng nghìn, chục nghìn, trăm nghìn..."
        ]
      },
      {
        "type": "callout",
        "style": "info",
        "text": "Giống như cách viết số: Số bên phải là hàng nhỏ nhất, số bên trái là hàng lớn hơn."
      },
      {
        "type": "heading",
        "level": 2,
        "text": "Cách xác định hàng đơn vị"
      },
      {
        "type": "paragraph",
        "text": "Trên Soroban có các dấu chấm nhỏ trên thanh ngang. Dấu chấm ngoài cùng bên phải thường đánh dấu hàng đơn vị."
      },
      {
        "type": "paragraph",
        "text": "Khi làm bài:"
      },
      {
        "type": "list",
        "items": [
          "Bắt đầu từ cột có dấu chấm = hàng đơn vị",
          "Đọc từ trái sang phải",
          "Hoặc dùng cột cố định: luôn đặt hàng đơn vị ở cột X"
        ]
      },
      {
        "type": "heading",
        "level": 2,
        "text": "Ví dụ biểu diễn số"
      },
      {
        "type": "heading",
        "level": 3,
        "text": "Số 23"
      },
      {
        "type": "table",
        "headers": [
          "Cột",
          "Hàng",
          "Giá trị",
          "Cách gạt"
        ],
        "rows": [
          [
            "Cột trái",
            "Chục",
            "2",
            "Gạt 2 hạt đất lên"
          ],
          [
            "Cột phải",
            "Đơn vị",
            "3",
            "Gạt 3 hạt đất lên"
          ]
        ]
      },
      {
        "type": "paragraph",
        "text": "Đọc: 2 chục + 3 đơn vị = 23"
      },
      {
        "type": "heading",
        "level": 3,
        "text": "Số 156"
      },
      {
        "type": "table",
        "headers": [
          "Cột",
          "Hàng",
          "Giá trị",
          "Cách gạt"
        ],
        "rows": [
          [
            "Cột 1 (trái)",
            "Trăm",
            "1",
            "Gạt 1 hạt đất lên"
          ],
          [
            "Cột 2",
            "Chục",
            "5",
            "Gạt hạt trời xuống"
          ],
          [
            "Cột 3 (phải)",
            "Đơn vị",
            "6",
            "Hạt trời + 1 hạt đất"
          ]
        ]
      },
      {
        "type": "paragraph",
        "text": "Đọc: 1 trăm + 5 chục + 6 đơn vị = 156"
      },
      {
        "type": "heading",
        "level": 3,
        "text": "Số 1024"
      },
      {
        "type": "table",
        "headers": [
          "Cột",
          "Hàng",
          "Giá trị",
          "Cách gạt"
        ],
        "rows": [
          [
            "Cột 1",
            "Nghìn",
            "1",
            "1 hạt đất"
          ],
          [
            "Cột 2",
            "Trăm",
            "0",
            "Không hạt nào áp"
          ],
          [
            "Cột 3",
            "Chục",
            "2",
            "2 hạt đất"
          ],
          [
            "Cột 4",
            "Đơn vị",
            "4",
            "4 hạt đất"
          ]
        ]
      },
      {
        "type": "callout",
        "style": "info",
        "text": "Số 0 ở giữa vẫn chiếm 1 cột! Đừng bỏ qua cột đó."
      },
      {
        "type": "heading",
        "level": 2,
        "text": "Cách đọc số từ Soroban"
      },
      {
        "type": "paragraph",
        "text": "Quy trình đọc:"
      },
      {
        "type": "list",
        "items": [
          "**Bước 1:** Xác định cột hàng đơn vị (dấu chấm hoặc quy ước)",
          "**Bước 2:** Đọc từng cột, từ TRÁI sang PHẢI",
          "**Bước 3:** Với mỗi cột: đếm giá trị (hạt trời + hạt đất áp thanh ngang)",
          "**Bước 4:** Ghép các chữ số lại thành số"
        ]
      },
      {
        "type": "heading",
        "level": 2,
        "text": "Bài tập luyện"
      },
      {
        "type": "heading",
        "level": 3,
        "text": "Bài 1: Gạt số 2 chữ số"
      },
      {
        "type": "paragraph",
        "text": "Phụ huynh đọc, con gạt: 11, 25, 30, 47, 58, 69, 72, 84, 96"
      },
      {
        "type": "heading",
        "level": 3,
        "text": "Bài 2: Gạt số 3 chữ số"
      },
      {
        "type": "paragraph",
        "text": "Phụ huynh đọc, con gạt: 100, 205, 340, 567, 789, 999"
      },
      {
        "type": "heading",
        "level": 3,
        "text": "Bài 3: Đọc số từ Soroban"
      },
      {
        "type": "paragraph",
        "text": "Phụ huynh gạt số bất kỳ, con nhìn và đọc. Bắt đầu từ 2 chữ số, tăng dần lên 3-4 chữ số."
      },
      {
        "type": "heading",
        "level": 3,
        "text": "Bài 4: Số có chữ số 0"
      },
      {
        "type": "paragraph",
        "text": "Luyện các số có số 0: 10, 20, 101, 200, 1001, 3050..."
      },
      {
        "type": "paragraph",
        "text": "Đây là dạng hay nhầm nhất vì cột 0 trông \"trống\"."
      },
      {
        "type": "heading",
        "level": 2,
        "text": "Lỗi thường gặp"
      },
      {
        "type": "list",
        "items": [
          "**Nhầm hàng:** Đọc 23 thành 32. Cần xác định rõ hàng đơn vị.",
          "**Bỏ qua số 0:** Số 205 đọc thành 25. Nhớ cột 0 vẫn chiếm vị trí.",
          "**Đọc ngược:** Đọc từ phải sang trái. Phải đọc từ TRÁI sang PHẢI."
        ]
      },
      {
        "type": "heading",
        "level": 2,
        "text": "Dấu chấm phân tách"
      },
      {
        "type": "paragraph",
        "text": "Trên Soroban chuẩn, cứ 3 cột lại có 1 dấu chấm. Điều này giúp:"
      },
      {
        "type": "list",
        "items": [
          "Phân tách hàng nghìn, triệu (giống dấu chấm trong số 1.000.000)",
          "Dễ đọc số lớn",
          "Tránh nhầm lẫn khi có nhiều chữ số"
        ]
      },
      {
        "type": "callout",
        "style": "reassurance",
        "text": "Khi con đọc thành thạo số 2-3 chữ số, việc học cộng trừ sẽ dễ dàng hơn nhiều. Vì con đã hiểu \"giá trị\" của mỗi cột."
      },
      {
        "type": "paragraph",
        "text": "Mình cho con luyện đọc số trên Sorokid. App hiển thị số ngẫu nhiên, con nhìn và chọn đáp án. Mỗi ngày 5 phút là đủ."
      }
    ]
  },
  "faq": [
    {
      "question": "Soroban có thể biểu diễn số lớn đến bao nhiêu?",
      "answer": "Tùy số cột. Soroban 13 cột có thể biểu diễn số đến 13 chữ số (hàng nghìn tỷ). Trong thực tế, trẻ thường luyện số 4-6 chữ số."
    },
    {
      "question": "Sao phải đọc từ trái sang phải?",
      "answer": "Vì hàng lớn nhất nằm bên trái, giống cách chúng ta đọc số bình thường. Đọc từ trái giúp nắm được \"kích thước\" của số ngay."
    },
    {
      "question": "Con hay nhầm số có số 0 ở giữa (như 101), phải làm sao?",
      "answer": "Luyện riêng dạng này. Nhắc con: mỗi cột là 1 chữ số, kể cả cột không có hạt áp (= số 0). Cột trống cũng cần đọc."
    },
    {
      "question": "Có cần học đến hàng triệu không?",
      "answer": "Không cần gấp. Trẻ tiểu học thường luyện số 3-4 chữ số là đủ. Khi thuần thục, việc mở rộng lên 5-6 chữ số rất đơn giản vì quy tắc giống hệt."
    }
  ],
  "cta": {
    "text": "Sorokid có bài tập nhận diện số từ 1-4 chữ số, giúp con nhớ nhanh và không nhầm hàng.",
    "buttonText": "Cho con luyện thử",
    "buttonLink": "/register"
  },
  "imageAlt": "Trẻ em châu Á học biểu diễn số hàng chục, trăm trên Soroban",
  "categoryOrder": 1,
  "order": 5
}