{
  "slug": "cach-cam-va-tu-the-hoc-soroban",
  "title": "Cách cầm Soroban và tư thế học đúng – Nền tảng quan trọng nhất",
  "description": "Cầm Soroban sai cách khiến con học chậm và dễ nản. Mình chia sẻ cách cầm đúng, tư thế ngồi chuẩn mà thầy cô dạy.",
  "category": "soroban-cho-phu-huynh",
  "keywords": [
    "cách cầm soroban",
    "tư thế học soroban",
    "cách gạt hạt soroban",
    "cách sử dụng soroban"
  ],
  "status": "published",
  "publishedAt": "2025-12-25T02:38:38.577Z",
  "createdAt": "2025-12-25",
  "image": "/blog/cach-cam-ban-tinh-soroban-dung.jpg",
  "readingTime": 5,
  "content": {
    "intro": "Con học Soroban được 2 tuần thì mình phát hiện con đang cầm sai. Con dùng ngón giữa để gạt, bàn tính để phẳng trên bàn. Thầy nói phải sửa ngay từ đầu, không thì về sau rất khó thay đổi. Bài này mình chia sẻ cách cầm đúng để phụ huynh kiểm tra con ở nhà.",
    "sections": [
      {
        "type": "heading",
        "level": 2,
        "text": "Tại sao tư thế quan trọng?"
      },
      {
        "type": "paragraph",
        "text": "Soroban đòi hỏi thao tác nhanh và chính xác. Nếu cầm sai:"
      },
      {
        "type": "list",
        "items": [
          "Gạt chậm, mất thời gian",
          "Dễ gạt nhầm hạt",
          "Mỏi tay khi luyện lâu",
          "Khó chuyển sang tính nhẩm (vì não ghi nhớ sai động tác)"
        ]
      },
      {
        "type": "paragraph",
        "text": "Tư thế đúng giúp con thao tác như \"phản xạ\" – không cần suy nghĩ mà tay vẫn làm đúng."
      },
      {
        "type": "heading",
        "level": 2,
        "text": "Cách đặt bàn tính Soroban"
      },
      {
        "type": "heading",
        "level": 3,
        "text": "Góc nghiêng"
      },
      {
        "type": "paragraph",
        "text": "Đặt Soroban nghiêng khoảng 15-30 độ so với mặt bàn. Phần trên (có hạt trời) hướng ra xa người học."
      },
      {
        "type": "paragraph",
        "text": "Lý do: Khi nghiêng, hạt sẽ tự giữ vị trí nhờ trọng lực. Nếu để phẳng, hạt dễ bị trượt khi gạt."
      },
      {
        "type": "heading",
        "level": 3,
        "text": "Vị trí trên bàn"
      },
      {
        "type": "list",
        "items": [
          "Đặt Soroban ngay trước mặt, cách mép bàn khoảng 5-10cm",
          "Tay trái giữ góc trái bàn tính (hoặc đặt nhẹ lên khung)",
          "Tay phải thao tác gạt hạt"
        ]
      },
      {
        "type": "callout",
        "style": "info",
        "text": "Một số Soroban có chân đế hoặc miếng đệm cao su để giữ độ nghiêng. Nếu không có, có thể kê sách mỏng phía sau."
      },
      {
        "type": "heading",
        "level": 2,
        "text": "Cách dùng ngón tay gạt hạt"
      },
      {
        "type": "paragraph",
        "text": "Đây là phần quan trọng nhất. Quy tắc cơ bản:"
      },
      {
        "type": "table",
        "headers": [
          "Động tác",
          "Ngón tay sử dụng"
        ],
        "rows": [
          [
            "Gạt hạt đất LÊN (cộng)",
            "Ngón cái"
          ],
          [
            "Gạt hạt đất XUỐNG (trừ)",
            "Ngón trỏ"
          ],
          [
            "Gạt hạt trời XUỐNG (cộng 5)",
            "Ngón trỏ"
          ],
          [
            "Gạt hạt trời LÊN (trừ 5)",
            "Ngón trỏ"
          ]
        ]
      },
      {
        "type": "heading",
        "level": 3,
        "text": "Chi tiết từng động tác"
      },
      {
        "type": "paragraph",
        "text": "**Ngón cái:** Chỉ dùng để gạt hạt đất LÊN. Dùng phần bụng ngón cái (không dùng móng). Gạt nhẹ nhàng, vừa đủ để hạt chạm thanh ngang."
      },
      {
        "type": "paragraph",
        "text": "**Ngón trỏ:** Dùng cho tất cả các động tác gạt XUỐNG. Dùng đầu ngón trỏ, gạt từ trên xuống dưới."
      },
      {
        "type": "heading",
        "level": 3,
        "text": "Tư thế bàn tay"
      },
      {
        "type": "list",
        "items": [
          "Bàn tay hơi cong tự nhiên (như đang cầm quả bóng nhỏ)",
          "Cổ tay thả lỏng, không gồng cứng",
          "Các ngón khác (giữa, áp út, út) gập nhẹ vào lòng bàn tay",
          "Di chuyển cả bàn tay khi chuyển cột, không chỉ vươn ngón"
        ]
      },
      {
        "type": "heading",
        "level": 2,
        "text": "Tư thế ngồi khi học"
      },
      {
        "type": "list",
        "items": [
          "**Lưng thẳng:** Không cúi gập người",
          "**Mắt cách bàn tính 30-40cm:** Đủ để nhìn toàn bộ",
          "**Hai chân đặt xuống sàn:** Không ngồi xếp chân hay đung đưa",
          "**Vai thả lỏng:** Không nhún vai hay gồng cứng"
        ]
      },
      {
        "type": "paragraph",
        "text": "Tư thế tốt giúp con tập trung lâu hơn mà không mệt."
      },
      {
        "type": "heading",
        "level": 2,
        "text": "Những lỗi thường gặp"
      },
      {
        "type": "heading",
        "level": 3,
        "text": "1. Dùng sai ngón tay"
      },
      {
        "type": "paragraph",
        "text": "Nhiều trẻ dùng ngón trỏ cho mọi động tác, hoặc dùng ngón giữa. Điều này khiến thao tác chậm và thiếu chính xác."
      },
      {
        "type": "paragraph",
        "text": "**Cách sửa:** Luyện từng động tác riêng lẻ, chậm rãi. Nhắc con: \"Lên = ngón cái, xuống = ngón trỏ\"."
      },
      {
        "type": "heading",
        "level": 3,
        "text": "2. Gạt quá mạnh"
      },
      {
        "type": "paragraph",
        "text": "Gạt mạnh tạo tiếng ồn lớn và khiến hạt bật quá đà. Con sẽ phải điều chỉnh lại, mất thời gian."
      },
      {
        "type": "paragraph",
        "text": "**Cách sửa:** Yêu cầu con gạt nhẹ nhàng, vừa đủ để hạt chạm thanh ngang. Tiếng gạt đúng là \"tách\" nhẹ, không phải \"bốp\"."
      },
      {
        "type": "heading",
        "level": 3,
        "text": "3. Nhìn tay thay vì nhìn hạt"
      },
      {
        "type": "paragraph",
        "text": "Trẻ mới học hay nhìn vào tay mình. Về lâu dài cần tập nhìn vào hạt (hoặc số trên bàn tính)."
      },
      {
        "type": "paragraph",
        "text": "**Cách sửa:** Khi đã quen động tác, nhắc con mắt nhìn vào hạt, tay tự làm."
      },
      {
        "type": "heading",
        "level": 3,
        "text": "4. Để bàn tính phẳng"
      },
      {
        "type": "paragraph",
        "text": "Khi Soroban nằm phẳng, hạt không giữ vị trí tốt. Con gạt xong, hạt có thể tự trượt."
      },
      {
        "type": "paragraph",
        "text": "**Cách sửa:** Kê nghiêng 15-30 độ hoặc dùng Soroban có chân đế."
      },
      {
        "type": "heading",
        "level": 2,
        "text": "Bài tập luyện tư thế"
      },
      {
        "type": "paragraph",
        "text": "Mình hay cho con luyện theo cách này:"
      },
      {
        "type": "list",
        "items": [
          "**Bài 1:** Gạt 1-2-3-4-5-6-7-8-9-0 lặp lại 10 lần. Tập động tác cơ bản.",
          "**Bài 2:** Gạt ngược 9-8-7-6-5-4-3-2-1-0. Tập gạt xuống.",
          "**Bài 3:** Gạt số trên nhiều cột: 11-22-33-44... Tập di chuyển tay."
        ]
      },
      {
        "type": "paragraph",
        "text": "Mỗi ngày 5-10 phút luyện tư thế trước khi học bài mới."
      },
      {
        "type": "callout",
        "style": "reassurance",
        "text": "Tư thế đúng ban đầu = tiết kiệm thời gian về sau. Đừng vội nhảy vào tính toán phức tạp khi chưa thạo cách cầm."
      },
      {
        "type": "paragraph",
        "text": "Mình cho con luyện tư thế trên Sorokid. App có chế độ luyện từng động tác, con có thể tập đi tập lại mà không chán."
      }
    ]
  },
  "faq": [
    {
      "question": "Tay trái có làm gì không?",
      "answer": "Tay trái giữ cố định bàn tính, đặt nhẹ lên khung hoặc góc trái. Một số phương pháp nâng cao có thể dùng cả 2 tay, nhưng người mới học chỉ cần tay phải."
    },
    {
      "question": "Con thuận tay trái thì sao?",
      "answer": "Vẫn học được bình thường. Tuy nhiên, hầu hết giáo trình dạy theo tay phải. Phụ huynh có thể hỏi thầy cô để được hướng dẫn cụ thể cho trẻ thuận tay trái."
    },
    {
      "question": "Luyện tư thế bao lâu thì chuyển sang học tính?",
      "answer": "Khoảng 1-2 tuần nếu luyện mỗi ngày 15-20 phút. Khi con gạt số 0-9 thành thạo, tự nhiên, không cần nhìn tay thì có thể học tiếp."
    },
    {
      "question": "Con hay quên dùng đúng ngón, phải làm sao?",
      "answer": "Nhắc nhẹ nhàng, không la mắng. Luyện chậm rãi từng động tác. Khi luyện, nói to: \"Lên - ngón cái\", \"Xuống - ngón trỏ\". Dần dần sẽ thành phản xạ."
    }
  ],
  "cta": {
    "text": "Sorokid có bài tập luyện từng động tác, giúp con hình thành thói quen đúng ngay từ đầu.",
    "buttonText": "Cho con luyện thử",
    "buttonLink": "/register"
  },
  "imageAlt": "Cách cầm bàn tính Soroban đúng tư thế khi học",
  "categoryOrder": 1,
  "order": 3
}