{
  "slug": "cach-day-con-hoc-toan-ma-khong-can-giao-vien",
  "title": "Cách dạy con học toán mà không cần giáo viên",
  "description": "Mình không có tiền thuê gia sư. Nhưng con vẫn học toán tốt. Đây là cách mình làm.",
  "category": "cach-giup-con-hoc-toan-nhe-nhang",
  "keywords": [
    "dạy con học toán",
    "không cần gia sư",
    "tự dạy con toán"
  ],
  "status": "draft",
  "publishedAt": null,
  "createdAt": "2025-12-25",
  "image": "/blog/tu-day-con-toan.jpg",
  "imageAlt": "Bố mẹ châu Á dạy con học toán ở nhà",
  "readingTime": 5,
  "categoryOrder": 4,
  "order": 20,
  "content": {
    "intro": "Gia sư 1 triệu/tháng. Học thêm 2-3 triệu. Mình không kham nổi. Nhưng may mắn là mình tìm được cách khác.",
    "sections": [
      {
        "type": "heading",
        "level": 2,
        "text": "Thực ra con không cần giáo viên giỏi"
      },
      {
        "type": "paragraph",
        "text": "Con cần:\n- Bài tập phù hợp trình độ.\n- Phản hồi kịp thời (đúng/sai).\n- Luyện tập đều đặn.\n- Động lực học."
      },
      {
        "type": "paragraph",
        "text": "Tất cả những thứ này, app có thể làm được."
      },
      {
        "type": "heading",
        "level": 2,
        "text": "Cách mình tổ chức học"
      },
      {
        "type": "paragraph",
        "text": "**Buổi sáng (trước khi đi học):**\n- 10 phút làm bài Sorokid.\n- Não tỉnh táo, tiếp thu tốt."
      },
      {
        "type": "paragraph",
        "text": "**Buổi tối (sau khi ăn):**\n- 15 phút ôn bài trên lớp.\n- Nếu có bài khó, tra YouTube hoặc hỏi group phụ huynh."
      },
      {
        "type": "callout",
        "style": "tip",
        "text": "Mình không cần biết giải. Mình chỉ cần tìm được nguồn giải thích cho con."
      },
      {
        "type": "heading",
        "level": 2,
        "text": "Công cụ mình dùng"
      },
      {
        "type": "paragraph",
        "text": "- **Sorokid**: Dạy tính toán cơ bản, có game.\n- **YouTube**: Tra cách giải bài khó.\n- **Google**: Tìm bài tập in ra.\n- **Group Facebook**: Hỏi phụ huynh khác."
      },
      {
        "type": "heading",
        "level": 2,
        "text": "Kết quả sau 6 tháng"
      },
      {
        "type": "paragraph",
        "text": "Con mình từ trung bình lên khá giỏi. Không tốn xu nào cho gia sư."
      },
      {
        "type": "callout",
        "style": "reassurance",
        "text": "Bạn không cần là giáo viên để dạy con. Chỉ cần kiên nhẫn và có công cụ đúng."
      }
    ]
  },
  "faq": [
    {
      "question": "Mình không biết toán, làm sao dạy con?",
      "answer": "Dùng app để dạy thay mình. Mình chỉ cần giám sát và động viên con."
    },
    {
      "question": "Khi nào thì cần gia sư?",
      "answer": "Khi con yếu nghiêm trọng hoặc có vấn đề đặc biệt cần can thiệp chuyên môn."
    }
  ],
  "cta": {
    "text": "Sorokid giúp con tự học toán tại nhà, không cần gia sư.",
    "buttonText": "Dùng thử miễn phí",
    "buttonLink": "/register"
  }
}