{
  "slug": "cau-tao-ban-tinh-soroban",
  "title": "Cấu tạo bàn tính Soroban – Phụ huynh cần biết gì trước khi cho con học?",
  "description": "Bàn tính Soroban gồm những bộ phận nào? Mình giải thích đơn giản để phụ huynh hiểu và có thể hỗ trợ con ngay từ đầu.",
  "category": "soroban-cho-phu-huynh",
  "keywords": [
    "cấu tạo soroban",
    "bàn tính soroban gồm những gì",
    "các bộ phận soroban",
    "cấu tạo bàn tính soroban"
  ],
  "status": "published",
  "publishedAt": "2025-12-25T02:37:59.356Z",
  "createdAt": "2025-12-25",
  "image": "/blog/tre-chau-a-hoc-soroban-tai-nha.jpg",
  "readingTime": 5,
  "content": {
    "intro": "Khi con bắt đầu học Soroban, mình cũng tò mò: \"Cái bàn tính này hoạt động thế nào?\" Nhìn đống hạt lên xuống mà không hiểu gì cả. Sau khi tìm hiểu, mình thấy thực ra cấu tạo rất đơn giản – chỉ cần 5 phút là phụ huynh nắm được.",
    "sections": [
      {
        "type": "heading",
        "level": 2,
        "text": "Tổng quan bàn tính Soroban"
      },
      {
        "type": "paragraph",
        "text": "Soroban là bàn tính Nhật Bản, phát triển từ bàn tính Trung Quốc (Suanpan). Điểm khác biệt lớn nhất: Soroban chỉ có 1 hạt trên và 4 hạt dưới, trong khi bàn tính Trung Quốc có 2 hạt trên và 5 hạt dưới."
      },
      {
        "type": "paragraph",
        "text": "Thiết kế gọn gàng này giúp trẻ thao tác nhanh hơn, ít nhầm lẫn hơn."
      },
      {
        "type": "heading",
        "level": 2,
        "text": "Các bộ phận của Soroban"
      },
      {
        "type": "heading",
        "level": 3,
        "text": "1. Khung (Frame)"
      },
      {
        "type": "paragraph",
        "text": "Phần bao quanh bên ngoài, thường làm bằng gỗ hoặc nhựa. Khung giữ cho các thanh dọc và hạt cố định. Soroban chất lượng tốt có khung chắc chắn, không bị cong vênh."
      },
      {
        "type": "heading",
        "level": 3,
        "text": "2. Thanh ngang (Beam/Reckoning Bar)"
      },
      {
        "type": "paragraph",
        "text": "Thanh nằm ngang chia bàn tính thành 2 phần: phần trên và phần dưới. Đây là ranh giới quan trọng nhất để đọc số."
      },
      {
        "type": "list",
        "items": [
          "**Phần trên thanh ngang:** Chứa 1 hạt (gọi là hạt trời - heaven bead)",
          "**Phần dưới thanh ngang:** Chứa 4 hạt (gọi là hạt đất - earth beads)"
        ]
      },
      {
        "type": "heading",
        "level": 3,
        "text": "3. Thanh dọc (Rods)"
      },
      {
        "type": "paragraph",
        "text": "Các thanh chạy dọc xuyên qua hạt. Mỗi thanh dọc đại diện cho một hàng số:"
      },
      {
        "type": "list",
        "items": [
          "Thanh ngoài cùng bên phải: Hàng đơn vị",
          "Thanh kế tiếp sang trái: Hàng chục",
          "Tiếp theo: Hàng trăm, nghìn, chục nghìn..."
        ]
      },
      {
        "type": "paragraph",
        "text": "Soroban tiêu chuẩn có 13-23 thanh dọc, đủ để tính các số rất lớn."
      },
      {
        "type": "heading",
        "level": 3,
        "text": "4. Hạt (Beads)"
      },
      {
        "type": "paragraph",
        "text": "Đây là phần quan trọng nhất. Mỗi thanh dọc có 5 hạt:"
      },
      {
        "type": "table",
        "headers": [
          "Loại hạt",
          "Số lượng",
          "Giá trị",
          "Vị trí"
        ],
        "rows": [
          [
            "Hạt trời (Heaven)",
            "1 hạt",
            "= 5",
            "Phía trên thanh ngang"
          ],
          [
            "Hạt đất (Earth)",
            "4 hạt",
            "= 1 mỗi hạt",
            "Phía dưới thanh ngang"
          ]
        ]
      },
      {
        "type": "callout",
        "style": "info",
        "text": "Quy tắc đơn giản: Hạt trên = 5, Hạt dưới = 1. Chỉ cần nhớ điều này là đọc được số trên Soroban."
      },
      {
        "type": "heading",
        "level": 3,
        "text": "5. Dấu chấm đánh dấu (Unit Dots)"
      },
      {
        "type": "paragraph",
        "text": "Trên thanh ngang có các dấu chấm nhỏ, thường cách nhau 3 thanh dọc. Dấu chấm này giúp:"
      },
      {
        "type": "list",
        "items": [
          "Xác định vị trí hàng đơn vị (thường là dấu chấm ngoài cùng bên phải)",
          "Phân tách hàng nghìn, triệu... để đọc số dễ hơn",
          "Tránh nhầm lẫn khi tính số lớn"
        ]
      },
      {
        "type": "heading",
        "level": 2,
        "text": "Cách đọc số trên Soroban"
      },
      {
        "type": "paragraph",
        "text": "Quy tắc đọc: Chỉ đếm những hạt ÁP SÁT thanh ngang."
      },
      {
        "type": "list",
        "items": [
          "Hạt trời gạt xuống (áp thanh ngang) = cộng 5",
          "Hạt đất gạt lên (áp thanh ngang) = cộng số hạt đó",
          "Hạt không áp thanh ngang = không tính"
        ]
      },
      {
        "type": "paragraph",
        "text": "Ví dụ: Trên 1 thanh dọc, nếu hạt trời gạt xuống + 2 hạt đất gạt lên → giá trị = 5 + 2 = 7."
      },
      {
        "type": "heading",
        "level": 2,
        "text": "Nên chọn Soroban như thế nào?"
      },
      {
        "type": "paragraph",
        "text": "Khi mua Soroban cho con, mình lưu ý mấy điểm:"
      },
      {
        "type": "list",
        "items": [
          "**Hạt trượt êm:** Không quá chặt (khó gạt) cũng không quá lỏng (tự trôi)",
          "**Kích thước phù hợp:** Soroban 13 cột cho trẻ mới học, 17-23 cột cho trẻ lớn hơn",
          "**Có nút reset:** Để đưa tất cả hạt về 0 nhanh chóng",
          "**Dấu chấm rõ ràng:** Giúp con xác định hàng đơn vị dễ dàng"
        ]
      },
      {
        "type": "heading",
        "level": 2,
        "text": "Có cần mua Soroban thật không?"
      },
      {
        "type": "paragraph",
        "text": "Ban đầu mình cũng phân vân. Sau khi tìm hiểu, mình thấy:"
      },
      {
        "type": "list",
        "items": [
          "**Giai đoạn đầu:** Nên có Soroban thật để con cảm nhận được xúc giác, nghe tiếng hạt chạm",
          "**Giai đoạn luyện tập:** Có thể kết hợp với app để luyện nhiều hơn",
          "**Giai đoạn tính nhẩm:** Không cần bàn tính nữa – tính trong đầu"
        ]
      },
      {
        "type": "paragraph",
        "text": "Mình cho con dùng Sorokid để luyện tập hàng ngày. App mô phỏng Soroban giống như thật, con có thể luyện bất cứ lúc nào mà không cần mang theo bàn tính."
      },
      {
        "type": "callout",
        "style": "reassurance",
        "text": "Hiểu cấu tạo Soroban giúp phụ huynh hỗ trợ con tốt hơn. Khi con hỏi \"hạt này là gì?\", mình có thể giải thích được thay vì... Google."
      }
    ]
  },
  "faq": [
    {
      "question": "Soroban có bao nhiêu hạt?",
      "answer": "Mỗi thanh dọc có 5 hạt: 1 hạt trên (giá trị 5) và 4 hạt dưới (giá trị 1 mỗi hạt). Số thanh dọc tùy loại Soroban, thường từ 13-23 thanh."
    },
    {
      "question": "Soroban khác bàn tính Trung Quốc như thế nào?",
      "answer": "Soroban (Nhật) có 1 hạt trên + 4 hạt dưới. Bàn tính Trung Quốc (Suanpan) có 2 hạt trên + 5 hạt dưới. Soroban gọn hơn, thao tác nhanh hơn."
    },
    {
      "question": "Nên mua Soroban loại nào cho trẻ mới học?",
      "answer": "Loại 13-17 cột, hạt trượt êm, có nút reset, dấu chấm đánh dấu rõ ràng. Không cần mua loại quá đắt ban đầu."
    },
    {
      "question": "Có thể học Soroban mà không cần bàn tính thật không?",
      "answer": "Giai đoạn đầu nên có bàn tính thật để con cảm nhận xúc giác. Sau đó có thể kết hợp với app như Sorokid để luyện tập thêm."
    }
  ],
  "cta": {
    "text": "Sorokid có bàn tính Soroban ảo giống như thật, giúp con luyện tập mọi lúc mọi nơi.",
    "buttonText": "Cho con thử Sorokid",
    "buttonLink": "/register"
  },
  "imageAlt": "Trẻ em châu Á đang học Soroban với bàn tính tại nhà",
  "categoryOrder": 1,
  "order": 2
}