{
  "slug": "cho-con-hoc-them-hay-tu-hoc-o-nha",
  "title": "Cho con học thêm hay tự học ở nhà? – Mình cân nhắc rồi chọn",
  "description": "Học thêm tốn tiền, tốn thời gian. Tự học ở nhà thì ai dạy? Mình phân tích ưu nhược điểm.",
  "category": "phu-huynh-kem-con-hoc-toan",
  "keywords": [
    "học thêm hay tự học",
    "so sánh học thêm",
    "con học ở nhà"
  ],
  "status": "draft",
  "publishedAt": null,
  "createdAt": "2025-12-25",
  "image": "/blog/hoc-them-hay-tu-hoc.jpg",
  "imageAlt": "Mẹ châu Á cân nhắc giữa việc cho con học thêm và tự học ở nhà",
  "readingTime": 6,
  "categoryOrder": 3,
  "order": 15,
  "content": {
    "intro": "\"Chị ơi, cho con học thêm chưa?\" – Các mẹ trong group hay hỏi mình. Mình cân nhắc rồi quyết định: KHÔNG. Thay vào đó mình chọn cách khác.",
    "sections": [
      {
        "type": "heading",
        "level": 2,
        "text": "Học thêm: ưu và nhược"
      },
      {
        "type": "paragraph",
        "text": "**Ưu điểm:**\n- Có giáo viên dạy trực tiếp.\n- Môi trường học tập có bạn bè.\n- Bố mẹ không cần kèm."
      },
      {
        "type": "paragraph",
        "text": "**Nhược điểm:**\n- Chi phí cao (1-3 triệu/tháng).\n- Mất thời gian đưa đón.\n- Lịch cứng nhắc, khó điều chỉnh.\n- Không chắc phù hợp với con."
      },
      {
        "type": "heading",
        "level": 2,
        "text": "Tự học ở nhà: ưu và nhược"
      },
      {
        "type": "paragraph",
        "text": "**Ưu điểm:**\n- Tiết kiệm chi phí.\n- Linh hoạt thời gian.\n- Học theo tốc độ của con."
      },
      {
        "type": "paragraph",
        "text": "**Nhược điểm:**\n- Cần kỷ luật.\n- Bố mẹ phải theo dõi.\n- Không có ai giải đáp khi khó."
      },
      {
        "type": "callout",
        "style": "empathy",
        "text": "Không có lựa chọn nào hoàn hảo. Tùy hoàn cảnh gia đình và đặc điểm của con."
      },
      {
        "type": "heading",
        "level": 2,
        "text": "Mình chọn: tự học có công cụ hỗ trợ"
      },
      {
        "type": "paragraph",
        "text": "Mình cho con dùng Sorokid. App dạy thay giáo viên. Mình chỉ cần nhắc con học đúng giờ."
      },
      {
        "type": "paragraph",
        "text": "Chi phí rẻ hơn học thêm 5-10 lần. Linh hoạt thời gian. Con học theo tốc độ riêng."
      },
      {
        "type": "heading",
        "level": 2,
        "text": "Khi nào nên học thêm?"
      },
      {
        "type": "paragraph",
        "text": "- Con yếu nghiêm trọng, cần can thiệp chuyên sâu.\n- Bố mẹ hoàn toàn không có thời gian theo dõi.\n- Con cần môi trường học tập có bạn bè."
      },
      {
        "type": "callout",
        "style": "reassurance",
        "text": "Tự học + app tốt có thể thay thế học thêm cho đa số trẻ. Tiết kiệm tiền và thời gian."
      }
    ]
  },
  "faq": [
    {
      "question": "Con yếu toán thì nên học thêm hay tự học?",
      "answer": "Nếu yếu nhẹ, tự học với app có thể đủ. Nếu yếu nghiêm trọng, nên có gia sư hoặc học thêm."
    },
    {
      "question": "App có thay thế được gia sư không?",
      "answer": "Với toán cơ bản, app làm tốt. Với bài khó hoặc cần giải thích sâu, gia sư hữu ích hơn."
    }
  ],
  "cta": {
    "text": "Sorokid – giải pháp tự học tại nhà, chi phí hợp lý.",
    "buttonText": "Dùng thử miễn phí",
    "buttonLink": "/register"
  }
}