{
  "slug": "con-4-tuoi-hoc-soroban-co-som-qua-khong",
  "title": "Con 4 tuổi – mình phân vân không biết cho học Soroban sớm có tốt không",
  "description": "Nghe nói càng học sớm càng tốt. Nhưng 4 tuổi liệu có quá nhỏ? Mình tìm hiểu và đây là kết luận.",
  "category": "soroban-cho-phu-huynh",
  "keywords": [
    "4 tuổi học soroban",
    "học soroban sớm",
    "tuổi bắt đầu soroban"
  ],
  "status": "draft",
  "publishedAt": null,
  "createdAt": "2025-12-25",
  "image": "/blog/be-4-tuoi.jpg",
  "imageAlt": "Bé 4 tuổi châu Á đang chơi đồ chơi số",
  "readingTime": 5,
  "categoryOrder": 1,
  "order": 37,
  "content": {
    "intro": "Con mình 4 tuổi. Mình thấy nhiều người cho con học Soroban từ 4 tuổi. Mình phân vân: có sớm quá không? Có gây áp lực không?",
    "sections": [
      {
        "type": "heading",
        "level": 2,
        "text": "4 tuổi có thể học không?"
      },
      {
        "type": "paragraph",
        "text": "Về lý thuyết: CÓ. Trẻ 4 tuổi có thể bắt đầu làm quen với Soroban."
      },
      {
        "type": "paragraph",
        "text": "Nhưng \"làm quen\" khác với \"học nghiêm túc\". 4 tuổi nên làm quen, không ép thành tích."
      },
      {
        "type": "heading",
        "level": 2,
        "text": "Điều cần cân nhắc"
      },
      {
        "type": "paragraph",
        "text": "**1. Khả năng tập trung:** Trẻ 4 tuổi tập trung được khoảng 8-12 phút. Không thể học lâu."
      },
      {
        "type": "paragraph",
        "text": "**2. Kỹ năng vận động:** Tay còn nhỏ, gạt hạt có thể khó. App với màn hình cảm ứng dễ hơn."
      },
      {
        "type": "paragraph",
        "text": "**3. Hiểu số:** Con cần biết đếm 1-10 trước khi học Soroban."
      },
      {
        "type": "callout",
        "style": "empathy",
        "text": "4 tuổi là thời điểm TỐT để bắt đầu, nhưng phải đúng cách: nhẹ nhàng, vui vẻ, không áp lực."
      },
      {
        "type": "heading",
        "level": 2,
        "text": "Mình quyết định thế nào"
      },
      {
        "type": "paragraph",
        "text": "Mình cho con dùng Sorokid ở mức \"làm quen\":"
      },
      {
        "type": "paragraph",
        "text": "- Chỉ 5-10 phút/ngày.\n- Gọi là \"chơi game\" không phải \"học\".\n- Không kỳ vọng con tính nhẩm ngay.\n- Nếu con không thích, dừng ngay."
      },
      {
        "type": "heading",
        "level": 2,
        "text": "Kết quả"
      },
      {
        "type": "paragraph",
        "text": "Con mình thích \"chơi\" Sorokid. Con biết đọc số trên bàn tính. Chưa tính nhẩm được, nhưng có nền tảng."
      },
      {
        "type": "paragraph",
        "text": "Mình biết: khi con 5-6 tuổi, con sẽ học nhanh hơn vì đã quen với bàn tính."
      },
      {
        "type": "callout",
        "style": "reassurance",
        "text": "4 tuổi có thể bắt đầu nếu con hứng thú. Nhưng đừng ép. Sớm 1 năm không quan trọng bằng giữ được niềm vui."
      }
    ]
  },
  "faq": [
    {
      "question": "4 tuổi có quá sớm để học Soroban?",
      "answer": "Không quá sớm nếu là \"làm quen\" nhẹ nhàng. Nhưng không nên ép thành tích hay học kéo dài."
    },
    {
      "question": "Nếu con không thích thì sao?",
      "answer": "Dừng lại. Thử lại sau 3-6 tháng. Ép con sớm quá có thể khiến con ghét học."
    }
  ],
  "cta": {
    "text": "Sorokid có bài học ngắn, phù hợp cho bé từ 4 tuổi làm quen.",
    "buttonText": "Cho con chơi thử",
    "buttonLink": "/register"
  }
}