{
  "slug": "con-khong-nghe-loi-khi-bo-me-day-toan",
  "title": "Con không nghe lời khi bố mẹ dạy toán – mình đã làm sai gì?",
  "description": "Cô giáo nói con ngoan, nhưng về nhà mình dạy thì con cãi lại, khóc lóc. Mình từng nghĩ con hư – hóa ra vấn đề ở mình.",
  "category": "phu-huynh-kem-con-hoc-toan",
  "keywords": [
    "con không nghe lời khi học toán",
    "dạy con học toán bị cãi",
    "con phản kháng khi học"
  ],
  "status": "draft",
  "publishedAt": null,
  "createdAt": "2025-12-25",
  "image": "/blog/con-khong-nghe-loi-hoc-toan.jpg",
  "readingTime": 6,
  "content": {
    "intro": "\"Ở lớp cô nói gì con cũng nghe, sao về nhà mẹ dạy lại cãi?\" – Mình từng hỏi câu này nhiều lần. Mình tức, mình nghĩ con hư. Cho đến khi mình nhận ra: vấn đề không phải ở con.",
    "sections": [
      {
        "type": "heading",
        "level": 2,
        "text": "Chuyện nhà mình"
      },
      {
        "type": "paragraph",
        "text": "Mỗi tối kèm con học toán là một \"cuộc chiến\". Mình vừa nói \"con làm bài này đi\", con đã bảo \"con mệt\". Mình giảng bài, con ngáp. Mình sửa sai, con cãi \"không phải, cô dạy khác\"."
      },
      {
        "type": "paragraph",
        "text": "Mình nóng. La con. Con khóc. Rồi cả hai đều mệt."
      },
      {
        "type": "paragraph",
        "text": "Mình từng nghĩ: \"Con này hư quá. Ở lớp nghe cô răm rắp, về nhà thì coi thường mẹ.\""
      },
      {
        "type": "heading",
        "level": 2,
        "text": "Cho đến khi mình hiểu ra"
      },
      {
        "type": "paragraph",
        "text": "Mình đọc được một bài viết, đại ý: \"Trẻ không nghe lời bố mẹ khi học không phải vì hư. Mà vì mối quan hệ bố mẹ - con cái khác với cô giáo - học sinh.\""
      },
      {
        "type": "paragraph",
        "text": "Mình suy nghĩ lại và thấy đúng:"
      },
      {
        "type": "list",
        "items": [
          "Với cô giáo, con giữ khoảng cách, có ranh giới rõ ràng",
          "Với bố mẹ, con thoải mái, dám thể hiện cảm xúc thật",
          "Mình la con – con dám khóc. Cô la – con không dám",
          "Con \"cãi\" mình vì con cảm thấy an toàn để nói ra"
        ]
      },
      {
        "type": "paragraph",
        "text": "Hóa ra, con \"không nghe lời\" không phải vì con coi thường mình. Mà vì con đủ tin tưởng để thể hiện mình không muốn."
      },
      {
        "type": "callout",
        "style": "empathy",
        "text": "Nghe có vẻ ngược đời, nhưng việc con dám \"cãi\" bạn nghĩa là con cảm thấy an toàn với bạn. Vấn đề là: làm sao để vừa giữ sự an toàn đó, vừa giúp con học được?"
      },
      {
        "type": "heading",
        "level": 2,
        "text": "Những sai lầm mình từng mắc"
      },
      {
        "type": "heading",
        "level": 3,
        "text": "1. Mình dạy như giáo viên, nhưng lại kỳ vọng như mẹ"
      },
      {
        "type": "paragraph",
        "text": "Mình ngồi giảng bài, yêu cầu con tập trung, làm đúng. Nhưng khi con sai, mình không chỉ sửa bài – mình còn thất vọng. \"Sao con ngu thế?\" \"Mẹ nói mấy lần rồi?\""
      },
      {
        "type": "paragraph",
        "text": "Cô giáo sửa bài thì dừng ở bài. Mình sửa bài lại kèm theo cảm xúc cá nhân. Con cảm nhận được."
      },
      {
        "type": "heading",
        "level": 3,
        "text": "2. Mình chọn sai thời điểm"
      },
      {
        "type": "paragraph",
        "text": "Con mới đi học về, mệt. Mình cũng mới đi làm về, mệt. Hai người mệt ngồi với nhau – căng thẳng là chắc."
      },
      {
        "type": "paragraph",
        "text": "Mình từng bắt con học ngay sau khi ăn cơm. Con vừa muốn chơi, vừa buồn ngủ – không thể tập trung."
      },
      {
        "type": "heading",
        "level": 3,
        "text": "3. Mình làm thay thay vì hướng dẫn"
      },
      {
        "type": "paragraph",
        "text": "Con làm sai, mình nói ngay đáp án. Con chưa kịp suy nghĩ, mình đã giải thích. Dần dần, con ỷ lại – \"mẹ biết thì mẹ làm đi\"."
      },
      {
        "type": "heading",
        "level": 2,
        "text": "Cách mình thay đổi"
      },
      {
        "type": "heading",
        "level": 3,
        "text": "1. Tách vai trò: Mẹ là mẹ, không phải cô giáo"
      },
      {
        "type": "paragraph",
        "text": "Mình không cố làm giáo viên của con nữa. Mình là mẹ – người động viên, người đồng hành. Nếu cần ai \"dạy\", mình để app hoặc bài giảng làm việc đó."
      },
      {
        "type": "paragraph",
        "text": "Bây giờ mình chỉ hỏi: \"Hôm nay con học được gì?\" thay vì \"Làm bài này đi, sai rồi, làm lại.\""
      },
      {
        "type": "heading",
        "level": 3,
        "text": "2. Chọn thời điểm tốt hơn"
      },
      {
        "type": "paragraph",
        "text": "Mình cho con nghỉ ngơi sau khi đi học về. Ăn cơm xong, chơi một lúc, rồi mới học. Mình cũng tắm rửa, thư giãn trước – để cả hai đều có năng lượng."
      },
      {
        "type": "heading",
        "level": 3,
        "text": "3. Để con tự làm, mình chỉ hỗ trợ"
      },
      {
        "type": "paragraph",
        "text": "Con làm sai – mình không nói đáp án ngay. Mình hỏi: \"Con nghĩ bước này làm sao?\" Để con tự suy nghĩ."
      },
      {
        "type": "paragraph",
        "text": "Mình chấp nhận: con làm chậm, có thể sai – nhưng con đang học. Quan trọng hơn là con tự làm, không phải mình làm thay."
      },
      {
        "type": "heading",
        "level": 3,
        "text": "4. Dùng công cụ thay mình \"dạy\""
      },
      {
        "type": "paragraph",
        "text": "Mình cho con học trên app Sorokid. App hướng dẫn từng bước, sai thì thử lại – không ai la. Con không cần \"nghe lời\" mình – con tự học với app."
      },
      {
        "type": "paragraph",
        "text": "Mình chuyển từ \"người dạy\" sang \"người cổ vũ\". Buổi tối nhẹ nhàng hơn nhiều."
      },
      {
        "type": "heading",
        "level": 2,
        "text": "Bây giờ thì sao?"
      },
      {
        "type": "paragraph",
        "text": "Con vẫn có lúc không muốn học – bình thường. Nhưng không còn \"cuộc chiến\" nữa. Mình không la, con không khóc."
      },
      {
        "type": "paragraph",
        "text": "Mình hiểu: con \"không nghe lời\" không phải vấn đề của con. Đó là tín hiệu mình cần thay đổi cách tiếp cận."
      },
      {
        "type": "callout",
        "style": "reassurance",
        "text": "Nếu con bạn cũng \"cãi\" khi bạn dạy, đừng vội nghĩ con hư. Hãy xem lại: mình đang dạy vào lúc nào? Mình có đang mang cảm xúc cá nhân vào không? Có cách nào để con tự học mà mình chỉ cần đồng hành?"
      }
    ]
  },
  "faq": [
    {
      "question": "Con nghe cô giáo nhưng không nghe bố mẹ, có bình thường không?",
      "answer": "Rất bình thường. Con cảm thấy an toàn với bố mẹ nên dám thể hiện cảm xúc thật. Với cô giáo, con giữ khoảng cách hơn."
    },
    {
      "question": "Làm sao để con nghe lời hơn?",
      "answer": "Thay vì cố làm con \"nghe lời\", hãy thay đổi cách tiếp cận. Chọn thời điểm tốt, giảm áp lực, để con tự làm thay vì ép buộc."
    },
    {
      "question": "Con cãi lại khi mình sửa bài, xử lý sao?",
      "answer": "Đừng cố thắng. Hỏi con: \"Cô dạy thế nào?\" Lắng nghe. Có thể con đúng, có thể bạn đúng – nhưng tranh luận không giúp ích."
    },
    {
      "question": "Có nên để con tự học hoàn toàn?",
      "answer": "Tùy con. Với trẻ tiểu học, bạn vẫn cần hiện diện – nhưng vai trò là động viên, không phải kiểm soát. Công cụ học online có thể giúp con tự học phần kiến thức."
    }
  ],
  "cta": {
    "text": "Nếu bạn cũng đang mệt vì kèm con, hãy thử để con tự học với Sorokid. Bạn chỉ cần cổ vũ, không cần làm giáo viên.",
    "buttonText": "Thử xem",
    "buttonLink": "/register"
  },
  "imageAlt": "Mẹ châu Á ôm con - cách xử lý khi con không nghe lời học toán",
  "categoryOrder": 3,
  "order": 7
}