{
  "slug": "con-hoc-soroban-nhung-o-truong-day-cach-khac",
  "title": "Con học Soroban nhưng ở trường dạy khác – có bị loạn không?",
  "description": "Con mình học Soroban ở nhà, nhưng trường dạy đặt tính. Mình lo con bị nhầm lẫn.",
  "category": "soroban-cho-phu-huynh",
  "keywords": [
    "soroban và toán trường",
    "hai cách học khác nhau",
    "con bị loạn cách tính"
  ],
  "status": "draft",
  "publishedAt": null,
  "createdAt": "2025-12-25",
  "image": "/blog/be-hoc-hai-cach.jpg",
  "imageAlt": "Bé châu Á đang học với sách giáo khoa và tablet",
  "readingTime": 6,
  "categoryOrder": 1,
  "order": 34,
  "content": {
    "intro": "\"Cô ơi, con tính nhẩm được ạ!\" – Con nói. Cô giáo: \"Không, con phải đặt tính ra giấy.\" Con về nhà hỏi mình: \"Sao cô không cho con tính nhẩm?\"",
    "sections": [
      {
        "type": "heading",
        "level": 2,
        "text": "Mình cũng lo"
      },
      {
        "type": "paragraph",
        "text": "Ban đầu mình sợ: con học 2 cách, có bị loạn không? Soroban một kiểu, trường một kiểu."
      },
      {
        "type": "paragraph",
        "text": "Mình hỏi cô giáo. Cô nói: \"Không sao đâu chị. Tính nhẩm được là tốt. Chỉ là ở lớp cô cần con trình bày ra giấy để chấm.\""
      },
      {
        "type": "heading",
        "level": 2,
        "text": "Hai cách, một mục đích"
      },
      {
        "type": "paragraph",
        "text": "**Soroban:** Tính trong đầu, nhanh. Không cần viết ra."
      },
      {
        "type": "paragraph",
        "text": "**Toán trường:** Đặt tính, viết ra. Để thầy cô thấy cách con làm."
      },
      {
        "type": "paragraph",
        "text": "Cả hai đều dẫn đến kết quả đúng. Con có thể dùng Soroban để kiểm tra bài đặt tính."
      },
      {
        "type": "callout",
        "style": "empathy",
        "text": "Học 2 cách không làm con loạn. Ngược lại, con có 2 công cụ. Tùy tình huống dùng cái phù hợp."
      },
      {
        "type": "heading",
        "level": 2,
        "text": "Mình hướng dẫn con"
      },
      {
        "type": "paragraph",
        "text": "\"Ở trường, con làm theo cô. Viết đặt tính ra giấy. Ở nhà, con dùng Soroban để kiểm tra.\""
      },
      {
        "type": "paragraph",
        "text": "Con hiểu: mỗi nơi có cách riêng. Không có cách nào sai."
      },
      {
        "type": "heading",
        "level": 2,
        "text": "Lợi ích bất ngờ"
      },
      {
        "type": "paragraph",
        "text": "Con mình đặt tính ra giấy, rồi tính nhẩm kiểm tra. Nếu hai kết quả khác nhau, con biết có sai."
      },
      {
        "type": "paragraph",
        "text": "Con ít sai hơn bạn vì có \"công cụ kiểm tra\" trong đầu."
      },
      {
        "type": "callout",
        "style": "reassurance",
        "text": "Soroban và toán trường bổ sung cho nhau. Con có lợi thế khi biết cả hai."
      }
    ]
  },
  "faq": [
    {
      "question": "Học 2 cách có khó cho con không?",
      "answer": "Không. Trẻ có khả năng thích nghi tốt. Chỉ cần giải thích rõ: mỗi nơi một cách, không có cách nào sai."
    },
    {
      "question": "Nên dạy con Soroban trước hay toán trường trước?",
      "answer": "Cả hai có thể song song. Soroban giúp hiểu bản chất số. Toán trường dạy cách trình bày. Kết hợp là tốt nhất."
    }
  ],
  "cta": {
    "text": "Sorokid giúp con có thêm công cụ tính toán, bổ sung cho toán trường.",
    "buttonText": "Cho con học thử",
    "buttonLink": "/register"
  }
}