{
  "slug": "con-hoc-toan-gioi-nhung-khong-thich-toan",
  "title": "Con học toán giỏi nhưng không thích toán – Có sao không?",
  "description": "Con mình điểm toán cao nhưng hay nói ghét toán. Mình lo quá nên tìm hiểu.",
  "category": "con-gap-kho-khan-hoc-toan",
  "keywords": [
    "con giỏi toán nhưng ghét toán",
    "không thích toán",
    "tạo hứng thú học toán"
  ],
  "status": "draft",
  "publishedAt": null,
  "createdAt": "2025-12-25",
  "image": "/blog/gioi-nhung-khong-thich.jpg",
  "imageAlt": "Bé châu Á với vẻ mặt chán nản khi học toán",
  "readingTime": 5,
  "categoryOrder": 2,
  "order": 23,
  "content": {
    "intro": "\"Con ghét toán!\" – Con mình hay nói vậy. Nhưng điểm kiểm tra toán luôn 9-10. Mình không hiểu tại sao.",
    "sections": [
      {
        "type": "heading",
        "level": 2,
        "text": "Tại sao lại có mâu thuẫn này?"
      },
      {
        "type": "paragraph",
        "text": "Mình tìm hiểu và nhận ra: **giỏi ≠ thích**."
      },
      {
        "type": "paragraph",
        "text": "Con có thể:\n- Làm được vì bị ép.\n- Làm tốt vì thông minh.\n- Nhưng trong lòng không có hứng thú."
      },
      {
        "type": "heading",
        "level": 2,
        "text": "Nguyên nhân phổ biến"
      },
      {
        "type": "paragraph",
        "text": "1. **Học để điểm số, không phải để hiểu**\n   - Con học vì áp lực, không phải tò mò."
      },
      {
        "type": "paragraph",
        "text": "2. **Bài tập nhàm chán**\n   - Cùng dạng, lặp đi lặp lại.\n   - Không có gì mới, không thú vị."
      },
      {
        "type": "paragraph",
        "text": "3. **Không thấy toán có ích**\n   - \"Học toán để làm gì?\" – Con không biết câu trả lời."
      },
      {
        "type": "callout",
        "style": "empathy",
        "text": "Giỏi mà không thích thì lâu dài sẽ burn out. Cần giúp con tìm lại hứng thú."
      },
      {
        "type": "heading",
        "level": 2,
        "text": "Cách mình giúp con"
      },
      {
        "type": "paragraph",
        "text": "**1. Cho con thấy toán trong đời thực**\n- Đi siêu thị: \"Con tính xem mua 3 hộp sữa hết bao nhiêu?\"\n- Nấu ăn: \"Con chia đều cho 4 người nhé.\""
      },
      {
        "type": "paragraph",
        "text": "**2. Dùng app có game**\n- Biến toán thành trò chơi.\n- Con chinh phục level thay vì làm bài tập."
      },
      {
        "type": "paragraph",
        "text": "**3. Giảm áp lực điểm số**\n- \"Con làm đúng bao nhiêu cũng được.\"\n- Khen nỗ lực, không chỉ kết quả."
      },
      {
        "type": "heading",
        "level": 2,
        "text": "Kết quả"
      },
      {
        "type": "paragraph",
        "text": "Con mình giờ vẫn giỏi toán, nhưng không còn nói ghét nữa. Thậm chí còn hay khoe bài làm."
      },
      {
        "type": "callout",
        "style": "reassurance",
        "text": "Hứng thú có thể được tạo ra. Đừng để con giỏi mà không thích – đó là sự lãng phí."
      }
    ]
  },
  "faq": [
    {
      "question": "Con giỏi rồi có cần học thêm không?",
      "answer": "Không cần ép. Nhưng nên tạo cơ hội để con khám phá những gì thú vị hơn trong toán."
    },
    {
      "question": "Làm sao biết con thực sự thích toán?",
      "answer": "Khi con tự hỏi câu hỏi về toán, tự tìm bài để làm, đó là dấu hiệu tốt."
    }
  ],
  "cta": {
    "text": "Sorokid biến toán thành trò chơi, giúp con thích học hơn.",
    "buttonText": "Thử ngay miễn phí",
    "buttonLink": "/register"
  }
}