{
  "slug": "con-lam-toan-cham-hon-ban",
  "title": "Con làm bài chậm, bạn nộp rồi con chưa xong – mình từng rất lo",
  "description": "Cả lớp nộp bài, con vẫn cắm cúi làm. Cô giáo nhắc, con càng run. Mình đã hiểu vấn đề không nằm ở 'chậm'.",
  "category": "con-gap-kho-khan-hoc-toan",
  "keywords": [
    "con làm toán chậm",
    "trẻ làm bài chậm hơn bạn",
    "con không kịp làm bài kiểm tra"
  ],
  "status": "published",
  "publishedAt": "2025-12-27T14:04:03.322Z",
  "createdAt": "2025-12-25",
  "image": "/blog/con-lam-toan-cham-hon-ban.jpg",
  "readingTime": 6,
  "content": {
    "intro": "\"Mẹ ơi, con chưa làm xong mà cô bắt nộp rồi.\" Con về nhà buồn xo. Mình hỏi con thi được mấy điểm, con không biết – vì còn mấy câu để trống.",
    "sections": [
      {
        "type": "heading",
        "level": 2,
        "text": "Chậm hơn bạn – con có kém không?"
      },
      {
        "type": "paragraph",
        "text": "Mình từng rất lo. Sao bạn bè làm nhanh thế mà con thì không? Con có chậm phát triển không? Có cần đi khám không?"
      },
      {
        "type": "paragraph",
        "text": "Mình quan sát con làm bài ở nhà. Con không phải không biết làm. Con làm được, chỉ là... chậm."
      },
      {
        "type": "paragraph",
        "text": "Con cầm bút suy nghĩ rất lâu. Đếm đi đếm lại. Viết rồi xóa. Kiểm tra lại. Mỗi bước đều cẩn thận. Và vì cẩn thận nên mất thời gian."
      },
      {
        "type": "callout",
        "style": "empathy",
        "text": "Có những đứa trẻ làm nhanh vì quen. Có những đứa làm chậm vì cẩn thận. Không phải chậm = kém."
      },
      {
        "type": "heading",
        "level": 2,
        "text": "Nguyên nhân con làm chậm"
      },
      {
        "type": "paragraph",
        "text": "Mình quan sát và thấy con chậm vì mấy lý do:"
      },
      {
        "type": "list",
        "items": [
          "**Chưa thuộc bảng cửu chương:** Mỗi phép nhân, con phải đếm lại. Mất thời gian.",
          "**Sợ sai:** Con kiểm tra đi kiểm tra lại, không dám viết đáp án.",
          "**Đọc đề lâu:** Con đọc xong không hiểu, phải đọc lại nhiều lần.",
          "**Viết chậm:** Chữ con xấu, con viết từ từ để cho đẹp."
        ]
      },
      {
        "type": "paragraph",
        "text": "Không phải con kém. Con chỉ chưa có đủ \"tự động hóa\" để làm nhanh."
      },
      {
        "type": "heading",
        "level": 2,
        "text": "Mình đã thay đổi cách nhìn"
      },
      {
        "type": "paragraph",
        "text": "Mình nhận ra: nếu cứ so sánh con với bạn, con sẽ càng tự ti và làm càng chậm hơn (vì lo lắng)."
      },
      {
        "type": "paragraph",
        "text": "Thay vì nói \"Sao con chậm thế?\", mình chuyển sang \"Hôm nay con làm được mấy bài rồi?\""
      },
      {
        "type": "paragraph",
        "text": "So sánh con với chính con ngày hôm qua. Hôm nay làm được 8 bài trong 15 phút. Mai cố được 9 bài. Tiến bộ là đủ."
      },
      {
        "type": "heading",
        "level": 2,
        "text": "Những việc mình làm để giúp con"
      },
      {
        "type": "heading",
        "level": 3,
        "text": "1. Luyện bảng cửu chương đến mức \"miệng nói tay viết\""
      },
      {
        "type": "paragraph",
        "text": "Mình cho con luyện mỗi ngày 5 phút. Không phải học, mà là luyện – để phản xạ nhanh."
      },
      {
        "type": "paragraph",
        "text": "Dùng app Sorokid, hỏi random \"7 nhân 6?\", con trả lời ngay. Sai thì làm lại. Dần dần, con không cần suy nghĩ nữa."
      },
      {
        "type": "heading",
        "level": 3,
        "text": "2. Tập làm bài có giới hạn thời gian"
      },
      {
        "type": "paragraph",
        "text": "Mình không bắt con làm nhanh ngay. Mình cho con tập với thời gian \"dư dả\" trước."
      },
      {
        "type": "list",
        "items": [
          "Tuần 1: 10 bài – 20 phút (dư thời gian)",
          "Tuần 2: 10 bài – 15 phút",
          "Tuần 3: 10 bài – 12 phút",
          "Tuần 4: 10 bài – 10 phút"
        ]
      },
      {
        "type": "paragraph",
        "text": "Giảm dần, để con quen với áp lực thời gian mà không bị choáng."
      },
      {
        "type": "heading",
        "level": 3,
        "text": "3. Dạy con chiến thuật làm bài"
      },
      {
        "type": "paragraph",
        "text": "Mình dạy con: làm câu dễ trước, câu khó để sau. Không được \"kẹt\" ở 1 câu quá lâu."
      },
      {
        "type": "paragraph",
        "text": "Nếu câu nào nghĩ 30 giây không ra – bỏ qua, làm câu khác. Còn thời gian thì quay lại."
      },
      {
        "type": "heading",
        "level": 3,
        "text": "4. Giảm \"sợ sai\""
      },
      {
        "type": "paragraph",
        "text": "Con hay kiểm tra lại vì sợ sai. Mình nói với con: \"Sai 1-2 câu không sao. Quan trọng là làm xong.\""
      },
      {
        "type": "paragraph",
        "text": "Được 8 điểm vì làm xong tốt hơn được 5 điểm vì không kịp làm."
      },
      {
        "type": "heading",
        "level": 2,
        "text": "Kết quả sau 2 tháng"
      },
      {
        "type": "paragraph",
        "text": "Con vẫn không phải đứa làm nhanh nhất lớp. Nhưng con đã làm kịp thời gian."
      },
      {
        "type": "paragraph",
        "text": "Quan trọng hơn: con không còn sợ kiểm tra nữa. Con biết mình làm được, chỉ cần làm đúng cách."
      },
      {
        "type": "callout",
        "style": "reassurance",
        "text": "Nhanh hay chậm không quan trọng bằng con có tự tin hay không. Một đứa trẻ tự tin sẽ tiến bộ dần, một đứa trẻ sợ hãi sẽ càng chậm hơn."
      }
    ]
  },
  "faq": [
    {
      "question": "Con làm chậm có phải do kém tập trung không?",
      "answer": "Có thể, nhưng không phải lúc nào cũng vậy. Nhiều trẻ làm chậm vì chưa thuộc kiến thức nền (như bảng cửu chương), hoặc vì quá cẩn thận."
    },
    {
      "question": "Nên cho con làm bài thi thử ở nhà không?",
      "answer": "Nên, nhưng đừng tạo áp lực. Mục đích là cho con quen với việc làm bài có giới hạn thời gian, không phải để đánh giá con."
    },
    {
      "question": "Con làm nhanh nhưng sai nhiều thì sao?",
      "answer": "Thì ngược lại – cần dạy con chậm lại, kiểm tra kỹ hơn. Mỗi đứa trẻ có vấn đề khác nhau, không có công thức chung."
    },
    {
      "question": "Có nên nói chuyện với cô giáo không?",
      "answer": "Nên. Cô có thể cho con thêm thời gian, hoặc ít nhất hiểu con đang cố gắng – không phải con lười hay không biết làm."
    }
  ],
  "cta": {
    "text": "Sorokid giúp con luyện tính nhẩm nhanh qua các bài tập tương tác, tăng dần độ khó để con quen với tốc độ.",
    "buttonText": "Cho con thử",
    "buttonLink": "/register"
  },
  "imageAlt": "Trẻ em châu Á tập trung học toán theo tốc độ riêng",
  "categoryOrder": 2,
  "order": 4
}