{
  "slug": "con-ghet-toan-chi-thich-doc-sach",
  "title": "Con ghét toán, chỉ thích đọc sách – mình từng lo con \"lệch\"",
  "description": "Con mình đọc sách cả ngày nhưng mở vở toán là than thở. Mình từng nghĩ phải ép con học đều.",
  "category": "con-gap-kho-khan-hoc-toan",
  "keywords": [
    "trẻ thiên văn ghét toán",
    "con không thích học toán",
    "cân bằng văn toán"
  ],
  "status": "draft",
  "publishedAt": null,
  "createdAt": "2025-12-25",
  "image": "/blog/be-doc-sach.jpg",
  "imageAlt": "Bé gái châu Á đang đọc sách say mê",
  "readingTime": 6,
  "categoryOrder": 2,
  "order": 12,
  "content": {
    "intro": "Con gái mình đọc sách từ sáng đến tối. Cô khen văn viết hay. Nhưng toán thì... con than \"khó quá\", \"chán quá\". Mình lo con \"thiên về văn\" quá sẽ khổ sau này.",
    "sections": [
      {
        "type": "heading",
        "level": 2,
        "text": "Mình từng ép con học toán nhiều hơn"
      },
      {
        "type": "paragraph",
        "text": "\"Con phải học toán trước rồi mới được đọc sách.\" – Mình nghĩ ép thế con sẽ cân bằng."
      },
      {
        "type": "paragraph",
        "text": "Kết quả: con ức chế, khóc. Học toán qua loa cho xong để được đọc sách. Không hiệu quả."
      },
      {
        "type": "heading",
        "level": 2,
        "text": "Mình suy nghĩ lại"
      },
      {
        "type": "paragraph",
        "text": "Con giỏi đọc sách vì con THÍCH. Nếu mình làm con thích toán, con có thể giỏi toán."
      },
      {
        "type": "paragraph",
        "text": "Vấn đề không phải con \"không có năng khiếu toán\". Vấn đề là toán chưa hấp dẫn con."
      },
      {
        "type": "callout",
        "style": "empathy",
        "text": "Không có trẻ \"sinh ra để ghét toán\". Chỉ có trẻ chưa gặp được cách học phù hợp."
      },
      {
        "type": "heading",
        "level": 2,
        "text": "Mình thử cách mới"
      },
      {
        "type": "paragraph",
        "text": "**1. Kết hợp toán với sách:** \"Con đọc xong chương này, mình giải mật mã toán nhé!\" – Biến toán thành \"nhiệm vụ\" trong câu chuyện."
      },
      {
        "type": "paragraph",
        "text": "**2. Cho con học Soroban:** Bàn tính có hình ảnh, giống như \"đồ chơi\". Con thấy thú vị hơn bài tập số."
      },
      {
        "type": "paragraph",
        "text": "**3. Không so sánh:** Mình không nói \"sao học văn được mà học toán không được\". Mỗi môn có thời gian của nó."
      },
      {
        "type": "heading",
        "level": 2,
        "text": "Bây giờ"
      },
      {
        "type": "paragraph",
        "text": "Con mình vẫn thích đọc sách hơn toán. Bình thường. Nhưng con không còn ghét toán nữa."
      },
      {
        "type": "paragraph",
        "text": "Con học Sorokid 10 phút mỗi ngày. Không hào hứng như đọc sách, nhưng cũng không than thở."
      },
      {
        "type": "callout",
        "style": "reassurance",
        "text": "Không cần con yêu toán như yêu sách. Chỉ cần con không sợ, không ghét. Thế là đủ."
      }
    ]
  },
  "faq": [
    {
      "question": "Con thiên văn có cần lo không?",
      "answer": "Không cần lo quá. Quan trọng là con không ghét toán. Với nền tảng cơ bản tốt, con vẫn học tốt dù thiên văn hơn."
    },
    {
      "question": "Làm sao cho con thích toán?",
      "answer": "Biến toán thành trò chơi, dùng hình ảnh thay vì số thuần túy, cho con thấy toán trong cuộc sống thực."
    }
  ],
  "cta": {
    "text": "Sorokid dùng hình ảnh bàn tính, giúp trẻ \"thiên văn\" thấy toán bớt khô khan.",
    "buttonText": "Cho con thử",
    "buttonLink": "/register"
  }
}