{
  "slug": "con-so-hoc-toan-phu-huynh-dang-lam-sai-o-dau",
  "title": "Con sợ toán – mình đã vô tình làm gì sai?",
  "description": "Mình từng nghĩ con sợ toán là do con yếu. Cho đến khi nhìn lại những gì mình nói, mình mới hiểu: đôi khi vấn đề không phải ở con.",
  "category": "con-gap-kho-khan-hoc-toan",
  "keywords": [
    "con sợ học toán",
    "trẻ sợ toán",
    "tại sao con sợ toán"
  ],
  "status": "published",
  "publishedAt": "2025-12-25T02:37:16.661Z",
  "createdAt": "2025-12-25",
  "image": "/blog/con-so-hoc-toan-phu-huynh-lam-sai.jpg",
  "readingTime": 6,
  "content": {
    "intro": "Có hôm con nói: \"Con ghét toán.\" Mình hỏi vì sao, con không trả lời, chỉ cúi đầu. Mình tức lắm. Nhưng đêm đó nằm nghĩ lại, mình thấy mình cũng có phần.",
    "sections": [
      {
        "type": "heading",
        "level": 2,
        "text": "Những dấu hiệu mình không để ý"
      },
      {
        "type": "paragraph",
        "text": "Trước đây mình cứ nghĩ con lười. Nhưng rồi mình để ý kỹ hơn:"
      },
      {
        "type": "list",
        "items": [
          "Mỗi khi mở vở toán ra, mặt con đổi khác – căng thẳng, không vui",
          "Con hay nói \"Con không biết\" dù chưa thử đọc đề",
          "Con làm bài rất chậm, như đang cố trì hoãn",
          "Có hôm con khóc khi đến bài khó, dù mình chưa nói gì"
        ]
      },
      {
        "type": "paragraph",
        "text": "Đó không phải lười. Đó là sợ."
      },
      {
        "type": "heading",
        "level": 2,
        "text": "Mình đã nói gì với con?"
      },
      {
        "type": "paragraph",
        "text": "Mình nhớ lại những câu mình hay nói:"
      },
      {
        "type": "paragraph",
        "text": "**\"Bài này dễ mà, sao con không làm được?\"**"
      },
      {
        "type": "paragraph",
        "text": "Mình tưởng đang động viên. Nhưng với con, câu đó có nghĩa là: \"Con đang thất bại ở một việc dễ dàng.\" Con cảm thấy mình kém."
      },
      {
        "type": "paragraph",
        "text": "**\"Bạn A lớp con giỏi lắm.\"**"
      },
      {
        "type": "paragraph",
        "text": "Mình muốn con có động lực. Nhưng con nghe thành: \"Bạn A hơn con.\" Con thấy mình thua kém."
      },
      {
        "type": "paragraph",
        "text": "**Thở dài, lắc đầu khi con sai.**"
      },
      {
        "type": "paragraph",
        "text": "Mình không nói gì, nhưng con đọc được. Con biết mình đang thất vọng. Lần sau con sợ làm sai, nên không dám thử."
      },
      {
        "type": "paragraph",
        "text": "**\"Con được mấy điểm?\"**"
      },
      {
        "type": "paragraph",
        "text": "Câu hỏi đầu tiên mỗi khi con đi học về. Mình vô tình nói với con rằng: điểm số là thứ quan trọng nhất. Con học để lấy điểm, không phải để hiểu."
      },
      {
        "type": "callout",
        "style": "empathy",
        "text": "Mình viết ra đây không phải để tự trách. Mình cũng yêu con, cũng muốn con giỏi. Chỉ là đôi khi mình không biết cách nào khác. Phụ huynh nào cũng vậy thôi."
      },
      {
        "type": "heading",
        "level": 2,
        "text": "Con không sợ toán – con sợ bị đánh giá"
      },
      {
        "type": "paragraph",
        "text": "Mình nhận ra một điều: không đứa trẻ nào sinh ra đã ghét con số. Con sợ toán vì những trải nghiệm tiêu cực – bị la, bị so sánh, bị thở dài, bị hỏi điểm."
      },
      {
        "type": "paragraph",
        "text": "Khi học toán = bị đánh giá, thì con sẽ tránh né. Đơn giản vậy thôi."
      },
      {
        "type": "heading",
        "level": 2,
        "text": "Mình đang cố thay đổi"
      },
      {
        "type": "paragraph",
        "text": "Mình không phải chuyên gia. Mình chỉ đang thử vài thứ:"
      },
      {
        "type": "list",
        "items": [
          "**Thay đổi cách nói:** \"Bài này khó nhỉ, con thử xem\" thay vì \"Bài này dễ mà\"",
          "**Khen sự cố gắng:** \"Con ngồi tập trung lâu rồi đó\" thay vì chỉ khen khi đúng",
          "**Không phản ứng khi con sai:** Im lặng, để con tự thấy và tự sửa",
          "**Hỏi khác đi:** \"Hôm nay con học gì vui?\" thay vì \"Được mấy điểm?\"",
          "**Để con tự học:** Không ngồi cạnh sửa từng lỗi nữa"
        ]
      },
      {
        "type": "paragraph",
        "text": "Mình cho con dùng một ứng dụng học toán. Ở đó con làm bài, sai thì thử lại, không ai la. Con học trong môi trường không có áp lực từ mình."
      },
      {
        "type": "heading",
        "level": 2,
        "text": "Có khá hơn không?"
      },
      {
        "type": "paragraph",
        "text": "Thật ra mình không biết chắc. Mới vài tuần thôi. Nhưng mình thấy con đỡ căng thẳng hơn khi mở vở ra. Đôi khi con còn tự vào app học mà không cần nhắc."
      },
      {
        "type": "paragraph",
        "text": "Quan trọng hơn, mình và con không còn \"chiến đấu\" mỗi tối nữa. Mình có thời gian nói chuyện với con về những thứ khác – bạn bè, trường lớp, phim hoạt hình."
      },
      {
        "type": "callout",
        "style": "reassurance",
        "text": "Nỗi sợ toán có thể được chữa lành. Nhưng cần thời gian và sự kiên nhẫn – từ con, và từ chính mình."
      }
    ]
  },
  "faq": [
    {
      "question": "Con đã sợ toán lâu rồi, có thay đổi được không?",
      "answer": "Được. Nỗi sợ hình thành từ trải nghiệm, và có thể \"viết lại\" bằng những trải nghiệm tích cực mới. Nhưng cần thời gian – đừng vội."
    },
    {
      "question": "Con nói ghét toán, mình có nên ép không?",
      "answer": "Ép thường phản tác dụng. Thử hỏi con vì sao ghét, và thử thay đổi cách tiếp cận trước. Có thể con chỉ ghét cách học hiện tại, không phải ghét toán."
    },
    {
      "question": "Làm sao biết con sợ toán hay chỉ lười?",
      "answer": "Trẻ sợ thường có biểu hiện lo lắng – căng mặt, né tránh, đôi khi khóc. Trẻ lười thì né mọi thứ, không chỉ toán. Quan sát cảm xúc của con sẽ thấy."
    },
    {
      "question": "Mình cũng từng sợ toán, có ảnh hưởng đến con không?",
      "answer": "Có thể. Nếu mình hay nói \"Mẹ cũng dốt toán\" trước mặt con, con sẽ nghĩ ghét toán là bình thường. Mình đang cố không nói vậy nữa."
    }
  ],
  "cta": {
    "text": "Nếu con bạn cũng đang sợ toán, thử cho con một môi trường học không áp lực. Sorokid cho con tự học theo tốc độ riêng, không ai la khi sai.",
    "buttonText": "Cho con thử",
    "buttonLink": "/register"
  },
  "imageAlt": "Trẻ em châu Á lo lắng khi học toán tại nhà",
  "categoryOrder": 2,
  "order": 1
}