{
  "slug": "con-khoc-moi-khi-lam-bai-toan",
  "title": "Con khóc mỗi khi mở vở toán – mình đau lòng không biết làm gì",
  "description": "Thấy con sợ toán đến mức khóc, mình tự hỏi mình đã làm gì sai. Đây là hành trình mình giúp con.",
  "category": "con-gap-kho-khan-hoc-toan",
  "keywords": [
    "trẻ sợ toán",
    "con khóc khi làm toán",
    "lo lắng toán học"
  ],
  "status": "draft",
  "publishedAt": null,
  "createdAt": "2025-12-25",
  "image": "/blog/be-khoc-vi-toan.jpg",
  "imageAlt": "Bé gái châu Á buồn bên cạnh vở bài tập",
  "readingTime": 7,
  "categoryOrder": 2,
  "order": 9,
  "content": {
    "intro": "\"Mẹ ơi, con không muốn làm toán...\" – Con nói với giọng run. Rồi bắt đầu khóc. Mình ôm con mà lòng như đứt. Con mới lớp 2, sao đã sợ toán đến vậy?",
    "sections": [
      {
        "type": "heading",
        "level": 2,
        "text": "Mình suy nghĩ xem chuyện gì đã xảy ra"
      },
      {
        "type": "paragraph",
        "text": "Mình nhớ lại: mỗi khi con làm sai, mình có thở dài. Mình có nói: \"Sao dễ thế mà con cũng không làm được?\""
      },
      {
        "type": "paragraph",
        "text": "Mình không la mắng, nhưng cũng không khích lệ. Mình thể hiện sự thất vọng dù không nói ra."
      },
      {
        "type": "paragraph",
        "text": "Con mình nhạy cảm. Con cảm nhận được. Con sợ làm mình buồn."
      },
      {
        "type": "callout",
        "style": "empathy",
        "text": "Trẻ sợ toán không phải vì toán khó. Thường là vì sợ bị đánh giá, sợ làm sai, sợ người lớn thất vọng."
      },
      {
        "type": "heading",
        "level": 2,
        "text": "Mình bắt đầu thay đổi"
      },
      {
        "type": "paragraph",
        "text": "**1. Không ngồi kèm nữa:** Mình để con tự làm. Làm sai cũng được. Mình không xem, không nhận xét."
      },
      {
        "type": "paragraph",
        "text": "**2. Chỉ khen:** Bất cứ khi nào con cố gắng, mình khen. \"Con làm xong rồi à? Giỏi quá!\" – Không nhắc đến đúng hay sai."
      },
      {
        "type": "paragraph",
        "text": "**3. Tách toán khỏi áp lực:** Mình cho con chơi game toán thay vì làm bài tập. Không điểm số, không đánh giá."
      },
      {
        "type": "heading",
        "level": 2,
        "text": "Dùng Sorokid thay vì vở bài tập"
      },
      {
        "type": "paragraph",
        "text": "Mình cho con học Soroban qua Sorokid. Con nghĩ đó là chơi game. Không áp lực điểm số."
      },
      {
        "type": "paragraph",
        "text": "App có hoạt hình, có phần thưởng. Con thích. Dần dần con quen với việc làm toán mà không sợ."
      },
      {
        "type": "heading",
        "level": 2,
        "text": "3 tháng sau"
      },
      {
        "type": "paragraph",
        "text": "Con không còn khóc khi mở vở toán. Không phải con giỏi hơn – con bớt sợ hơn."
      },
      {
        "type": "paragraph",
        "text": "Mình học được: vấn đề không phải ở toán, mà ở cảm xúc của con với toán."
      },
      {
        "type": "callout",
        "style": "reassurance",
        "text": "Nếu con bạn sợ toán, hãy dừng mọi áp lực. Hãy để toán trở nên vui vẻ trước khi mong con giỏi."
      }
    ]
  },
  "faq": [
    {
      "question": "Vì sao con sợ toán?",
      "answer": "Thường do áp lực từ người lớn, sợ bị đánh giá khi làm sai, hoặc trải nghiệm tiêu cực trước đó với toán."
    },
    {
      "question": "Làm sao giúp con hết sợ?",
      "answer": "Dừng mọi áp lực, chỉ khen nỗ lực không khen kết quả, cho con chơi game toán thay vì làm bài tập. Khi cảm xúc tích cực, con sẽ học tốt hơn."
    }
  ],
  "cta": {
    "text": "Sorokid biến học toán thành trò chơi, giúp con bớt sợ và yêu thích toán tự nhiên.",
    "buttonText": "Cho con chơi thử",
    "buttonLink": "/register"
  }
}