{
  "slug": "con-hoc-toan-tot-nhung-giai-toan-do-cham",
  "title": "Con tính toán nhanh nhưng giải toán đố chậm – vấn đề ở đâu?",
  "description": "Con mình tính nhẩm giỏi lắm. Nhưng gặp bài toán đố là chịu. Mình tìm hiểu mới biết tại sao.",
  "category": "con-gap-kho-khan-hoc-toan",
  "keywords": [
    "giải toán đố",
    "tính toán giỏi nhưng giải đề kém",
    "phân tích đề toán"
  ],
  "status": "draft",
  "publishedAt": null,
  "createdAt": "2025-12-25",
  "image": "/blog/be-giai-toan-do.jpg",
  "imageAlt": "Bé châu Á đang đọc đề toán với vẻ suy nghĩ",
  "readingTime": 6,
  "categoryOrder": 2,
  "order": 16,
  "content": {
    "intro": "Con mình học Soroban, tính nhẩm 47 + 38 trong đầu được. Nhưng đề bài: \"An có 47 viên bi, Bình cho thêm 38 viên. Hỏi An có bao nhiêu viên bi?\" – Con... không biết làm.",
    "sections": [
      {
        "type": "heading",
        "level": 2,
        "text": "Mình bối rối"
      },
      {
        "type": "paragraph",
        "text": "\"47 + 38 con làm được mà?\" – Mình hỏi. Con nói: \"Nhưng con không biết phải cộng!\""
      },
      {
        "type": "paragraph",
        "text": "Hóa ra, tính toán và phân tích đề là HAI KỸ NĂNG KHÁC NHAU."
      },
      {
        "type": "heading",
        "level": 2,
        "text": "Vấn đề ở đâu?"
      },
      {
        "type": "paragraph",
        "text": "**Tính toán:** Biết cách làm phép tính. Soroban rèn kỹ năng này."
      },
      {
        "type": "paragraph",
        "text": "**Giải toán đố:** Đọc đề → hiểu đề → chọn phép tính → thực hiện. Cần rèn riêng."
      },
      {
        "type": "paragraph",
        "text": "Con mình giỏi phần \"thực hiện\" nhưng yếu phần \"đọc hiểu và chọn phép tính\"."
      },
      {
        "type": "callout",
        "style": "empathy",
        "text": "Soroban giúp tính toán nhanh. Nhưng giải toán đố cần thêm kỹ năng đọc hiểu và phân tích."
      },
      {
        "type": "heading",
        "level": 2,
        "text": "Mình giúp con thế nào"
      },
      {
        "type": "paragraph",
        "text": "**1. Dạy con \"từ khóa\":** \"Cho thêm\" = cộng. \"Bớt đi\" = trừ. \"Chia đều\" = chia."
      },
      {
        "type": "paragraph",
        "text": "**2. Vẽ hình:** Con vẽ ra: An có 47 bi, vẽ 47 chấm. Bình cho 38, vẽ thêm 38. Đếm tổng."
      },
      {
        "type": "paragraph",
        "text": "**3. Đọc đề nhiều lần:** Đọc chậm, gạch chân số, khoanh tròn câu hỏi."
      },
      {
        "type": "heading",
        "level": 2,
        "text": "Bây giờ"
      },
      {
        "type": "paragraph",
        "text": "Con mình vẫn dùng Sorokid để rèn tính toán. Thêm vào đó, mình dạy con phân tích đề mỗi tối."
      },
      {
        "type": "paragraph",
        "text": "Kết quả: con vừa tính nhanh, vừa hiểu đề. Điểm toán tăng rõ."
      },
      {
        "type": "callout",
        "style": "reassurance",
        "text": "Tính toán giỏi là nền tảng tốt. Nhưng cần bổ sung kỹ năng đọc hiểu để giải toán đố."
      }
    ]
  },
  "faq": [
    {
      "question": "Soroban có dạy giải toán đố không?",
      "answer": "Không trực tiếp. Soroban tập trung vào tính toán. Giải toán đố cần rèn thêm kỹ năng đọc hiểu."
    },
    {
      "question": "Làm sao dạy con hiểu đề?",
      "answer": "Dạy con tìm từ khóa (cho thêm, bớt đi...), vẽ hình minh họa, đọc đề nhiều lần và gạch chân thông tin quan trọng."
    }
  ],
  "cta": {
    "text": "Sorokid giúp con tính toán nhanh – nền tảng cho mọi bài toán.",
    "buttonText": "Xây nền tảng",
    "buttonLink": "/register"
  }
}