{
  "slug": "con-hoc-toan-cham-co-that-la-do-con",
  "title": "Con học toán chậm hơn bạn – mình đã lo sai chỗ",
  "description": "Mình từng so sánh con với bạn bè, lo lắng vì con \"chậm\". Cho đến khi mình hiểu: mỗi đứa trẻ có tốc độ riêng, và \"chậm\" không có nghĩa là \"kém\".",
  "category": "con-gap-kho-khan-hoc-toan",
  "keywords": [
    "con học toán chậm",
    "trẻ học toán chậm",
    "con tiếp thu chậm"
  ],
  "status": "published",
  "publishedAt": "2025-12-25T02:38:33.657Z",
  "createdAt": "2025-12-25",
  "image": "/blog/con-hoc-toan-cham.jpg",
  "readingTime": 5,
  "content": {
    "intro": "\"Bạn A lớp con làm phép nhân trong đầu được rồi.\" Cô giáo nói vậy trong buổi họp phụ huynh. Mình ngồi nghe, lòng nặng trĩu. Con mình còn đang vật lộn với phép cộng có nhớ.",
    "sections": [
      {
        "type": "heading",
        "level": 2,
        "text": "Cái cảm giác con mình \"thua\" bạn"
      },
      {
        "type": "paragraph",
        "text": "Mình không muốn so sánh. Nhưng cứ nghe các phụ huynh khác kể con họ thế này thế kia, mình lại lo. \"Con mình có vấn đề gì không?\" \"Có nên cho học thêm?\" \"Hay là mình dạy sai cách?\""
      },
      {
        "type": "paragraph",
        "text": "Mình bắt đầu ép con học nhiều hơn. Tối nào cũng kèm. Cuối tuần cũng làm bài. Con càng ngày càng mệt, mình cũng vậy. Mà kết quả chẳng khá hơn."
      },
      {
        "type": "heading",
        "level": 2,
        "text": "Rồi mình bắt đầu nghĩ khác"
      },
      {
        "type": "paragraph",
        "text": "Có hôm mình ngồi nhìn con làm bài. Con chậm thật. Nhưng khi hiểu rồi, con nhớ rất lâu. Con không phải loại \"học nhanh quên nhanh.\" Con cần thời gian để \"ngấm.\""
      },
      {
        "type": "paragraph",
        "text": "Mình chợt nghĩ: học tập đâu phải cuộc chạy đua. Quan trọng là con hiểu, con nhớ – không phải con nhanh."
      },
      {
        "type": "callout",
        "style": "empathy",
        "text": "Nếu bạn cũng đang lo vì con học chậm hơn bạn bè, mình hiểu. Cái cảm giác con mình \"tụt lại\" rất khó chịu. Nhưng \"chậm\" không có nghĩa là \"kém.\" Có thể con chỉ đang cần một cách học khác."
      },
      {
        "type": "heading",
        "level": 2,
        "text": "Mình tìm hiểu thêm và nhận ra..."
      },
      {
        "type": "paragraph",
        "text": "**1. Cách dạy có thể không phù hợp với con**"
      },
      {
        "type": "paragraph",
        "text": "Có đứa trẻ học tốt qua nghe giảng, có đứa qua hình ảnh, có đứa qua thực hành. Con mình thuộc loại cần \"nhìn thấy\" mới hiểu. Ngồi giảng suông, con không tiếp thu được."
      },
      {
        "type": "paragraph",
        "text": "**2. Con có thể đang thiếu nền tảng**"
      },
      {
        "type": "paragraph",
        "text": "Toán là môn \"xây tháp\" – kiến thức sau dựa trên kiến thức trước. Nếu con chưa vững phần trước, phần sau sẽ khó. Mình phát hiện con chưa nắm chắc khái niệm hàng chục, hàng đơn vị. Bổ sung xong, con học tiếp dễ hơn."
      },
      {
        "type": "paragraph",
        "text": "**3. Con có thể đang sợ hoặc mất tự tin**"
      },
      {
        "type": "paragraph",
        "text": "Sau nhiều lần bị so sánh, bị sửa, bị thở dài, con mất tự tin. Con sợ làm sai nên không dám thử. Sợ thì đầu óc \"đông cứng\" – dù có khả năng cũng không thể hiện được."
      },
      {
        "type": "heading",
        "level": 2,
        "text": "Mình thay đổi cách tiếp cận"
      },
      {
        "type": "list",
        "items": [
          "**Bỏ so sánh:** Không nhắc đến bạn A, bạn B nữa",
          "**Giảm tải:** Học ít hơn nhưng chất lượng hơn, cho con thời gian \"ngấm\"",
          "**Kiểm tra nền tảng:** Xem con có \"lỗ hổng\" kiến thức nào không",
          "**Tìm cách học phù hợp:** Con mình cần hình ảnh, nên mình cho dùng ứng dụng có hình trực quan",
          "**Tạo môi trường an toàn:** Cho con biết sai cũng không sao, mẹ không la"
        ]
      },
      {
        "type": "paragraph",
        "text": "Mình cho con thử Sorokid – một ứng dụng học toán bằng hình ảnh. Con thích vì thấy số qua các hạt, dễ hiểu hơn. Quan trọng là con được học theo tốc độ riêng, không ai so sánh."
      },
      {
        "type": "heading",
        "level": 2,
        "text": "Kết quả thì sao?"
      },
      {
        "type": "paragraph",
        "text": "Con không bỗng nhiên \"nhanh\" hơn. Nhưng con đỡ sợ toán. Con dám thử, dám sai, dám hỏi. Với mình, thế là tiến bộ."
      },
      {
        "type": "paragraph",
        "text": "Còn việc con có \"đuổi kịp\" bạn bè không – mình không quan tâm nữa. Mỗi đứa trẻ có hành trình riêng. Quan trọng là con đang đi đúng hướng của con."
      },
      {
        "type": "callout",
        "style": "reassurance",
        "text": "Con bạn không \"dốt\" hay \"kém\" – con chỉ đang cần được học theo cách phù hợp với mình. Việc của mình không phải ép con chạy nhanh hơn, mà là giúp con tìm ra con đường của con."
      }
    ]
  },
  "faq": [
    {
      "question": "Làm sao biết con thật sự chậm hay chỉ chưa được dạy đúng cách?",
      "answer": "Thử thay đổi cách dạy hoặc công cụ học tập. Nếu con tiến bộ với phương pháp mới, vấn đề không phải ở con mà ở cách học cũ."
    },
    {
      "question": "Con học toán chậm có nên cho học thêm nhiều hơn?",
      "answer": "Không nhất thiết. Học nhiều hơn chưa chắc hiệu quả hơn. Đôi khi con cần học ít hơn nhưng đúng cách, hoặc cần bổ sung kiến thức nền tảng trước."
    },
    {
      "question": "Có nên cho con học trước chương trình?",
      "answer": "Nếu con đang vật lộn với kiến thức hiện tại, học trước có thể thêm áp lực. Củng cố nền tảng trước đã."
    },
    {
      "question": "Con học các môn khác tốt, chỉ kém toán. Vì sao?",
      "answer": "Mỗi người có điểm mạnh khác nhau. Con có thể có tư duy thiên về ngôn ngữ hoặc sáng tạo hơn là logic. Không có nghĩa con không thể học toán – chỉ cần tìm cách phù hợp."
    }
  ],
  "cta": {
    "text": "Nếu con bạn cũng đang học toán chậm hơn bạn bè, thử một cách tiếp cận khác. Sorokid cho con học theo tốc độ riêng, không áp lực so sánh.",
    "buttonText": "Cho con thử",
    "buttonLink": "/register"
  },
  "imageAlt": "Mẹ châu Á kiên nhẫn kèm con học - con chậm không do con",
  "categoryOrder": 2,
  "order": 3
}