{
  "slug": "con-khong-tap-trung-khi-hoc-toan",
  "title": "Con không tập trung nổi 5 phút khi học toán – mình từng nghĩ con bị tăng động",
  "description": "Ngồi học 2 phút là con ngọ nguậy. Mình lo con bị ADHD. Nhưng tìm hiểu xong mình thấy khác.",
  "category": "con-gap-kho-khan-hoc-toan",
  "keywords": [
    "trẻ không tập trung",
    "con mất tập trung học toán",
    "tăng động hay lười"
  ],
  "status": "draft",
  "publishedAt": null,
  "createdAt": "2025-12-25",
  "image": "/blog/be-mat-tap-trung.jpg",
  "imageAlt": "Bé trai châu Á ngồi học nhưng mắt nhìn đi nơi khác",
  "readingTime": 7,
  "categoryOrder": 2,
  "order": 11,
  "content": {
    "intro": "\"Con ơi, tập trung nào!\" – Mình nói câu này cả chục lần mỗi tối. Con ngồi học được 2 phút là quay ngang quay ngửa. Mình tra google \"ADHD ở trẻ em\", đọc xong càng lo.",
    "sections": [
      {
        "type": "heading",
        "level": 2,
        "text": "Mình quan sát kỹ hơn"
      },
      {
        "type": "paragraph",
        "text": "Con mình mất tập trung khi học toán. Nhưng khi xem hoạt hình, con ngồi im 30 phút. Khi chơi Lego, con chơi cả tiếng."
      },
      {
        "type": "paragraph",
        "text": "Mình nghĩ: nếu con bị ADHD, sao con tập trung chơi được lâu thế?"
      },
      {
        "type": "heading",
        "level": 2,
        "text": "Nguyên nhân thật"
      },
      {
        "type": "paragraph",
        "text": "Con mình không mất tập trung. Con mình CHÁN. Học toán theo kiểu truyền thống không hấp dẫn con."
      },
      {
        "type": "paragraph",
        "text": "Não trẻ tìm kiếm sự kích thích. Bài tập toán lặp đi lặp lại không đủ \"vui\" để con tập trung."
      },
      {
        "type": "callout",
        "style": "empathy",
        "text": "Trước khi lo con bị ADHD, hãy tự hỏi: cách học này có phù hợp với con không? Con không tập trung vì không thích, không phải vì không thể."
      },
      {
        "type": "heading",
        "level": 2,
        "text": "Mình thay đổi cách học"
      },
      {
        "type": "paragraph",
        "text": "**1. Chia nhỏ thời gian:** Thay vì học 30 phút liên tục, học 3 lần × 10 phút."
      },
      {
        "type": "paragraph",
        "text": "**2. Dùng app:** Sorokid có hoạt hình, có phần thưởng. Con tập trung hơn vì có mục tiêu ngắn hạn."
      },
      {
        "type": "paragraph",
        "text": "**3. Cho con vận động giữa chừng:** Học 10 phút, nghỉ 5 phút chạy nhảy, rồi học tiếp."
      },
      {
        "type": "heading",
        "level": 2,
        "text": "Kết quả"
      },
      {
        "type": "paragraph",
        "text": "Con mình giờ học Soroban 15 phút không nghỉ. Vì app có level, có sao, con muốn đạt được."
      },
      {
        "type": "paragraph",
        "text": "Mình không còn phải nhắc \"tập trung nào\" nữa. Con tự muốn học."
      },
      {
        "type": "callout",
        "style": "reassurance",
        "text": "Nếu con bạn mất tập trung khi học, thử đổi cách học trước khi lo lắng. Có thể vấn đề ở phương pháp, không phải ở con."
      }
    ]
  },
  "faq": [
    {
      "question": "Làm sao biết con bị ADHD hay chỉ là mất tập trung?",
      "answer": "Nếu con mất tập trung với MỌI THỨ, kể cả việc con thích, thì nên gặp bác sĩ. Nếu con chỉ mất tập trung với việc không thích, có thể chỉ là bình thường."
    },
    {
      "question": "Trẻ có thể tập trung bao lâu?",
      "answer": "Quy tắc chung: tuổi của con × 2-3 phút. Trẻ 6 tuổi có thể tập trung 12-18 phút. Đừng kỳ vọng quá cao."
    }
  ],
  "cta": {
    "text": "Sorokid chia bài học thành phần nhỏ, phù hợp với khả năng tập trung của trẻ.",
    "buttonText": "Cho con thử",
    "buttonLink": "/register"
  }
}