{
  "slug": "con-tinh-nham-hay-sai-do-dau",
  "title": "Con tính nhẩm hay sai – Do đâu và sửa thế nào?",
  "description": "Mình cho con tính nhẩm thì sai hoài. Tưởng con kém toán, hóa ra không phải.",
  "category": "con-gap-kho-khan-hoc-toan",
  "keywords": [
    "con tính nhẩm sai",
    "rèn tính nhẩm cho con",
    "cách tính nhẩm nhanh"
  ],
  "status": "draft",
  "publishedAt": null,
  "createdAt": "2025-12-25",
  "image": "/blog/tinh-nham-sai.jpg",
  "imageAlt": "Bé châu Á đang suy nghĩ tính toán",
  "readingTime": 5,
  "categoryOrder": 2,
  "order": 20,
  "content": {
    "intro": "\"7 + 8?\" – Con mình đáp \"14\". Sai rồi! Mình hay la con vì sai phép tính đơn giản. Nhưng sau khi tìm hiểu, mình thấy lỗi không phải ở con.",
    "sections": [
      {
        "type": "heading",
        "level": 2,
        "text": "Tại sao con tính nhẩm hay sai?"
      },
      {
        "type": "paragraph",
        "text": "1. **Chưa thuộc bảng cộng/trừ cơ bản**\n   - Con phải \"tính\" thay vì \"nhớ\".\n   - Tính = có thể sai. Nhớ = nhanh và chính xác."
      },
      {
        "type": "paragraph",
        "text": "2. **Mất tập trung**\n   - Tính nhẩm cần não rảnh.\n   - Con đang nghĩ chuyện khác → sai ngay."
      },
      {
        "type": "paragraph",
        "text": "3. **Áp lực thời gian**\n   - Bố mẹ giục \"Nhanh lên!\"\n   - Con vội → sai nhiều hơn."
      },
      {
        "type": "heading",
        "level": 2,
        "text": "Cách mình sửa cho con"
      },
      {
        "type": "paragraph",
        "text": "**Bước 1: Học thuộc bảng cộng trừ**\n- Đừng coi thường bước này.\n- Thuộc như thuộc bảng cửu chương."
      },
      {
        "type": "paragraph",
        "text": "**Bước 2: Luyện tập không giới hạn thời gian**\n- Ban đầu, để con làm chậm nhưng đúng.\n- Đúng rồi mới tăng tốc."
      },
      {
        "type": "paragraph",
        "text": "**Bước 3: Dùng Soroban**\n- Soroban buộc não phải hình dung số.\n- Sau vài tháng, con tính nhẩm bằng hình ảnh → cực nhanh."
      },
      {
        "type": "callout",
        "style": "empathy",
        "text": "Đừng la con khi sai phép tính nhẩm. Đó là kỹ năng cần rèn, không phải thiên bẩm."
      },
      {
        "type": "heading",
        "level": 2,
        "text": "Kết quả"
      },
      {
        "type": "paragraph",
        "text": "Con mình giờ tính nhẩm 2 số hàng chục trong vài giây. Nhờ luyện Soroban đều đặn."
      }
    ]
  },
  "faq": [
    {
      "question": "Con lớp mấy cần tính nhẩm tốt?",
      "answer": "Tốt nhất là từ lớp 1. Nhưng lớp 3-4 vẫn có thể rèn lại được."
    },
    {
      "question": "Học Soroban bao lâu thì tính nhẩm tốt?",
      "answer": "Khoảng 6 tháng luyện đều đặn, con sẽ thấy tiến bộ rõ rệt."
    }
  ],
  "cta": {
    "text": "Sorokid giúp con luyện tính nhẩm mỗi ngày với bài tập thú vị.",
    "buttonText": "Bắt đầu miễn phí",
    "buttonLink": "/register"
  }
}