{
  "slug": "con-hoc-toan-tot-o-truong-nhung-ve-nha-khong-lam-duoc",
  "title": "Con học toán tốt ở trường nhưng về nhà không làm được?",
  "description": "Cô giáo khen con hiểu bài. Nhưng tối ôn bài thì con quên hết. Mình tìm ra nguyên nhân.",
  "category": "con-gap-kho-khan-hoc-toan",
  "keywords": [
    "con quên bài nhanh",
    "học tốt ở trường kém ở nhà",
    "con không nhớ bài"
  ],
  "status": "draft",
  "publishedAt": null,
  "createdAt": "2025-12-25",
  "image": "/blog/hoc-tot-truong-kem-nha.jpg",
  "imageAlt": "Bé châu Á làm bài tập ở nhà với vẻ bối rối",
  "readingTime": 5,
  "categoryOrder": 2,
  "order": 18,
  "content": {
    "intro": "Cô giáo nhắn tin: \"Con tiếp thu nhanh lắm.\" Nhưng tối về ôn bài, con mình ngồi nghĩ mãi không ra. Mâu thuẫn quá!",
    "sections": [
      {
        "type": "heading",
        "level": 2,
        "text": "Tại sao lại có chuyện này?"
      },
      {
        "type": "paragraph",
        "text": "Mình tìm hiểu và nhận ra: **hiểu ≠ nhớ ≠ làm được**."
      },
      {
        "type": "paragraph",
        "text": "Ở lớp, cô giảng → con hiểu ngay lúc đó. Nhưng vài tiếng sau, não quên mất 60-70% thông tin mới học."
      },
      {
        "type": "heading",
        "level": 2,
        "text": "Nguyên nhân cụ thể"
      },
      {
        "type": "paragraph",
        "text": "1. **Hiểu tạm thời, chưa thực hành đủ**\n   - Cô dạy → con gật đầu hiểu.\n   - Nhưng chưa làm bài tập → não chưa ghi nhớ sâu."
      },
      {
        "type": "paragraph",
        "text": "2. **Môi trường học khác nhau**\n   - Ở lớp: có cô, có bạn, có không khí học.\n   - Ở nhà: TV, điện thoại, em nhỏ quấy."
      },
      {
        "type": "paragraph",
        "text": "3. **Thiếu ôn tập ngay sau học**\n   - Về nhà chơi luôn, tối mới ôn.\n   - Lúc đó não đã quên gần hết."
      },
      {
        "type": "callout",
        "style": "tip",
        "text": "Theo nghiên cứu, nếu ôn tập trong vòng 24 tiếng, tỷ lệ nhớ lâu tăng gấp 3 lần."
      },
      {
        "type": "heading",
        "level": 2,
        "text": "Mình đã sửa thế này"
      },
      {
        "type": "paragraph",
        "text": "- **Ôn ngay sau học**: Con về nhà, nghỉ 30 phút rồi làm 5-10 bài tập luôn.\n- **Lặp lại hàng ngày**: Mỗi ngày 15 phút ôn kiến thức cũ.\n- **Dùng app để ôn**: Sorokid có bài lặp đi lặp lại giúp não ghi nhớ."
      },
      {
        "type": "callout",
        "style": "reassurance",
        "text": "Đừng lo khi con \"quên\" ở nhà. Não trẻ cần lặp lại mới nhớ được. Đó là bình thường."
      }
    ]
  },
  "faq": [
    {
      "question": "Ôn bao lâu thì con nhớ được?",
      "answer": "Mỗi ngày 15 phút trong 7-10 ngày liên tục, kiến thức sẽ ghi nhớ lâu dài."
    },
    {
      "question": "Con không chịu ôn bài thì sao?",
      "answer": "Biến thành trò chơi. Dùng app có hình ảnh động. Con sẽ hứng thú hơn."
    }
  ],
  "cta": {
    "text": "Sorokid giúp con ôn lại kiến thức mỗi ngày với bài tập thú vị.",
    "buttonText": "Thử ngay miễn phí",
    "buttonLink": "/register"
  }
}