{
  "slug": "con-so-kiem-tra-toan",
  "title": "Con sợ kiểm tra toán đến mức đau bụng – mình mới hiểu vì sao",
  "description": "Mỗi lần sắp thi toán, con kêu đau bụng, đau đầu. Mình tưởng con giả vờ – hóa ra là thật.",
  "category": "con-gap-kho-khan-hoc-toan",
  "keywords": [
    "con sợ kiểm tra toán",
    "trẻ lo lắng khi thi",
    "con đau bụng trước khi thi"
  ],
  "status": "published",
  "publishedAt": "2025-12-25T02:37:52.594Z",
  "createdAt": "2025-12-25",
  "image": "/blog/con-so-kiem-tra-toan.jpg",
  "readingTime": 6,
  "content": {
    "intro": "\"Mẹ ơi, con đau bụng, con không muốn đi học.\" – Con nói vào đúng sáng có kiểm tra toán. Lần đầu mình nghĩ con giả vờ. Lần thứ hai mình vẫn nghĩ vậy. Đến lần thứ ba, mình mới hiểu: con đau thật.",
    "sections": [
      {
        "type": "heading",
        "level": 2,
        "text": "Khi cơ thể phản ứng với nỗi sợ"
      },
      {
        "type": "paragraph",
        "text": "Mình đưa con đi khám. Bác sĩ nói không có vấn đề gì về tiêu hóa. Nhưng bác sĩ hỏi: \"Con có bị căng thẳng hay lo lắng gì không?\""
      },
      {
        "type": "paragraph",
        "text": "Mình mới nhận ra: mỗi lần con kêu đau bụng đều là ngày có kiểm tra. Đặc biệt là kiểm tra toán."
      },
      {
        "type": "paragraph",
        "text": "Bác sĩ giải thích: khi trẻ quá lo lắng, cơ thể tiết ra hormone stress. Hormone này làm co thắt dạ dày, gây đau bụng thật. Không phải giả vờ."
      },
      {
        "type": "callout",
        "style": "empathy",
        "text": "Nếu con bạn kêu đau trước ngày thi, đừng vội nghĩ con giả vờ. Có thể con đang lo lắng đến mức cơ thể phản ứng."
      },
      {
        "type": "heading",
        "level": 2,
        "text": "Vì sao con sợ kiểm tra toán?"
      },
      {
        "type": "paragraph",
        "text": "Mình hỏi con: \"Con sợ gì nhất khi kiểm tra?\""
      },
      {
        "type": "paragraph",
        "text": "Con nói:"
      },
      {
        "type": "list",
        "items": [
          "\"Con sợ không làm được, bạn cười.\"",
          "\"Con sợ điểm thấp, mẹ buồn.\"",
          "\"Con sợ cô nói trước lớp.\"",
          "\"Con sợ không kịp giờ.\""
        ]
      },
      {
        "type": "paragraph",
        "text": "Không phải con sợ toán. Con sợ những gì xảy ra nếu con làm không tốt."
      },
      {
        "type": "heading",
        "level": 2,
        "text": "Mình đã vô tình làm gì sai?"
      },
      {
        "type": "paragraph",
        "text": "Mình nhìn lại và thấy mình góp phần tạo ra nỗi sợ đó:"
      },
      {
        "type": "list",
        "items": [
          "Mỗi lần con điểm thấp, mình tỏ ra thất vọng (dù không la).",
          "Mình hay hỏi: \"Bạn A được mấy điểm?\" – vô tình so sánh.",
          "Mình ép con học trước kiểm tra: \"Mai thi rồi, học đi!\" – tạo áp lực.",
          "Mình nói: \"Phải được 9-10 nhé\" – đặt kỳ vọng quá cao."
        ]
      },
      {
        "type": "paragraph",
        "text": "Mình không có ý tạo áp lực. Nhưng với con, đó là áp lực."
      },
      {
        "type": "heading",
        "level": 2,
        "text": "Những thay đổi mình đã làm"
      },
      {
        "type": "heading",
        "level": 3,
        "text": "1. Thay đổi cách nói về kiểm tra"
      },
      {
        "type": "paragraph",
        "text": "Thay vì: \"Mai kiểm tra, học kỹ vào!\" → \"Mai có kiểm tra, con ôn lại những gì con đã học nhé.\""
      },
      {
        "type": "paragraph",
        "text": "Thay vì: \"Phải được 9-10 nhé\" → \"Con cứ làm hết sức, điểm mấy cũng được.\""
      },
      {
        "type": "heading",
        "level": 3,
        "text": "2. Không phản ứng quá đà với điểm số"
      },
      {
        "type": "paragraph",
        "text": "Con được 7 điểm, mình không buồn, không thở dài. Mình hỏi: \"Con thấy thế nào? Câu nào con thấy khó?\""
      },
      {
        "type": "paragraph",
        "text": "Tập trung vào việc học, không tập trung vào điểm."
      },
      {
        "type": "heading",
        "level": 3,
        "text": "3. Cho con làm \"kiểm tra giả\" ở nhà"
      },
      {
        "type": "paragraph",
        "text": "Mình tải đề về, cho con làm ở nhà như thi thật. Nhưng không chấm điểm, không đánh giá."
      },
      {
        "type": "paragraph",
        "text": "Mục đích: để con quen với cảm giác làm bài trong thời gian giới hạn. Làm nhiều lần, nỗi sợ giảm dần."
      },
      {
        "type": "heading",
        "level": 3,
        "text": "4. Dạy con cách xử lý khi lo lắng"
      },
      {
        "type": "paragraph",
        "text": "Mình dạy con: khi thấy lo, hít sâu 3 hơi. Nói trong đầu: \"Mình làm được. Sai cũng không sao.\""
      },
      {
        "type": "paragraph",
        "text": "Nghe đơn giản, nhưng với trẻ, cần được dạy cụ thể."
      },
      {
        "type": "heading",
        "level": 3,
        "text": "5. Nâng nền kiến thức để con tự tin"
      },
      {
        "type": "paragraph",
        "text": "Con sợ vì con không chắc mình làm được. Mình cho con luyện tập đều đặn bằng Sorokid – mỗi ngày 10 phút."
      },
      {
        "type": "paragraph",
        "text": "Khi con thấy mình làm được những bài tương tự, con tự tin hơn. Tự tin = bớt sợ."
      },
      {
        "type": "heading",
        "level": 2,
        "text": "Kết quả sau vài tháng"
      },
      {
        "type": "paragraph",
        "text": "Con vẫn có chút lo trước kiểm tra – điều đó bình thường. Nhưng con không còn đau bụng nữa."
      },
      {
        "type": "paragraph",
        "text": "Quan trọng hơn: con dám nói \"Con hơi lo\" thay vì giấu đi. Mình có thể giúp con khi con nói ra."
      },
      {
        "type": "callout",
        "style": "reassurance",
        "text": "Nỗi sợ kiểm tra không mất đi trong một ngày. Nhưng với sự kiên nhẫn và cách tiếp cận đúng, con sẽ dần vượt qua."
      }
    ]
  },
  "faq": [
    {
      "question": "Con đau bụng trước khi thi có cần đi khám không?",
      "answer": "Nên đi khám để loại trừ các vấn đề tiêu hóa. Nếu bác sĩ nói không có vấn đề, có thể con đang bị căng thẳng tâm lý."
    },
    {
      "question": "Làm sao để con bớt sợ thi?",
      "answer": "Cho con làm quen với việc thi qua các bài tập ở nhà. Đừng tạo áp lực về điểm số. Nâng kiến thức để con tự tin."
    },
    {
      "question": "Con sợ thi có phải là bệnh không?",
      "answer": "Lo lắng trước khi thi là bình thường. Nếu mức độ lo quá cao, ảnh hưởng đến sức khỏe và học tập, có thể cần gặp chuyên gia tâm lý."
    },
    {
      "question": "Nên nói gì với con trước khi thi?",
      "answer": "\"Con cứ làm hết sức, điểm mấy cũng được. Mẹ/bố luôn ở đây cho con.\" Quan trọng là con cảm thấy được yêu thương dù kết quả thế nào."
    }
  ],
  "cta": {
    "text": "Luyện tập đều đặn giúp con tự tin hơn khi làm bài. Sorokid có bài tập theo cấp độ, để con tiến bộ từ từ.",
    "buttonText": "Bắt đầu luyện tập",
    "buttonLink": "/register"
  },
  "imageAlt": "Trẻ em châu Á căng thẳng trước bài kiểm tra toán",
  "categoryOrder": 2,
  "order": 2
}