{
  "slug": "con-lop-1-chua-biet-cong-tru-tram-vi",
  "title": "Con lớp 1 chưa biết cộng trừ trong phạm vi 10 – mình có lo quá không?",
  "description": "Bạn bè cộng trừ nhoay nhoáy, con mình còn đếm ngón tay. Mình so sánh rồi lo lắng.",
  "category": "con-gap-kho-khan-hoc-toan",
  "keywords": [
    "con lớp 1 chậm toán",
    "trẻ chưa biết cộng trừ",
    "lo lắng con học toán"
  ],
  "status": "draft",
  "publishedAt": null,
  "createdAt": "2025-12-25",
  "image": "/blog/be-lop-1-hoc-toan.jpg",
  "imageAlt": "Bé lớp 1 châu Á đang học cộng trừ",
  "readingTime": 6,
  "categoryOrder": 2,
  "order": 13,
  "content": {
    "intro": "Họp phụ huynh, mình nghe mẹ khác khoe: \"Con tôi cộng trừ trong 20 rồi.\" Con mình còn đang loay hoay 3 + 4. Mình so sánh, rồi lo.",
    "sections": [
      {
        "type": "heading",
        "level": 2,
        "text": "Mình từng so sánh rất nhiều"
      },
      {
        "type": "paragraph",
        "text": "\"Sao con người ta giỏi thế?\" – Mình nghĩ liên tục. Rồi về nhà ép con học nhiều hơn. Con khóc. Mình stress."
      },
      {
        "type": "heading",
        "level": 2,
        "text": "Mình hỏi cô giáo"
      },
      {
        "type": "paragraph",
        "text": "Cô nói: \"Mỗi trẻ có tốc độ riêng. Cuối lớp 1 con biết cộng trừ trong 10 là đạt chuẩn. Không cần vội.\""
      },
      {
        "type": "paragraph",
        "text": "Mình nhẹ lòng hơn. Hóa ra mình đang kỳ vọng quá cao."
      },
      {
        "type": "callout",
        "style": "empathy",
        "text": "Trẻ học nhanh hay chậm không quyết định tương lai. Quan trọng là con có nền tảng vững, không sợ toán."
      },
      {
        "type": "heading",
        "level": 2,
        "text": "Mình làm gì?"
      },
      {
        "type": "paragraph",
        "text": "**1. Dừng so sánh:** Mình không hỏi con: \"Sao bạn A làm được mà con không?\""
      },
      {
        "type": "paragraph",
        "text": "**2. Học theo tốc độ con:** Cho con học Sorokid – app tự điều chỉnh độ khó theo khả năng con."
      },
      {
        "type": "paragraph",
        "text": "**3. Khen tiến bộ nhỏ:** \"Hôm nay con làm nhanh hơn hôm qua!\" – Không so với bạn."
      },
      {
        "type": "heading",
        "level": 2,
        "text": "Cuối năm lớp 1"
      },
      {
        "type": "paragraph",
        "text": "Con mình cộng trừ trong 10 thành thạo. Không nhanh nhất lớp, nhưng đạt chuẩn."
      },
      {
        "type": "paragraph",
        "text": "Quan trọng hơn: con không sợ toán. Con vẫn thích học. Đó là thắng lợi lớn nhất."
      },
      {
        "type": "callout",
        "style": "reassurance",
        "text": "Đừng để sự so sánh phá hỏng niềm vui học của con. Mỗi trẻ có nhịp độ riêng. Hãy tin con."
      }
    ]
  },
  "faq": [
    {
      "question": "Cuối lớp 1 con cần biết gì?",
      "answer": "Cộng trừ trong phạm vi 10 thành thạo, nhận biết số đến 100, hiểu khái niệm hàng chục hàng đơn vị."
    },
    {
      "question": "Con chậm hơn bạn có sao không?",
      "answer": "Không sao nếu con vẫn tiến bộ và không sợ toán. Tốc độ đầu không quyết định kết quả cuối."
    }
  ],
  "cta": {
    "text": "Sorokid tự điều chỉnh độ khó theo khả năng con, không so sánh với ai.",
    "buttonText": "Cho con học thử",
    "buttonLink": "/register"
  }
}