{
  "slug": "con-tinh-toan-can-than-nhung-hay-doc-nham-de-bai",
  "title": "Con tính toán cẩn thận nhưng hay đọc nhầm đề bài",
  "description": "Bài kiểm tra về, mình tưởng con tính sai. Hóa ra con đọc nhầm đề.",
  "category": "con-gap-kho-khan-hoc-toan",
  "keywords": [
    "con đọc nhầm đề",
    "sai vì đọc đề",
    "rèn đọc hiểu đề toán"
  ],
  "status": "draft",
  "publishedAt": null,
  "createdAt": "2025-12-25",
  "image": "/blog/doc-nham-de.jpg",
  "imageAlt": "Bé châu Á đang đọc đề bài với vẻ tập trung",
  "readingTime": 5,
  "categoryOrder": 2,
  "order": 22,
  "content": {
    "intro": "\"Con ơi, sao bài này sai?\" – \"À, con đọc nhầm là 45 thành 54.\" Chuyện này xảy ra với con mình hoài.",
    "sections": [
      {
        "type": "heading",
        "level": 2,
        "text": "Đọc nhầm đề – vấn đề phổ biến"
      },
      {
        "type": "paragraph",
        "text": "Nhiều trẻ tính toán tốt nhưng mất điểm vì:\n- Đọc nhầm số.\n- Hiểu sai yêu cầu bài.\n- Bỏ sót điều kiện."
      },
      {
        "type": "paragraph",
        "text": "Đây không phải lỗi kém toán. Đây là lỗi đọc hiểu và tập trung."
      },
      {
        "type": "heading",
        "level": 2,
        "text": "Nguyên nhân"
      },
      {
        "type": "paragraph",
        "text": "1. **Vội vàng**\n   - Con muốn làm nhanh → đọc lướt → bỏ sót."
      },
      {
        "type": "paragraph",
        "text": "2. **Mất tập trung**\n   - Đọc bằng mắt mà não đang nghĩ chuyện khác."
      },
      {
        "type": "paragraph",
        "text": "3. **Đề bài dài, nhiều chữ**\n   - Đề càng dài, càng dễ bỏ sót chi tiết."
      },
      {
        "type": "callout",
        "style": "empathy",
        "text": "Đừng la con khi con đọc nhầm đề. Đó là kỹ năng cần rèn, không phải lỗi cố ý."
      },
      {
        "type": "heading",
        "level": 2,
        "text": "Cách mình rèn cho con"
      },
      {
        "type": "paragraph",
        "text": "**1. Đọc to đề bài**\n- Đọc to giúp não xử lý kỹ hơn.\n- Áp dụng cho bài kiểm tra ở nhà."
      },
      {
        "type": "paragraph",
        "text": "**2. Gạch chân từ khóa**\n- Gạch chân: số, hỏi gì, điều kiện.\n- Giúp con không bỏ sót."
      },
      {
        "type": "paragraph",
        "text": "**3. Kiểm tra lại đề sau khi làm xong**\n- Đọc lại đề, đối chiếu với đáp án.\n- Phát hiện lỗi trước khi nộp."
      },
      {
        "type": "heading",
        "level": 2,
        "text": "Kết quả"
      },
      {
        "type": "paragraph",
        "text": "Con mình giờ có thói quen gạch chân đề. Lỗi đọc nhầm giảm hẳn."
      },
      {
        "type": "callout",
        "style": "tip",
        "text": "Luyện Soroban cũng giúp cải thiện tập trung. Con quen tập trung → đọc đề kỹ hơn."
      }
    ]
  },
  "faq": [
    {
      "question": "Con hay đọc nhầm số, sửa thế nào?",
      "answer": "Yêu cầu con viết lại các số quan trọng ra giấy nháp trước khi tính."
    },
    {
      "question": "Có app nào rèn đọc hiểu đề không?",
      "answer": "Một số app toán có bài toán có lời văn. Luyện nhiều con sẽ quen."
    }
  ],
  "cta": {
    "text": "Sorokid giúp con rèn tập trung, giảm lỗi sơ suất.",
    "buttonText": "Thử ngay miễn phí",
    "buttonLink": "/register"
  }
}