{
  "slug": "con-hay-quen-bang-cuu-chuong",
  "title": "Con học thuộc bảng cửu chương rồi lại quên – mình đã thử cách khác",
  "description": "Tối nào cũng đọc bảng cửu chương, sáng mai kiểm tra lại quên. Mình từng nghĩ con kém trí nhớ – hóa ra do cách học.",
  "category": "con-gap-kho-khan-hoc-toan",
  "keywords": [
    "con quên bảng cửu chương",
    "cách học thuộc bảng cửu chương",
    "trẻ không nhớ bảng nhân"
  ],
  "status": "draft",
  "publishedAt": null,
  "createdAt": "2025-12-25",
  "image": "/blog/con-quen-bang-cuu-chuong.jpg",
  "readingTime": 6,
  "content": {
    "intro": "\"7 nhân 8 bằng mấy?\" – Con im lặng. Tối qua mới đọc đi đọc lại cả tiếng đồng hồ. Sáng nay quên sạch. Mình từng nghĩ con có vấn đề về trí nhớ. Hóa ra không phải.",
    "sections": [
      {
        "type": "heading",
        "level": 2,
        "text": "Cách mình từng dạy con"
      },
      {
        "type": "paragraph",
        "text": "Mình dạy con học bảng cửu chương theo cách mình được học ngày xưa: đọc đi đọc lại."
      },
      {
        "type": "paragraph",
        "text": "\"2 nhân 1 bằng 2. 2 nhân 2 bằng 4. 2 nhân 3 bằng 6...\" – Con đọc như đọc bài hát. Đọc xong, mình hỏi ngược lại \"2 nhân 7?\" – Con không trả lời được."
      },
      {
        "type": "paragraph",
        "text": "Con chỉ nhớ khi đọc theo thứ tự. Hỏi random là quên. Và sáng hôm sau, quên luôn cả thứ tự."
      },
      {
        "type": "heading",
        "level": 2,
        "text": "Vấn đề nằm ở đâu?"
      },
      {
        "type": "paragraph",
        "text": "Mình tìm hiểu thì thấy: đọc thuộc lòng không phải cách học hiệu quả. Con đang \"học vẹt\" – nhớ âm thanh, không hiểu ý nghĩa."
      },
      {
        "type": "paragraph",
        "text": "Khi hỏi \"7 nhân 8\", con phải đọc lại từ đầu \"7 nhân 1, 7 nhân 2...\" mới tìm được đáp án. Không có bài hát để đọc theo = không có đáp án."
      },
      {
        "type": "paragraph",
        "text": "Và vì chỉ là âm thanh, không có hình ảnh hay ý nghĩa gắn kèm, não con quên rất nhanh."
      },
      {
        "type": "callout",
        "style": "empathy",
        "text": "Nếu con bạn cũng \"đọc thuộc rồi quên\", có lẽ không phải con kém trí nhớ. Có thể do cách học chưa phù hợp với cách não con ghi nhớ."
      },
      {
        "type": "heading",
        "level": 2,
        "text": "Những cách mình đã thử"
      },
      {
        "type": "heading",
        "level": 3,
        "text": "1. Học qua hình ảnh"
      },
      {
        "type": "paragraph",
        "text": "Thay vì đọc \"3 nhân 4 bằng 12\", mình vẽ: 3 hàng, mỗi hàng 4 chấm. Đếm tổng = 12."
      },
      {
        "type": "paragraph",
        "text": "Con thấy \"3 nhân 4\" nghĩa là gì. Không còn là con số vô nghĩa nữa."
      },
      {
        "type": "heading",
        "level": 3,
        "text": "2. Học từ dễ đến khó, không học cả bảng"
      },
      {
        "type": "paragraph",
        "text": "Mình không bắt con học cả bảng cửu chương một lúc. Mình chia nhỏ:"
      },
      {
        "type": "list",
        "items": [
          "Tuần 1: Bảng nhân 2, 5, 10 (dễ nhất)",
          "Tuần 2: Bảng nhân 3, 4",
          "Tuần 3: Bảng nhân 6, 7",
          "Tuần 4: Bảng nhân 8, 9"
        ]
      },
      {
        "type": "paragraph",
        "text": "Học ít, nhưng nhớ chắc. Tốt hơn học nhiều mà quên hết."
      },
      {
        "type": "heading",
        "level": 3,
        "text": "3. Hỏi ngẫu nhiên trong ngày"
      },
      {
        "type": "paragraph",
        "text": "Thay vì ngồi học 30 phút rồi quên, mình hỏi con random trong ngày:"
      },
      {
        "type": "list",
        "items": [
          "Đi đường: \"3 nhân 5 bằng mấy?\"",
          "Ăn cơm: \"Mình có 4 người, mỗi người 2 cái chén, tổng mấy cái?\"",
          "Trước khi ngủ: \"6 nhân 7?\""
        ]
      },
      {
        "type": "paragraph",
        "text": "Mỗi lần chỉ vài giây, nhưng não con được nhắc lại nhiều lần trong ngày. Nhớ lâu hơn."
      },
      {
        "type": "heading",
        "level": 3,
        "text": "4. Dùng mẹo ghi nhớ"
      },
      {
        "type": "paragraph",
        "text": "Một số phép nhân khó, mình dạy con mẹo:"
      },
      {
        "type": "list",
        "items": [
          "**9 nhân bất kỳ:** Tổng 2 chữ số = 9. (9x7=63, 6+3=9)",
          "**Nhân 5:** Số chẵn chia 2, thêm 0. Số lẻ chia 2 làm tròn, thêm 5",
          "**6x8=48:** \"Sáu tám bốn tám\" (đọc vần)"
        ]
      },
      {
        "type": "paragraph",
        "text": "Không cần nhớ hết mẹo. Chỉ cần vài cái cho những phép nhân hay quên."
      },
      {
        "type": "heading",
        "level": 3,
        "text": "5. Dùng app để luyện tập"
      },
      {
        "type": "paragraph",
        "text": "Mình cho con dùng Sorokid để luyện. App hỏi ngẫu nhiên, con trả lời – đúng thì được điểm, sai thì thử lại."
      },
      {
        "type": "paragraph",
        "text": "Con thích vì như chơi game. Và việc bị hỏi ngẫu nhiên giúp con nhớ lâu hơn so với đọc theo thứ tự."
      },
      {
        "type": "heading",
        "level": 2,
        "text": "Kết quả"
      },
      {
        "type": "paragraph",
        "text": "Sau khoảng 2 tháng học theo cách mới, con nhớ được khoảng 80% bảng cửu chương. Không phải 100%, nhưng tốt hơn nhiều so với trước."
      },
      {
        "type": "paragraph",
        "text": "Quan trọng hơn: con hiểu \"nhân\" nghĩa là gì, không chỉ đọc thuộc như vẹt."
      },
      {
        "type": "callout",
        "style": "reassurance",
        "text": "Bảng cửu chương không cần phải thuộc trong 1 tuần. Học chậm, hiểu sâu, nhớ lâu – tốt hơn học nhanh rồi quên."
      }
    ]
  },
  "faq": [
    {
      "question": "Con học thuộc rồi sáng mai quên, có bình thường không?",
      "answer": "Rất bình thường. Não cần được nhắc lại nhiều lần để chuyển từ trí nhớ ngắn hạn sang dài hạn. Học 1 lần rồi quên là chuyện thường."
    },
    {
      "question": "Nên học bảng nào trước?",
      "answer": "Bảng 2, 5, 10 dễ nhất vì có quy luật rõ ràng. Sau đó đến 3, 4. Cuối cùng là 6, 7, 8, 9."
    },
    {
      "question": "Mỗi ngày nên học bao lâu?",
      "answer": "Không cần lâu. 5-10 phút tập trung tốt hơn 30 phút đọc vẹt. Quan trọng là ôn lại nhiều lần trong ngày."
    },
    {
      "question": "Con lớp 4 rồi mà vẫn chưa thuộc bảng cửu chương, có muộn không?",
      "answer": "Không muộn. Quan trọng là thay đổi cách học. Hiểu trước, nhớ sau – sẽ bền hơn so với học vẹt."
    }
  ],
  "cta": {
    "text": "Sorokid có bài tập luyện nhân chia theo cách tương tác, giúp con nhớ lâu hơn so với đọc thuộc lòng.",
    "buttonText": "Thử xem",
    "buttonLink": "/register"
  },
  "imageAlt": "Mẹ châu Á giúp con nhớ bảng cửu chương",
  "categoryOrder": 2,
  "order": 6
}