{
  "slug": "con-noi-con-ghet-toan-minh-da-phan-ung-sai",
  "title": "Con nói \"con ghét toán\" – mình đã phản ứng sai thế nào?",
  "description": "Lần đầu nghe con nói ghét toán, mình hoảng. Mình cố thuyết phục, ép học thêm – và làm mọi thứ tệ hơn. Đây là bài học của mình.",
  "category": "phu-huynh-kem-con-hoc-toan",
  "keywords": [
    "con ghét học toán",
    "trẻ không thích toán",
    "làm sao khi con ghét toán"
  ],
  "status": "published",
  "publishedAt": "2025-12-28T05:50:07.215Z",
  "createdAt": "2025-12-25",
  "image": "/blog/con-ghet-toan-phu-huynh-phan-ung.jpg",
  "readingTime": 6,
  "content": {
    "intro": "\"Mẹ ơi, con ghét toán.\" – Lần đầu nghe con nói câu này, mình sốc. Con mới lớp 2, sao đã ghét toán rồi? Mình hoảng, cố \"sửa\" con – và làm mọi thứ tệ hơn.",
    "sections": [
      {
        "type": "heading",
        "level": 2,
        "text": "Phản ứng đầu tiên của mình: Sai hoàn toàn"
      },
      {
        "type": "paragraph",
        "text": "Khi con nói ghét toán, mình phản ứng như này:"
      },
      {
        "type": "list",
        "items": [
          "**Thuyết phục:** \"Toán quan trọng lắm con ơi, sau này cần nhiều lắm\"",
          "**Phủ nhận:** \"Con không ghét đâu, con chỉ thấy khó thôi\"",
          "**Ép học thêm:** \"Ghét là vì không giỏi. Học nhiều sẽ giỏi, giỏi sẽ thích\"",
          "**So sánh:** \"Bạn A có ghét đâu, sao con lại ghét?\""
        ]
      },
      {
        "type": "paragraph",
        "text": "Mình nghĩ mình đang giúp con. Nhưng thực ra, mình đang phủ nhận cảm xúc của con, và tạo thêm áp lực."
      },
      {
        "type": "paragraph",
        "text": "Kết quả? Con càng ghét hơn. Và bắt đầu ghét cả buổi tối – vì buổi tối là lúc mình ép con học."
      },
      {
        "type": "heading",
        "level": 2,
        "text": "Mình dừng lại và tự hỏi: Tại sao con ghét?"
      },
      {
        "type": "paragraph",
        "text": "Sau vài tuần căng thẳng, mình quyết định dừng lại. Thay vì cố \"sửa\" con, mình hỏi: \"Con ghét toán vì sao?\""
      },
      {
        "type": "paragraph",
        "text": "Con nói:"
      },
      {
        "type": "list",
        "items": [
          "\"Con làm sai mẹ la\"",
          "\"Con không hiểu mà cô đi nhanh quá\"",
          "\"Bạn làm được, con không làm được, con xấu hổ\"",
          "\"Toán nhiều bài quá, con mệt\""
        ]
      },
      {
        "type": "paragraph",
        "text": "Mình nhận ra: con không ghét toán. Con ghét cảm giác thất bại, cảm giác bị la, cảm giác thua kém bạn. \"Ghét toán\" chỉ là cách con diễn đạt những cảm xúc đó."
      },
      {
        "type": "callout",
        "style": "empathy",
        "text": "Khi con nói \"ghét toán\", đừng vội phản bác. Hãy hỏi: \"Tại sao con ghét?\" Câu trả lời sẽ giúp bạn hiểu vấn đề thực sự."
      },
      {
        "type": "heading",
        "level": 2,
        "text": "Những thay đổi mình làm"
      },
      {
        "type": "heading",
        "level": 3,
        "text": "1. Công nhận cảm xúc của con"
      },
      {
        "type": "paragraph",
        "text": "Thay vì nói \"con không ghét đâu\", mình nói: \"Mẹ hiểu. Con thấy khó và mệt, đúng không?\""
      },
      {
        "type": "paragraph",
        "text": "Chỉ cần được công nhận, con đã bớt căng thẳng. Con cảm thấy mình được hiểu, không phải đang bị phán xét."
      },
      {
        "type": "heading",
        "level": 3,
        "text": "2. Giảm áp lực xuống"
      },
      {
        "type": "paragraph",
        "text": "Mình giảm thời gian học từ 1 tiếng xuống 15-20 phút. Mình không ép con làm hết bài – làm được bao nhiêu thì làm."
      },
      {
        "type": "paragraph",
        "text": "Mình ngừng la khi con sai. Sai thì sửa, không kèm theo thở dài hay mắng mỏ."
      },
      {
        "type": "heading",
        "level": 3,
        "text": "3. Tạo trải nghiệm tích cực với toán"
      },
      {
        "type": "paragraph",
        "text": "Mình tìm cách để con \"gặp\" toán trong những tình huống vui:"
      },
      {
        "type": "list",
        "items": [
          "Đi siêu thị: \"Con tính giúp mẹ 3 cái này hết bao nhiêu?\"",
          "Chơi game: Cho con chơi app học toán có điểm, huy hiệu",
          "Nấu ăn: \"Công thức cần 200g bột, mình đong 2 lần 100g nhé\""
        ]
      },
      {
        "type": "paragraph",
        "text": "Mình muốn con thấy: toán không chỉ là bài tập khô khan. Toán có ở khắp nơi, và có thể vui."
      },
      {
        "type": "heading",
        "level": 3,
        "text": "4. Để con tự học với công cụ"
      },
      {
        "type": "paragraph",
        "text": "Mình cho con thử Sorokid. Con học trên app – sai thì thử lại, không ai la. Con thích vì có điểm, có huy hiệu, có \"lên cấp\"."
      },
      {
        "type": "paragraph",
        "text": "Quan trọng: mình không ép con học app. Mình chỉ nói: \"Con thử xem, nếu thích thì học, không thích thì thôi.\" Con tự chọn học – khác với bị bắt học."
      },
      {
        "type": "heading",
        "level": 2,
        "text": "Bây giờ con còn ghét toán không?"
      },
      {
        "type": "paragraph",
        "text": "Thật lòng: con không \"yêu\" toán. Nhưng con không còn \"ghét\" nữa."
      },
      {
        "type": "paragraph",
        "text": "Con vẫn có lúc lười, có lúc kêu mệt. Nhưng không còn khóc lóc, không còn nói \"con ghét\" với vẻ mặt đau khổ như trước."
      },
      {
        "type": "paragraph",
        "text": "Với mình, thế là đủ. Mình không cần con yêu toán. Mình chỉ cần con không sợ toán, không ghét học."
      },
      {
        "type": "heading",
        "level": 2,
        "text": "Bài học mình rút ra"
      },
      {
        "type": "list",
        "items": [
          "**Đừng phủ nhận cảm xúc của con:** \"Con không ghét đâu\" chỉ làm con thấy mình không được hiểu",
          "**Hỏi tại sao:** Đằng sau \"ghét toán\" có thể là nhiều lý do khác nhau",
          "**Giảm áp lực, không tăng:** Ép học thêm khi con đã ghét chỉ làm tệ hơn",
          "**Tạo trải nghiệm tích cực:** Con cần thấy toán có thể vui, không chỉ là bài tập",
          "**Cho con quyền chọn:** Tự chọn học khác với bị bắt học"
        ]
      },
      {
        "type": "callout",
        "style": "reassurance",
        "text": "Nếu con bạn cũng nói \"ghét toán\", đừng hoảng như mình. Hãy dừng lại, lắng nghe, và tìm hiểu tại sao. Cảm xúc của con là có thật – và cần được tôn trọng."
      }
    ]
  },
  "faq": [
    {
      "question": "Con nói ghét toán, có nên lo không?",
      "answer": "Không cần quá lo. Nhiều trẻ nói 'ghét' khi gặp khó khăn hoặc áp lực. Điều quan trọng là tìm hiểu nguyên nhân và điều chỉnh cách tiếp cận."
    },
    {
      "question": "Làm sao để con thích toán?",
      "answer": "Đừng đặt mục tiêu 'thích'. Hãy đặt mục tiêu 'không ghét' và 'không sợ' trước. Giảm áp lực, tạo trải nghiệm tích cực, để con tự khám phá."
    },
    {
      "question": "Con ghét toán có phải vì không có năng khiếu?",
      "answer": "Thường không phải. Hầu hết trẻ 'ghét toán' vì áp lực, vì sợ sai, vì bị so sánh – không phải vì không có khả năng."
    },
    {
      "question": "Có nên cho con nghỉ học toán một thời gian?",
      "answer": "Có thể giảm cường độ, nhưng không nên nghỉ hẳn. Quan trọng là thay đổi cách học – từ bị ép sang tự chọn, từ căng thẳng sang nhẹ nhàng."
    }
  ],
  "cta": {
    "text": "Nếu con bạn đang \"ghét toán\" vì bị ép, hãy thử cách khác. Sorokid giúp con tự học như chơi game – không ai la, không ai ép.",
    "buttonText": "Cho con thử",
    "buttonLink": "/register"
  },
  "imageAlt": "Bố động viên con khi con nói ghét toán",
  "categoryOrder": 3,
  "order": 6
}