{
  "slug": "con-hoc-soroban-nhung-diem-toan-van-thap",
  "title": "Con học Soroban 3 tháng mà điểm vẫn thế – mình từng muốn bỏ cuộc",
  "description": "Mình thất vọng lắm. Học tốn tiền tốn công mà kết quả không thấy đâu. Cho đến khi mình hiểu ra điều này.",
  "category": "soroban-cho-phu-huynh",
  "keywords": [
    "học soroban có giúp gì không",
    "con học soroban không tiến bộ",
    "soroban có hiệu quả không",
    "điểm toán vẫn thấp"
  ],
  "status": "draft",
  "publishedAt": null,
  "createdAt": "2025-12-25",
  "image": "/blog/con-hoc-soroban-diem-toan-thap.jpg",
  "imageAlt": "Mẹ châu Á nhìn bài kiểm tra toán của con với vẻ lo lắng",
  "readingTime": 7,
  "categoryOrder": 1,
  "order": 29,
  "content": {
    "intro": "Mình cho con học Soroban với kỳ vọng: con sẽ giỏi toán hơn, điểm sẽ cao hơn. 3 tháng sau, con tính nhẩm nhanh hơn thật. Nhưng điểm toán ở trường... vẫn vậy. Mình thất vọng. Và mình đã sai.",
    "sections": [
      {
        "type": "heading",
        "level": 2,
        "text": "Kỳ vọng ban đầu"
      },
      {
        "type": "paragraph",
        "text": "Khi cho con học Soroban, mình nghĩ đơn giản: học tính nhẩm → tính nhanh hơn → làm bài toán tốt hơn → điểm cao hơn."
      },
      {
        "type": "paragraph",
        "text": "Nhưng thực tế không như vậy. Sau 3 tháng, điểm kiểm tra toán của con vẫn 7-8 điểm. Mình tự hỏi: Soroban có thực sự hiệu quả không?"
      },
      {
        "type": "heading",
        "level": 2,
        "text": "Sai lầm của mình"
      },
      {
        "type": "paragraph",
        "text": "Mình đã sai khi nghĩ Soroban = điểm toán cao. Thực tế:"
      },
      {
        "type": "list",
        "items": [
          "**Soroban chủ yếu giúp tính nhẩm** – cộng, trừ, nhân, chia",
          "**Toán ở trường còn nhiều thứ khác** – đọc hiểu đề, toán có lời, hình học, logic...",
          "**3 tháng chưa đủ** – Soroban cần thời gian để \"ngấm\" vào kỹ năng làm bài"
        ]
      },
      {
        "type": "callout",
        "style": "empathy",
        "text": "Nếu bạn đang thất vọng như mình, hãy đọc tiếp. Vấn đề không phải Soroban không hiệu quả – mà là kỳ vọng của mình chưa đúng."
      },
      {
        "type": "heading",
        "level": 2,
        "text": "Điều mình nhận ra"
      },
      {
        "type": "paragraph",
        "text": "Sau khi phân tích bài kiểm tra của con, mình thấy:"
      },
      {
        "type": "list",
        "items": [
          "Phần tính toán (cộng trừ nhân chia) – con làm đúng hết",
          "Phần đọc hiểu đề – con sai vì không hiểu đề bài hỏi gì",
          "Phần hình học – con sai vì không nhớ công thức",
          "Phần trình bày – con viết sai thứ tự, mất điểm trình bày"
        ]
      },
      {
        "type": "paragraph",
        "text": "Vậy vấn đề không phải tính toán – vấn đề là những kỹ năng khác mà Soroban không dạy."
      },
      {
        "type": "heading",
        "level": 2,
        "text": "Soroban giúp gì thật sự?"
      },
      {
        "type": "paragraph",
        "text": "Sau khi hiểu rõ hơn, mình nhận ra Soroban giúp:"
      },
      {
        "type": "list",
        "items": [
          "**Tính nhẩm nhanh và chính xác** – con không còn sai phép tính đơn giản",
          "**Tự tin hơn với số** – con không còn sợ con số lớn",
          "**Tập trung tốt hơn** – việc di chuyển hạt đòi hỏi chú ý",
          "**Nền tảng vững cho sau này** – khi toán khó hơn, kỹ năng tính sẽ giúp ích"
        ]
      },
      {
        "type": "heading",
        "level": 2,
        "text": "Mình đã làm gì tiếp?"
      },
      {
        "type": "paragraph",
        "text": "Mình vẫn cho con học Soroban – vì nó đang giúp con ở phần tính toán. Đồng thời, mình bổ sung:"
      },
      {
        "type": "list",
        "items": [
          "**Luyện đọc hiểu đề** – đọc đề chậm, gạch chân từ khóa",
          "**Ôn lại kiến thức trường** – công thức, quy tắc mà cô dạy",
          "**Luyện trình bày** – viết theo mẫu chuẩn"
        ]
      },
      {
        "type": "heading",
        "level": 2,
        "text": "6 tháng sau"
      },
      {
        "type": "paragraph",
        "text": "Điểm toán của con từ 7-8 lên 8-9. Không phải 10 điểm – nhưng tiến bộ rõ rệt."
      },
      {
        "type": "paragraph",
        "text": "Quan trọng hơn: con không còn sợ toán. Con tự tin làm bài vì biết phần tính toán mình chắc chắn đúng."
      },
      {
        "type": "callout",
        "style": "reassurance",
        "text": "Soroban không phải \"thuốc tiên\" cho điểm toán. Nhưng nó là một phần quan trọng – phần nền tảng. Có nền tảng tốt, con sẽ tiến bộ dần dần."
      },
      {
        "type": "heading",
        "level": 2,
        "text": "Lời khuyên cho phụ huynh"
      },
      {
        "type": "list",
        "items": [
          "**Đặt kỳ vọng đúng** – Soroban giúp tính nhẩm, không giải quyết mọi vấn đề toán",
          "**Kiên nhẫn** – Cần ít nhất 6 tháng để thấy kết quả toàn diện",
          "**Phân tích lỗi sai** – Xem con sai phần nào để bổ sung đúng chỗ",
          "**Kết hợp nhiều nguồn** – Soroban + ôn tập trường + đọc hiểu đề"
        ]
      }
    ]
  },
  "faq": [
    {
      "question": "Học Soroban bao lâu thì điểm toán tăng?",
      "answer": "Tùy từng trẻ và loại bài kiểm tra. Thường sau 3-6 tháng thấy cải thiện ở phần tính toán. Điểm tổng thể có thể lâu hơn vì còn phụ thuộc nhiều yếu tố khác."
    },
    {
      "question": "Soroban có giúp toán có lời không?",
      "answer": "Soroban giúp phần tính – phần xử lý con số. Nhưng để giải toán có lời, con cần hiểu đề và biết cách lập phép tính. Đó là kỹ năng khác."
    },
    {
      "question": "Nên học Soroban hay ôn bài ở trường?",
      "answer": "Nên cả hai. Soroban xây nền tảng tính nhẩm. Ôn bài trường giúp theo kịp chương trình. Hai cái bổ sung cho nhau, không loại trừ nhau."
    }
  ],
  "cta": {
    "text": "Soroban là một phần trong hành trình giúp con giỏi toán. Thử cho con học với Sorokid – miễn phí.",
    "buttonText": "Bắt đầu miễn phí",
    "buttonLink": "/register"
  }
}