{
  "slug": "con-lam-toan-dung-nhung-cham",
  "title": "Con làm toán đúng nhưng chậm – Có cần lo không?",
  "description": "Con tính đúng nhưng mất rất lâu. Làm bài kiểm tra thường thiếu thời gian. Mình lo quá.",
  "category": "con-gap-kho-khan-hoc-toan",
  "keywords": [
    "con làm toán chậm",
    "làm bài kiểm tra không kịp",
    "tăng tốc độ tính toán"
  ],
  "status": "draft",
  "publishedAt": null,
  "createdAt": "2025-12-25",
  "image": "/blog/lam-toan-cham.jpg",
  "imageAlt": "Bé châu Á đang làm bài tập với đồng hồ bên cạnh",
  "readingTime": 5,
  "categoryOrder": 2,
  "order": 21,
  "content": {
    "intro": "Con mình làm bài đúng hết. Nhưng khi kiểm tra 15 phút, con chỉ làm được 6/10 câu. Không phải không biết làm, mà là không kịp!",
    "sections": [
      {
        "type": "heading",
        "level": 2,
        "text": "Đúng nhưng chậm – vẫn là vấn đề"
      },
      {
        "type": "paragraph",
        "text": "Ở tiểu học, điểm số phụ thuộc vào:\n- Làm đúng.\n- Làm nhanh."
      },
      {
        "type": "paragraph",
        "text": "Nhiều bài kiểm tra giới hạn thời gian. Con chậm = thiếu câu = mất điểm."
      },
      {
        "type": "heading",
        "level": 2,
        "text": "Nguyên nhân con chậm"
      },
      {
        "type": "paragraph",
        "text": "1. **Tính bằng đếm thay vì nhớ**\n   - Mỗi phép tính con phải đếm lại từ đầu."
      },
      {
        "type": "paragraph",
        "text": "2. **Chưa quen dạng bài**\n   - Gặp bài mới → đọc đề lâu → mất thời gian."
      },
      {
        "type": "paragraph",
        "text": "3. **Không tự tin**\n   - Làm xong còn kiểm tra đi kiểm tra lại.\n   - Thực ra đúng rồi mà vẫn không dám nộp."
      },
      {
        "type": "callout",
        "style": "tip",
        "text": "Tốc độ có thể rèn. Đừng nghĩ con chậm là do bẩm sinh."
      },
      {
        "type": "heading",
        "level": 2,
        "text": "Cách mình giúp con tăng tốc"
      },
      {
        "type": "paragraph",
        "text": "**1. Học thuộc các phép tính cơ bản**\n- Cộng trừ trong phạm vi 20.\n- Nhân chia trong phạm vi 100."
      },
      {
        "type": "paragraph",
        "text": "**2. Luyện với đồng hồ bấm giờ**\n- Ban đầu: 10 bài trong 5 phút.\n- Sau đó: 10 bài trong 3 phút."
      },
      {
        "type": "paragraph",
        "text": "**3. Học Soroban**\n- Soroban giúp não hình dung số.\n- Tính bằng hình ảnh nhanh hơn đếm."
      },
      {
        "type": "heading",
        "level": 2,
        "text": "Kết quả sau 3 tháng"
      },
      {
        "type": "paragraph",
        "text": "Con mình giờ làm bài kiểm tra còn thừa thời gian để kiểm tra lại. Tự tin hẳn."
      },
      {
        "type": "callout",
        "style": "reassurance",
        "text": "Chậm không có nghĩa là dở. Chỉ cần luyện tập đúng cách."
      }
    ]
  },
  "faq": [
    {
      "question": "Luyện bao lâu thì con nhanh hơn?",
      "answer": "Khoảng 2-3 tháng luyện đều đặn, con sẽ thấy tốc độ tăng rõ rệt."
    },
    {
      "question": "Dùng đồng hồ bấm giờ có làm con áp lực không?",
      "answer": "Ban đầu để thời gian thoải mái. Sau đó mới giảm dần. Đừng tạo áp lực quá sớm."
    }
  ],
  "cta": {
    "text": "Sorokid giúp con rèn tốc độ tính toán mỗi ngày.",
    "buttonText": "Thử ngay miễn phí",
    "buttonLink": "/register"
  }
}