{
  "slug": "con-hoc-soroban-nhung-khong-thich-luyen-tap",
  "title": "Con học Soroban nhưng không thích luyện tập – Mình làm thế này",
  "description": "Học Soroban cần luyện tập đều đặn. Nhưng con mình cứ lười. Mình phải tìm cách.",
  "category": "soroban-cho-phu-huynh",
  "keywords": [
    "con lười luyện Soroban",
    "tạo động lực học Soroban",
    "Soroban hàng ngày"
  ],
  "status": "draft",
  "publishedAt": null,
  "createdAt": "2025-12-25",
  "image": "/blog/khong-thich-luyen-tap.jpg",
  "imageAlt": "Bé châu Á với bàn tính Soroban và vẻ không muốn học",
  "readingTime": 5,
  "categoryOrder": 1,
  "order": 40,
  "content": {
    "intro": "\"Mẹ ơi, hôm nay con nghỉ học Soroban được không?\" – Con mình hỏi suốt. Mình hiểu: con thích Soroban, nhưng không thích luyện tập.",
    "sections": [
      {
        "type": "heading",
        "level": 2,
        "text": "Vấn đề: Soroban cần luyện đều đặn"
      },
      {
        "type": "paragraph",
        "text": "Soroban không như học bài vở. Không luyện = quên hết."
      },
      {
        "type": "paragraph",
        "text": "Nhưng trẻ con thường chán những gì lặp đi lặp lại. Đó là bản năng."
      },
      {
        "type": "heading",
        "level": 2,
        "text": "Cách mình giải quyết"
      },
      {
        "type": "paragraph",
        "text": "**1. Rút ngắn thời gian**\n- Thay vì 30 phút → 10-15 phút.\n- Ngắn nhưng đều đặn hiệu quả hơn dài mà cách quãng."
      },
      {
        "type": "paragraph",
        "text": "**2. Tạo thói quen cố định**\n- Học Soroban ngay sau bữa tối.\n- Não quen → không cần nhắc."
      },
      {
        "type": "paragraph",
        "text": "**3. Dùng app thay vì bài giấy**\n- App có điểm, có game.\n- Con cảm giác đang chơi, không phải đang học."
      },
      {
        "type": "callout",
        "style": "tip",
        "text": "Mẹo: Để con tự chọn số bài muốn làm. \"Con muốn làm 5 hay 10 bài?\" Con có lựa chọn = bớt chống đối."
      },
      {
        "type": "heading",
        "level": 2,
        "text": "Khi nào nên cho con nghỉ?"
      },
      {
        "type": "paragraph",
        "text": "- Con mệt thật sự (ốm, stress từ trường).\n- Đã luyện đủ trong tuần (ví dụ 6/7 ngày)."
      },
      {
        "type": "paragraph",
        "text": "Đừng cứng nhắc quá. Nhưng cũng đừng để con nghỉ quá nhiều."
      },
      {
        "type": "heading",
        "level": 2,
        "text": "Kết quả"
      },
      {
        "type": "paragraph",
        "text": "Con mình giờ tự mở app Sorokid mỗi tối. Không còn xin nghỉ nữa. Đôi khi còn làm thêm vì muốn lên level."
      },
      {
        "type": "callout",
        "style": "reassurance",
        "text": "Đừng ép con quá. Tìm cách để con tự muốn học – đó mới là chiến thắng thực sự."
      }
    ]
  },
  "faq": [
    {
      "question": "Con nghỉ 1 ngày có sao không?",
      "answer": "Không sao. Nhưng đừng để nghỉ liên tục nhiều ngày."
    },
    {
      "question": "Nên luyện Soroban bao nhiêu phút/ngày?",
      "answer": "10-15 phút là đủ cho trẻ tiểu học. Chất lượng quan trọng hơn số lượng."
    }
  ],
  "cta": {
    "text": "Sorokid giúp con luyện Soroban vui vẻ với game và phần thưởng.",
    "buttonText": "Học thử ngay",
    "buttonLink": "/register"
  }
}