{
  "slug": "con-tinh-cong-tru-cham-qua",
  "title": "Con tính cộng trừ chậm quá – bạn bè làm xong con còn đang đếm",
  "description": "Mình thấy con làm bài kiểm tra, bạn nộp hết rồi con mới được nửa. Mình đau lòng.",
  "category": "con-gap-kho-khan-hoc-toan",
  "keywords": [
    "trẻ tính toán chậm",
    "con làm toán chậm",
    "cải thiện tốc độ tính toán"
  ],
  "status": "draft",
  "publishedAt": null,
  "createdAt": "2025-12-25",
  "image": "/blog/be-lam-bai-cham.jpg",
  "imageAlt": "Bé trai châu Á nhìn phép cộng trừ trên giấy với vẻ chậm rãi đếm từng ngón tay",
  "readingTime": 6,
  "categoryOrder": 2,
  "order": 8,
  "content": {
    "intro": "Đi họp phụ huynh, cô nói: \"Con làm đúng hết, nhưng chậm quá. Bài kiểm tra 20 câu, con mới làm được 15.\" Về nhà mình hỏi con, con cúi đầu: \"Con tính mãi không ra, phải đếm lại.\"",
    "sections": [
      {
        "type": "heading",
        "level": 2,
        "text": "Con không dở, chỉ là chậm"
      },
      {
        "type": "paragraph",
        "text": "Điểm quan trọng mình nhận ra: con làm đúng. Con hiểu cách làm. Con chỉ mất nhiều thời gian hơn bạn."
      },
      {
        "type": "paragraph",
        "text": "Nguyên nhân: con phải \"tính\" mỗi phép cộng trừ, chưa thành phản xạ."
      },
      {
        "type": "heading",
        "level": 2,
        "text": "Phản xạ là gì?"
      },
      {
        "type": "paragraph",
        "text": "Hỏi người lớn \"7 + 8 = ?\" – chúng ta nói \"15\" ngay. Không cần suy nghĩ."
      },
      {
        "type": "paragraph",
        "text": "Đó là phản xạ. Ta đã tính 7 + 8 nhiều lần đến mức não tự nhớ kết quả."
      },
      {
        "type": "paragraph",
        "text": "Con mình chưa có phản xạ đó. Mỗi lần gặp 7 + 8, con phải đếm lại từ đầu."
      },
      {
        "type": "callout",
        "style": "empathy",
        "text": "Tốc độ tính toán là kỹ năng. Kỹ năng thì rèn luyện được. Con không dở, con chỉ cần luyện tập đúng cách."
      },
      {
        "type": "heading",
        "level": 2,
        "text": "Mình làm gì?"
      },
      {
        "type": "paragraph",
        "text": "**1. Tập ít nhưng đều:** Mỗi ngày 10 phút tính nhẩm. Không nhiều, nhưng ngày nào cũng làm."
      },
      {
        "type": "paragraph",
        "text": "**2. Dùng app:** Sorokid có bài tập có giới hạn thời gian. Con vừa tập đúng vừa tập nhanh."
      },
      {
        "type": "paragraph",
        "text": "**3. Biến thành trò chơi:** Mình hỏi con random lúc ăn cơm: \"5 + 7?\" Ai trả lời nhanh hơn được ăn thêm món."
      },
      {
        "type": "heading",
        "level": 2,
        "text": "4 tháng sau"
      },
      {
        "type": "paragraph",
        "text": "Con làm kiểm tra xong 20 câu. Còn dư thời gian kiểm tra lại. Cô khen: \"Con tiến bộ rõ.\""
      },
      {
        "type": "paragraph",
        "text": "Mình vui không phải vì điểm, mà vì thấy con tự tin hơn khi làm toán."
      },
      {
        "type": "callout",
        "style": "reassurance",
        "text": "Nếu con bạn tính chậm, đừng lo. Đây là kỹ năng, rèn được. Quan trọng là tập đều đặn, không phải tập nhiều một lúc."
      }
    ]
  },
  "faq": [
    {
      "question": "Vì sao con tính chậm?",
      "answer": "Thường do con chưa có phản xạ với các phép tính cơ bản. Con phải suy nghĩ mỗi lần, thay vì nhớ ngay kết quả."
    },
    {
      "question": "Làm sao để con nhanh hơn?",
      "answer": "Luyện tập đều đặn mỗi ngày, ít nhưng thường xuyên. Dùng app hoặc trò chơi để tập tính nhẩm có giới hạn thời gian."
    }
  ],
  "cta": {
    "text": "Sorokid giúp con rèn luyện phản xạ tính toán qua bài tập có giới hạn thời gian.",
    "buttonText": "Cho con thử miễn phí",
    "buttonLink": "/register"
  }
}