{
  "slug": "con-thi-tot-nhung-lam-bai-tap-thi-sai",
  "title": "Con thi thì tốt, làm bài tập thì sai – mình từng không hiểu",
  "description": "Kiểm tra được 9 điểm. Bài tập về nhà sai lung tung. Mình tưởng con cố tình, hóa ra không phải.",
  "category": "con-gap-kho-khan-hoc-toan",
  "keywords": [
    "con làm bài tập sai",
    "thi tốt bài tập kém",
    "tập trung khi làm bài"
  ],
  "status": "draft",
  "publishedAt": null,
  "createdAt": "2025-12-25",
  "image": "/blog/be-lam-bai-tap.jpg",
  "imageAlt": "Bé gái châu Á nhìn bài tập về nhà với vẻ bối rối dù vừa thi tốt",
  "readingTime": 5,
  "categoryOrder": 2,
  "order": 17,
  "content": {
    "intro": "Bài kiểm tra con được 9 điểm, mình vui lắm. Tối về kiểm tra bài tập: sai 4/10 câu. Mình bối rối: \"Con có thể làm đúng mà, sao bài tập lại sai?\"",
    "sections": [
      {
        "type": "heading",
        "level": 2,
        "text": "Mình từng nghĩ con cẩu thả"
      },
      {
        "type": "paragraph",
        "text": "\"Con không tập trung! Con làm qua loa!\" – Mình la. Con cúi đầu. Không khí căng thẳng."
      },
      {
        "type": "heading",
        "level": 2,
        "text": "Mình quan sát kỹ hơn"
      },
      {
        "type": "paragraph",
        "text": "Ở lớp, con tập trung vì có cô giáo, có bạn, có áp lực kiểm tra."
      },
      {
        "type": "paragraph",
        "text": "Ở nhà, con mệt sau cả ngày học. Có TV, có tiếng ồn. Con mất tập trung."
      },
      {
        "type": "paragraph",
        "text": "Không phải con không biết làm. Con không có điều kiện tập trung."
      },
      {
        "type": "callout",
        "style": "empathy",
        "text": "Môi trường ảnh hưởng lớn đến kết quả. Cùng một con, nhưng ở lớp và ở nhà là khác nhau."
      },
      {
        "type": "heading",
        "level": 2,
        "text": "Mình thay đổi"
      },
      {
        "type": "paragraph",
        "text": "**1. Tạo không gian yên tĩnh:** Con làm bài ở phòng riêng. Tắt TV. Không ai làm phiền."
      },
      {
        "type": "paragraph",
        "text": "**2. Cho con nghỉ trước:** Về nhà nghỉ 30 phút, ăn nhẹ, rồi mới làm bài."
      },
      {
        "type": "paragraph",
        "text": "**3. Kiểm tra lại:** Dạy con thói quen xem lại bài trước khi kết thúc."
      },
      {
        "type": "heading",
        "level": 2,
        "text": "Bây giờ"
      },
      {
        "type": "paragraph",
        "text": "Bài tập về nhà ít sai hơn. Con cũng ít bị la hơn. Không khí gia đình dễ chịu hơn."
      },
      {
        "type": "callout",
        "style": "reassurance",
        "text": "Trước khi trách con, hãy xem môi trường học ở nhà có phù hợp không."
      }
    ]
  },
  "faq": [
    {
      "question": "Vì sao con làm tốt ở lớp nhưng kém ở nhà?",
      "answer": "Môi trường khác nhau. Ở nhà có nhiều yếu tố gây mất tập trung: mệt, TV, tiếng ồn. Cần tạo không gian học tốt."
    },
    {
      "question": "Làm sao tạo môi trường học tốt ở nhà?",
      "answer": "Không gian riêng, yên tĩnh. Cho con nghỉ ngơi trước khi học. Có đủ ánh sáng. Tắt thiết bị gây xao lãng."
    }
  ],
  "cta": {
    "text": "Sorokid giúp con tập trung với bài học ngắn, có tương tác.",
    "buttonText": "Cho con thử",
    "buttonLink": "/register"
  }
}