{
  "slug": "day-con-toan-khong-can-giao-vien",
  "title": "Mình không đủ tiền cho con học thêm – nhưng con vẫn học tốt",
  "description": "Học thêm đắt quá. Mình tìm cách khác để con vẫn có nền tảng toán tốt mà không tốn kém.",
  "category": "cach-giup-con-hoc-toan-nhe-nhang",
  "keywords": [
    "học toán không cần gia sư",
    "tự dạy con toán",
    "tiết kiệm chi phí học thêm"
  ],
  "status": "draft",
  "publishedAt": null,
  "createdAt": "2025-12-25",
  "image": "/blog/con-tu-hoc.jpg",
  "imageAlt": "Bé châu Á tự học ở nhà với sách và tablet",
  "readingTime": 6,
  "categoryOrder": 4,
  "order": 13,
  "content": {
    "intro": "Gia sư 200-300k/buổi. Học thêm 1-2 triệu/tháng. Thu nhập gia đình mình có hạn. Mình không đủ khả năng. Nhưng mình vẫn muốn con có nền tảng toán tốt.",
    "sections": [
      {
        "type": "heading",
        "level": 2,
        "text": "Mình từng tự ti"
      },
      {
        "type": "paragraph",
        "text": "Thấy bạn bè cho con học thêm đủ nơi, mình cảm thấy thiếu thốn. \"Sao mình không cho con được như người ta?\""
      },
      {
        "type": "paragraph",
        "text": "Rồi mình tự hỏi: học thêm có phải cách duy nhất không?"
      },
      {
        "type": "heading",
        "level": 2,
        "text": "Mình tìm cách khác"
      },
      {
        "type": "paragraph",
        "text": "**1. App học tập:** Sorokid 200-300k/tháng, rẻ hơn một buổi gia sư. Con học mỗi ngày, hiệu quả không kém."
      },
      {
        "type": "paragraph",
        "text": "**2. YouTube:** Nhiều kênh dạy toán miễn phí. Mình chọn lọc video cho con xem."
      },
      {
        "type": "paragraph",
        "text": "**3. Tự kèm 15 phút/ngày:** Mình không giỏi toán, nhưng toán lớp 1-2 mình còn biết. Mình kèm được."
      },
      {
        "type": "callout",
        "style": "empathy",
        "text": "Tiền không quyết định tất cả. Có nhiều cách để con học tốt mà không tốn kém."
      },
      {
        "type": "heading",
        "level": 2,
        "text": "Kết quả"
      },
      {
        "type": "paragraph",
        "text": "Con mình học lớp 3, điểm toán 8-9. Không học thêm ngày nào. Chỉ có Sorokid và mẹ kèm."
      },
      {
        "type": "paragraph",
        "text": "Mình không còn tự ti nữa. Mình biết mình đang làm tốt nhất có thể."
      },
      {
        "type": "heading",
        "level": 2,
        "text": "Lời khuyên cho phụ huynh ít tiền"
      },
      {
        "type": "paragraph",
        "text": "- Không cần so sánh với người khác.\n- Dùng app học tập giá rẻ thay gia sư.\n- Tự kèm con 15 phút/ngày, đều đặn.\n- Tận dụng tài liệu miễn phí trên mạng."
      },
      {
        "type": "callout",
        "style": "reassurance",
        "text": "Con bạn không cần học thêm đắt tiền để giỏi toán. Con cần sự quan tâm và phương pháp đúng."
      }
    ]
  },
  "faq": [
    {
      "question": "App học có thay thế được gia sư không?",
      "answer": "Với toán cơ bản, app có thể thay thế hoặc bổ sung tốt. Gia sư cần thiết hơn khi con yếu nghiêm trọng hoặc cần luyện chuyên sâu."
    },
    {
      "question": "Tự kèm con có khó không?",
      "answer": "Toán tiểu học không quá khó. Quan trọng là kiên nhẫn, đều đặn. Nếu phần nào không biết, tra google hoặc để app dạy."
    }
  ],
  "cta": {
    "text": "Sorokid chi phí chỉ bằng một buổi gia sư, nhưng con học được cả tháng.",
    "buttonText": "Dùng thử miễn phí",
    "buttonLink": "/register"
  }
}