{
  "slug": "dong-hanh-cung-con-hoc-toan-la-gi",
  "title": "Mình từng nghĩ đồng hành là ngồi kèm con học – hóa ra sai hoàn toàn",
  "description": "Trước đây mình ngồi cạnh con mỗi tối, sửa từng bài, nhắc từng chữ. Tưởng là đồng hành, hóa ra mình đang biến giờ học thành giờ căng thẳng cho cả hai.",
  "category": "phu-huynh-kem-con-hoc-toan",
  "keywords": [
    "đồng hành cùng con học toán",
    "cách đồng hành con học",
    "hỗ trợ con học toán",
    "phụ huynh kèm con học"
  ],
  "status": "published",
  "publishedAt": "2025-12-28T05:50:05.806Z",
  "createdAt": "2025-12-25",
  "image": "/blog/gia-dinh-dong-hanh-hoc-toan.jpg",
  "readingTime": 6,
  "content": {
    "intro": "Tối nào cũng vậy. Sau bữa cơm, mình ngồi xuống bàn với con, mở vở toán ra, rồi bắt đầu \"trận chiến\" kéo dài đến lúc đi ngủ. Mình tưởng đó là đồng hành. Cho đến khi một hôm, con nói: \"Mẹ ơi, mẹ đừng ngồi đây được không?\"",
    "sections": [
      {
        "type": "heading",
        "level": 2,
        "text": "Cái tối con nói \"mẹ đừng ngồi đây\""
      },
      {
        "type": "paragraph",
        "text": "Mình nhớ rất rõ cảm giác lúc đó. Đau. Và hơi tự ái. Mình bỏ bao nhiêu thời gian, không đi đâu, không làm gì, chỉ để ngồi kèm con. Vậy mà con lại không muốn?"
      },
      {
        "type": "paragraph",
        "text": "Nhưng nghĩ lại, mình hiểu vì sao. Mỗi lần con viết số hơi xấu, mình nhắc. Con tính chậm, mình thở dài. Con sai, mình sửa ngay – đôi khi còn chưa kịp để con tự thấy mình sai ở đâu."
      },
      {
        "type": "paragraph",
        "text": "Mình ngồi cạnh con, nhưng không phải để \"đồng hành\". Mình ngồi đó để kiểm soát."
      },
      {
        "type": "heading",
        "level": 2,
        "text": "Đồng hành không phải là dạy học"
      },
      {
        "type": "paragraph",
        "text": "Đây là điều mình phải mất một thời gian mới hiểu. Đồng hành không có nghĩa là ngồi cạnh con, giảng giải từng bài, sửa từng lỗi. Cái đó gọi là dạy học – và phụ huynh không nhất thiết phải làm giáo viên."
      },
      {
        "type": "paragraph",
        "text": "Đồng hành là khi con biết: dù mình có học thế nào, bố mẹ vẫn ở đây, vẫn quan tâm, vẫn tin con có thể làm được."
      },
      {
        "type": "paragraph",
        "text": "Nghe thì đơn giản, nhưng khác nhau lắm. Một bên là áp lực. Một bên là chỗ dựa."
      },
      {
        "type": "heading",
        "level": 2,
        "text": "Những điều mình từng làm sai"
      },
      {
        "type": "paragraph",
        "text": "Nhìn lại, mình thấy mình mắc khá nhiều lỗi. Chia sẻ ra đây vì có thể bạn cũng đang giống mình:"
      },
      {
        "type": "paragraph",
        "text": "**1. Sửa bài trước khi con kịp hiểu mình sai ở đâu**"
      },
      {
        "type": "paragraph",
        "text": "Con vừa viết xong, mình đã chỉ ngay: \"Sai rồi, phải là 7 chứ không phải 9\". Con cũng chả hiểu vì sao sai, chỉ biết xóa đi viết lại. Lần sau vẫn sai y chang."
      },
      {
        "type": "paragraph",
        "text": "**2. Hỏi \"con được mấy điểm\" thay vì \"hôm nay con học được gì\"**"
      },
      {
        "type": "paragraph",
        "text": "Mình vô tình dạy con rằng: điểm số là thứ quan trọng nhất. Con học để lấy điểm, không phải để hiểu."
      },
      {
        "type": "paragraph",
        "text": "**3. Biến giờ học thành giờ \"bị kèm\"**"
      },
      {
        "type": "paragraph",
        "text": "Con sợ mỗi tối không phải vì sợ toán. Con sợ vì biết sẽ bị ngồi cạnh, bị nhắc, bị sửa, bị thở dài. Mình làm cho việc học trở thành gánh nặng."
      },
      {
        "type": "callout",
        "style": "empathy",
        "text": "Nếu bạn đang thấy quen quen, đừng trách mình. Phụ huynh nào cũng muốn tốt cho con, chỉ là đôi khi cách làm chưa đúng. Mình cũng vậy thôi."
      },
      {
        "type": "heading",
        "level": 2,
        "text": "Mình đã thay đổi như thế nào"
      },
      {
        "type": "paragraph",
        "text": "Sau hôm đó, mình thử một cách khác. Không ngồi cạnh con nữa. Để con tự làm. Mình ngồi ở góc khác trong phòng, làm việc của mình."
      },
      {
        "type": "paragraph",
        "text": "Ban đầu con hơi ngỡ ngàng. Rồi con hỏi: \"Mẹ không kèm con à?\" Mình nói: \"Mẹ ở đây. Con làm đi, cần gì con gọi mẹ.\""
      },
      {
        "type": "paragraph",
        "text": "Những ngày đầu, con hỏi liên tục. Dần dần, con bắt đầu tự làm nhiều hơn. Có bài sai thì con tự kiểm tra, tự thấy lỗi."
      },
      {
        "type": "paragraph",
        "text": "Mình chỉ hỏi mỗi tối: \"Hôm nay con học có gì khó không?\" – không phải để kiểm tra, mà thật sự muốn biết."
      },
      {
        "type": "heading",
        "level": 2,
        "text": "Một vài điều mình học được"
      },
      {
        "type": "list",
        "items": [
          "**Để con tự sai, tự tìm ra lỗi** – học từ sai mới nhớ lâu",
          "**Khen sự cố gắng, không chỉ khen kết quả** – \"Con ngồi tập trung tốt đó\" có giá trị hơn \"Con giỏi quá được 10 điểm\"",
          "**Không so sánh** – với bạn bè, với anh chị, hay với chính con ngày hôm qua",
          "**Có mặt nhưng không can thiệp** – để con biết mình ở đây, nhưng tin con làm được"
        ]
      },
      {
        "type": "heading",
        "level": 2,
        "text": "Còn nếu không có thời gian ngồi cạnh thì sao?"
      },
      {
        "type": "paragraph",
        "text": "Đây là câu hỏi mình cũng từng hỏi. Thật ra, không ngồi cạnh cũng không sao. Vấn đề là con có cảm nhận được sự quan tâm của mình không."
      },
      {
        "type": "paragraph",
        "text": "Có những phụ huynh bận lắm, không thể ở nhà mỗi tối. Họ dùng các ứng dụng học tập để con tự học, rồi xem tiến độ của con khi có thời gian. Tối về chỉ cần hỏi: \"Hôm nay con học vui không?\" – đó cũng là đồng hành."
      },
      {
        "type": "paragraph",
        "text": "Một số gia đình chọn các ứng dụng như Sorokid vì lý do này. Con tự học được, còn phụ huynh xem được con học đến đâu, mạnh yếu chỗ nào – không cần ngồi kèm mà vẫn nắm được tình hình."
      },
      {
        "type": "heading",
        "level": 2,
        "text": "Cuối cùng thì..."
      },
      {
        "type": "paragraph",
        "text": "Đồng hành cùng con học toán không phải là biến mình thành giáo viên, gia sư, hay \"cảnh sát\" giám sát. Đó là để con biết: dù con học giỏi hay chưa giỏi, bố mẹ vẫn luôn ủng hộ."
      },
      {
        "type": "paragraph",
        "text": "Mình vẫn đang học cách làm điều này mỗi ngày. Có lúc vẫn nóng vội, vẫn muốn sửa ngay. Nhưng ít nhất bây giờ mình biết: con cần chỗ dựa tinh thần hơn là một người ngồi cạnh chỉ sai."
      },
      {
        "type": "callout",
        "style": "reassurance",
        "text": "Nếu bạn cũng đang mệt vì kèm con mỗi tối, thử lùi lại một bước. Có thể bạn sẽ thấy con làm được nhiều hơn mình nghĩ."
      }
    ]
  },
  "faq": [
    {
      "question": "Nếu không ngồi kèm, con có tự giác học không?",
      "answer": "Thật ra ban đầu sẽ hơi khó. Nhưng nếu con có lịch học cố định và cảm thấy việc học không còn căng thẳng, dần dần con sẽ quen. Quan trọng là mình kiên nhẫn và nhất quán."
    },
    {
      "question": "Con hay hỏi bài, không ngồi cạnh thì ai giải đáp?",
      "answer": "Có thể để con tự tìm cách trước. Nếu thật sự không được thì hỏi. Điều này giúp con học cách tự giải quyết vấn đề, thay vì phụ thuộc vào người lớn cho mọi thứ."
    },
    {
      "question": "Làm sao biết con học đến đâu nếu không ngồi cạnh?",
      "answer": "Có thể hỏi con mỗi tối, hoặc dùng các ứng dụng học tập có phần báo cáo cho phụ huynh. Nhiều app bây giờ cho xem con đã học gì, làm đúng bao nhiêu phần trăm."
    },
    {
      "question": "Con bảo mẹ đừng ngồi cạnh, có phải con không cần mình?",
      "answer": "Không phải. Con chỉ cần một hình thức quan tâm khác – không phải kiểm soát từng bước. Con vẫn cần mình, nhưng theo cách nhẹ nhàng hơn."
    }
  ],
  "cta": {
    "text": "Bạn muốn thử để con tự học mà vẫn theo dõi được tiến độ? Sorokid có thể giúp bạn làm điều đó.",
    "buttonText": "Tìm hiểu thêm",
    "buttonLink": "/register"
  },
  "imageAlt": "Gia đình châu Á đồng hành cùng con học toán",
  "categoryOrder": 3,
  "order": 5
}