{
  "slug": "flashcard-soroban-co-can-thiet-khong",
  "title": "Mình từng mua flashcard Soroban – đây là điều mình học được",
  "description": "Thấy người ta khoe flashcard, mình cũng mua. Dùng xong mới hiểu khi nào cần, khi nào không.",
  "category": "soroban-cho-phu-huynh",
  "keywords": [
    "flashcard soroban",
    "học soroban tại nhà",
    "công cụ học soroban"
  ],
  "status": "draft",
  "publishedAt": null,
  "createdAt": "2025-12-25",
  "image": "/blog/flashcard-soroban.jpg",
  "imageAlt": "Mẹ và con châu Á học với flashcard",
  "readingTime": 5,
  "categoryOrder": 1,
  "order": 27,
  "content": {
    "intro": "Trong group phụ huynh, mình thấy nhiều người khoe flashcard Soroban. Hình bàn tính một bên, số một bên. Mình cũng đặt mua ngay. 200k cho bộ 100 thẻ. Dùng xong mình có vài suy nghĩ.",
    "sections": [
      {
        "type": "heading",
        "level": 2,
        "text": "Flashcard Soroban là gì?"
      },
      {
        "type": "paragraph",
        "text": "Đơn giản là thẻ có hình bàn tính Soroban một bên, số tương ứng bên kia. Con nhìn hình đoán số, hoặc nhìn số hình dung bàn tính."
      },
      {
        "type": "paragraph",
        "text": "Mục đích là giúp con nhớ hình ảnh bàn tính nhanh hơn."
      },
      {
        "type": "heading",
        "level": 2,
        "text": "Cách mình dùng lúc đầu (sai)"
      },
      {
        "type": "paragraph",
        "text": "Mình giơ flashcard, hỏi con: \"Đây là số mấy?\" Con mình chưa học Soroban, không hiểu gì. Nhìn ngơ ngác."
      },
      {
        "type": "paragraph",
        "text": "Mình cố giải thích: \"Hạt trên là 5, hạt dưới là 1...\" Càng nói con càng rối."
      },
      {
        "type": "callout",
        "style": "empathy",
        "text": "Sai lầm của mình: dùng flashcard khi con chưa biết Soroban là gì. Flashcard là để ôn tập, không phải để dạy mới."
      },
      {
        "type": "heading",
        "level": 2,
        "text": "Sau khi con học Soroban được 2 tháng"
      },
      {
        "type": "paragraph",
        "text": "Mình lôi flashcard ra lần nữa. Lần này khác hẳn. Con nhìn là biết ngay."
      },
      {
        "type": "paragraph",
        "text": "Mình chơi game với con: xếp 5 thẻ, con đoán nhanh nhất có thể. Con thích lắm."
      },
      {
        "type": "heading",
        "level": 2,
        "text": "Khi nào nên dùng flashcard?"
      },
      {
        "type": "paragraph",
        "text": "- **Nên dùng:** Khi con đã biết cơ bản Soroban, cần ôn tập và tăng tốc độ nhận diện.\n- **Không nên:** Khi con chưa học, hoặc mới học được vài buổi."
      },
      {
        "type": "heading",
        "level": 2,
        "text": "Có cần mua không?"
      },
      {
        "type": "paragraph",
        "text": "Thật ra, nếu con học app như Sorokid, app đã có bài tập nhận diện rồi. Flashcard chỉ thêm một cách ôn tập ngoài màn hình."
      },
      {
        "type": "paragraph",
        "text": "Mình thấy flashcard hữu ích khi muốn con nghỉ ngơi khỏi điện thoại mà vẫn ôn được. Hoặc chơi trên xe, lúc chờ đợi."
      },
      {
        "type": "callout",
        "style": "reassurance",
        "text": "Flashcard là công cụ bổ trợ, không phải bắt buộc. Nếu bạn không có, con vẫn học Soroban tốt được."
      }
    ]
  },
  "faq": [
    {
      "question": "Mua flashcard Soroban ở đâu?",
      "answer": "Có thể tìm trên Shopee, Lazada với từ khóa \"flashcard Soroban\". Hoặc tự in từ file PDF miễn phí trên mạng."
    },
    {
      "question": "Flashcard thay thế được app Soroban không?",
      "answer": "Không. Flashcard chỉ giúp nhận diện số, không dạy cách tính. Con cần học qua app hoặc giáo viên trước."
    }
  ],
  "cta": {
    "text": "Nếu con bạn chưa biết Soroban, hãy bắt đầu với app trước. Flashcard dùng sau.",
    "buttonText": "Cho con học thử Sorokid",
    "buttonLink": "/register"
  }
}