{
  "slug": "hoc-soroban-mat-bao-lau-de-tinh-nham-duoc",
  "title": "Học Soroban bao lâu thì con tính nhẩm được? Đừng kỳ vọng như mình",
  "description": "Mình từng nghĩ 2-3 tháng là con tính nhẩm vèo vèo. Thực tế khác xa. Đây là lộ trình thực tế mình thấy từ con mình.",
  "category": "soroban-cho-phu-huynh",
  "keywords": [
    "học soroban bao lâu",
    "lộ trình học soroban",
    "các cấp độ soroban"
  ],
  "status": "draft",
  "publishedAt": null,
  "createdAt": "2025-12-25",
  "image": "/blog/thoi-gian-hoc-soroban-tinh-nham.jpg",
  "imageAlt": "Bé châu Á nhắm mắt tính nhẩm với hình ảnh bàn tính trong đầu",
  "readingTime": 7,
  "content": {
    "intro": "\"Học Soroban 3 tháng, con tính nhẩm như máy\" – mình từng đọc được câu này và kỳ vọng. Thực tế? Tháng thứ 3 con mới bắt đầu quen với bàn tính. Tính nhẩm còn xa lắm. Nếu bạn đang tìm hiểu, đây là lộ trình thực tế mình muốn chia sẻ.",
    "sections": [
      {
        "type": "heading",
        "level": 2,
        "text": "Kỳ vọng của mình vs Thực tế"
      },
      {
        "type": "paragraph",
        "text": "Mình từng nghĩ Soroban là \"phép màu\". Xem mấy video trẻ em tính nhẩm siêu nhanh, mình tưởng vài tháng là được."
      },
      {
        "type": "paragraph",
        "text": "Thực tế: Những đứa trẻ trong video đó đã học 2-3 năm, mỗi ngày 30-60 phút. Không phải phép màu – là kết quả của thời gian và sự kiên nhẫn."
      },
      {
        "type": "paragraph",
        "text": "Khi mình hiểu điều này, mình bớt sốt ruột hơn. Và con mình cũng bớt áp lực hơn."
      },
      {
        "type": "heading",
        "level": 2,
        "text": "Lộ trình thực tế mình thấy từ con"
      },
      {
        "type": "paragraph",
        "text": "Con mình học khoảng 15-20 phút mỗi ngày (không phải ngày nào cũng học). Đây là tiến trình thực tế:"
      },
      {
        "type": "heading",
        "level": 3,
        "text": "Tháng 1-2: Làm quen với bàn tính"
      },
      {
        "type": "list",
        "items": [
          "Học cách đọc số trên bàn tính (số 1 trông như thế nào, số 5 trông như thế nào)",
          "Di chuyển hạt lên xuống",
          "Làm các phép tính đơn giản: 1+1, 2+3 (có nhìn bàn tính)",
          "Còn chậm, hay nhầm, nhưng bắt đầu hiểu logic"
        ]
      },
      {
        "type": "paragraph",
        "text": "Giai đoạn này con còn lạ lẫm. Mình phải động viên nhiều. Có hôm con không muốn học – mình không ép."
      },
      {
        "type": "heading",
        "level": 3,
        "text": "Tháng 3-4: Quen dần, bắt đầu nhanh hơn"
      },
      {
        "type": "list",
        "items": [
          "Tính cộng trừ số 1 chữ số thành thạo hơn",
          "Bắt đầu học số 2 chữ số",
          "Học các \"công thức\" như cộng có nhớ (bạn của 5, bạn của 10)",
          "Vẫn cần nhìn bàn tính, chưa tính nhẩm được"
        ]
      },
      {
        "type": "paragraph",
        "text": "Đây là lúc mình bắt đầu thấy con quen. Con tự mở app, không cần nhắc. Con thích \"lên cấp\" và khoe huy hiệu."
      },
      {
        "type": "heading",
        "level": 3,
        "text": "Tháng 5-6: Bắt đầu tính nhẩm số đơn giản"
      },
      {
        "type": "list",
        "items": [
          "Tính nhẩm được các phép tính đơn giản (5+3, 7+2) mà không cần nhìn bàn tính",
          "Vẫn cần bàn tính cho số 2 chữ số",
          "Bắt đầu học phép nhân đơn giản",
          "Tốc độ tăng lên rõ rệt"
        ]
      },
      {
        "type": "paragraph",
        "text": "Đây là lúc mình thấy \"ồ, có tiến bộ thật\". Hôm đó đi siêu thị, con bảo \"Mẹ ơi, 7 cộng 8 là 15\" – không cần đếm ngón tay như trước."
      },
      {
        "type": "heading",
        "level": 3,
        "text": "Tháng 7-12: Tính nhẩm số 2 chữ số"
      },
      {
        "type": "list",
        "items": [
          "Tính nhẩm được 23+15, 45-17 trong đầu",
          "Bắt đầu học phép nhân, chia",
          "Tốc độ nhanh hơn bạn cùng lớp (theo quan sát của mình)",
          "Tự tin hơn với môn toán"
        ]
      },
      {
        "type": "paragraph",
        "text": "Đến đây mình mới thấy \"Soroban thực sự có tác dụng\". Nhưng mất gần 1 năm, không phải 3 tháng như mình tưởng."
      },
      {
        "type": "callout",
        "style": "empathy",
        "text": "Mỗi con khác nhau. Con bạn có thể nhanh hơn hoặc chậm hơn. Đừng so sánh với ai – so sánh với chính con ngày hôm qua là đủ."
      },
      {
        "type": "heading",
        "level": 2,
        "text": "Các cấp độ trong Soroban"
      },
      {
        "type": "paragraph",
        "text": "Soroban truyền thống có hệ thống cấp độ (cấp 10 đến cấp 1, rồi đến đẳng – giống võ thuật). Mình không hiểu lắm, nhưng đại khái:"
      },
      {
        "type": "list",
        "items": [
          "**Cấp 10-8:** Cơ bản – cộng trừ số đơn giản",
          "**Cấp 7-5:** Trung bình – cộng trừ số lớn, bắt đầu nhân chia",
          "**Cấp 4-1:** Khá – tính nhanh, chính xác",
          "**Đẳng (Dan):** Giỏi – tính nhẩm nhiều số cùng lúc"
        ]
      },
      {
        "type": "paragraph",
        "text": "Con mình học gần 1 năm, mình đoán ở khoảng cấp 6-7 (không chắc vì app không nói rõ theo hệ thống này). Mình không quan tâm cấp mấy – miễn con tiến bộ là vui."
      },
      {
        "type": "heading",
        "level": 2,
        "text": "Yếu tố ảnh hưởng đến tốc độ tiến bộ"
      },
      {
        "type": "paragraph",
        "text": "Từ kinh nghiệm của mình và đọc từ các phụ huynh khác:"
      },
      {
        "type": "list",
        "items": [
          "**Tần suất học:** 15 phút/ngày x 7 ngày tốt hơn 1 tiếng x 2 ngày",
          "**Độ tuổi bắt đầu:** Trẻ nhỏ (5-7) tiếp thu chậm hơn nhưng nền tảng vững",
          "**Hứng thú của con:** Con thích thì học nhanh hơn con bị ép",
          "**Sự động viên:** Khen ngợi đúng lúc giúp con duy trì động lực",
          "**Công cụ học:** App tốt giúp con tự học, không phụ thuộc bố mẹ"
        ]
      },
      {
        "type": "heading",
        "level": 2,
        "text": "Điều mình học được"
      },
      {
        "type": "paragraph",
        "text": "Sau gần 1 năm, mình rút ra:"
      },
      {
        "type": "list",
        "items": [
          "**Đừng kỳ vọng nhanh:** 6-12 tháng là bình thường để thấy kết quả rõ",
          "**Đều đặn hơn là cày cuốc:** 15 phút mỗi ngày tốt hơn học dồn cuối tuần",
          "**Không ép:** Có hôm con không muốn học – cho nghỉ, mai học lại",
          "**Mừng những thắng lợi nhỏ:** Con tính được 5+7 không cần đếm tay – đó là tiến bộ"
        ]
      },
      {
        "type": "callout",
        "style": "reassurance",
        "text": "Soroban là kỹ năng tích lũy. Không có đường tắt. Nhưng nếu kiên nhẫn, kết quả sẽ đến – và đáng giá."
      }
    ]
  },
  "faq": [
    {
      "question": "Học 3 tháng có tính nhẩm được chưa?",
      "answer": "Với đa số trẻ, 3 tháng mới làm quen và tính được phép tính đơn giản (có nhìn bàn tính). Tính nhẩm thực sự cần 6-12 tháng hoặc hơn."
    },
    {
      "question": "Mỗi ngày học bao lâu là đủ?",
      "answer": "15-20 phút mỗi ngày là phù hợp với trẻ tiểu học. Ngắn nhưng đều đặn tốt hơn dài nhưng thất thường."
    },
    {
      "question": "Con học chậm hơn bạn khác có sao không?",
      "answer": "Không sao. Mỗi con khác nhau. Điều quan trọng là con tiến bộ so với chính con ngày hôm qua, không phải so với ai khác."
    },
    {
      "question": "Có cần thi lấy cấp không?",
      "answer": "Không bắt buộc. Cấp độ chỉ là cách đo lường. Nếu con học để tính nhẩm tốt hơn, không cần quan tâm đến cấp."
    }
  ],
  "cta": {
    "text": "Nếu bạn sẵn sàng cho con học theo lộ trình dài hạn, Sorokid thiết kế bài học theo từng cấp độ, từ cơ bản đến nâng cao.",
    "buttonText": "Xem lộ trình",
    "buttonLink": "/learn"
  },
  "categoryOrder": 1,
  "order": 19
}