{
  "slug": "hoc-toan-nhu-choi-game-co-thuc-su-hieu-qua",
  "title": "Con mình học toán trên app – tưởng chơi game hóa ra học thật",
  "description": "Mình từng nghi ngờ: học mà như chơi thì học được gì? Cho đến khi thấy con tự ngồi làm bài mà không ai bắt.",
  "category": "cach-giup-con-hoc-toan-nhe-nhang",
  "keywords": [
    "học toán như chơi game",
    "gamification học toán",
    "ứng dụng học toán cho trẻ"
  ],
  "status": "published",
  "publishedAt": "2025-12-25T02:37:56.372Z",
  "createdAt": "2025-12-25",
  "image": "/blog/hoc-toan-nhu-choi-game.jpg",
  "readingTime": 5,
  "content": {
    "intro": "\"Cho con chơi game học\" – nghe mâu thuẫn. Mình cũng nghĩ vậy. Cho đến khi thấy con tự mở app mỗi tối, không cần ai nhắc.",
    "sections": [
      {
        "type": "heading",
        "level": 2,
        "text": "Ban đầu mình nghi ngờ"
      },
      {
        "type": "paragraph",
        "text": "Khi bạn mình giới thiệu app học toán, mình nghĩ: \"Lại mấy cái marketing. Chơi game thì học được gì?\" Mình lớn lên với cách học truyền thống – ngồi làm bài, chép vở, kiểm tra. Học phải nghiêm túc chứ."
      },
      {
        "type": "paragraph",
        "text": "Nhưng cách học \"nghiêm túc\" của mình đang không hiệu quả với con. Mỗi tối là một cuộc chiến. Con chống đối, mình mệt mỏi. Nên mình quyết định thử."
      },
      {
        "type": "heading",
        "level": 2,
        "text": "Cái mình thấy ở con"
      },
      {
        "type": "paragraph",
        "text": "Tuần đầu tiên, con hào hứng vì mới lạ – bình thường. Mình nghĩ sẽ chán sau vài ngày."
      },
      {
        "type": "paragraph",
        "text": "Nhưng tuần thứ hai, con vẫn tự mở app. \"Mẹ ơi, con sắp lên cấp rồi!\" – con nói. Rồi khi được huy hiệu mới, con chạy ra khoe. Mình nhận ra: con đang muốn học."
      },
      {
        "type": "paragraph",
        "text": "Không phải vì bị ép. Mà vì con thích."
      },
      {
        "type": "heading",
        "level": 2,
        "text": "Vì sao \"chơi\" mà vẫn học được?"
      },
      {
        "type": "paragraph",
        "text": "Mình tìm hiểu thì thấy những app này không phải \"game giải trí\". Nội dung vẫn là bài toán thật. Chỉ là cách trình bày khác:"
      },
      {
        "type": "list",
        "items": [
          "**Có điểm và cấp độ** – con thấy mình tiến bộ",
          "**Có huy hiệu** – con có mục tiêu để phấn đấu",
          "**Làm sai không ai la** – con chỉ cần thử lại",
          "**Bài học ngắn** – phù hợp với sự tập trung của trẻ",
          "**Biết kết quả ngay** – không phải chờ mẹ chấm"
        ]
      },
      {
        "type": "paragraph",
        "text": "Kiến thức vẫn là kiến thức. Chỉ là con tiếp nhận với tâm thế khác."
      },
      {
        "type": "heading",
        "level": 2,
        "text": "Điều mình lo – và thực tế"
      },
      {
        "type": "paragraph",
        "text": "**\"Chơi game sẽ nghiện\"** – Mình cũng sợ. Nhưng app học không thiết kế để gây nghiện như game giải trí. Có giới hạn bài mỗi ngày, không có quảng cáo nhảy ra liên tục."
      },
      {
        "type": "paragraph",
        "text": "**\"Con chỉ thích phần thưởng, không hiểu bài\"** – Lúc đầu có thể. Nhưng dần dần, khi con quen với việc tự làm bài, con bắt đầu tự tin hơn. Mình hỏi bài, con giải thích được."
      },
      {
        "type": "paragraph",
        "text": "**\"Học trên app không bằng học với người thật\"** – Đúng, không gì thay thế hoàn toàn. Nhưng nếu \"học với người thật\" là mình la con, thì app còn tốt hơn."
      },
      {
        "type": "callout",
        "style": "empathy",
        "text": "Mình không nói app hoàn hảo. Mình chỉ thấy: với hoàn cảnh gia đình mình – bố mẹ đi làm mệt, con không thích bị kèm – thì app là giải pháp phù hợp."
      },
      {
        "type": "heading",
        "level": 2,
        "text": "Những lúc app không phù hợp"
      },
      {
        "type": "paragraph",
        "text": "Cũng có lúc con không hứng thú. Có hôm con bảo \"chán rồi\". Mình không ép. Mình nói: \"Nghỉ hôm nay đi, mai học lại.\" Rồi con tự quay lại."
      },
      {
        "type": "paragraph",
        "text": "App không phải thần dược. Nó không biến con thành thiên tài toán học. Nhưng nó giúp con duy trì thói quen học mà không cần mình ngồi canh."
      },
      {
        "type": "heading",
        "level": 2,
        "text": "Cách mình dùng"
      },
      {
        "type": "paragraph",
        "text": "Mình dùng Sorokid. Con học khoảng 15 phút mỗi tối. Mình không ngồi cạnh – chỉ hỏi sau khi con học xong: \"Hôm nay con học được gì?\" Thỉnh thoảng mình xem báo cáo tiến độ trên app."
      },
      {
        "type": "paragraph",
        "text": "Buổi tối nhẹ nhàng hơn nhiều. Mình không la con vì chuyện học. Con không khóc vì sợ sai. Đó là thay đổi lớn nhất."
      },
      {
        "type": "callout",
        "style": "reassurance",
        "text": "Học \"như chơi\" không có nghĩa là không học thật. Nếu con vui khi học và vẫn tiến bộ – đó là thành công. Không cần phải khổ mới gọi là học."
      }
    ]
  },
  "faq": [
    {
      "question": "Con sẽ nghiện \"game học\" như nghiện game thường không?",
      "answer": "App học tốt không thiết kế để gây nghiện. Có giới hạn bài mỗi ngày, không có quảng cáo hay tính năng \"pay-to-win\". Khác hẳn game giải trí."
    },
    {
      "question": "Học qua app có đủ để làm bài ở trường không?",
      "answer": "Tùy app. Nên chọn app bám sát chương trình học, dùng như công cụ bổ trợ thêm cho việc học ở trường."
    },
    {
      "question": "Con không thích game, có dùng được không?",
      "answer": "Được. Điểm số, huy hiệu, tiến trình – những thứ này hấp dẫn hầu hết trẻ em, dù con không tự nhận là thích chơi game."
    },
    {
      "question": "Nên cho con học bao lâu mỗi ngày?",
      "answer": "Khoảng 15-20 phút là phù hợp với trẻ tiểu học. Ngắn nhưng đều đặn tốt hơn dài nhưng thất thường."
    }
  ],
  "cta": {
    "text": "Nếu bạn cũng đang căng thẳng vì chuyện kèm con, thử để con học với app xem sao. Sorokid có bản dùng thử miễn phí.",
    "buttonText": "Thử xem",
    "buttonLink": "/register"
  },
  "imageAlt": "Mẹ con châu Á vui vẻ học toán như chơi game",
  "categoryOrder": 4,
  "order": 2
}