{
  "slug": "khen-con-khi-hoc-toan-nhu-the-nao",
  "title": "Mình từng khen con sai cách – bây giờ mới biết khen đúng",
  "description": "\"Con giỏi quá!\" – Tưởng đang động viên, hóa ra đang gây hại. Mình học cách khen khác.",
  "category": "cach-giup-con-hoc-toan-nhe-nhang",
  "keywords": [
    "khen con học giỏi",
    "động viên con đúng cách",
    "tâm lý trẻ học toán"
  ],
  "status": "draft",
  "publishedAt": null,
  "createdAt": "2025-12-25",
  "image": "/blog/me-khen-con.jpg",
  "imageAlt": "Mẹ châu Á đang khen con với nụ cười",
  "readingTime": 6,
  "categoryOrder": 4,
  "order": 10,
  "content": {
    "intro": "\"Con giỏi quá! Con thông minh quá!\" – Mình hay nói thế khi con làm đúng. Tưởng đang động viên. Đọc sách mới biết: khen thế có thể làm hại con.",
    "sections": [
      {
        "type": "heading",
        "level": 2,
        "text": "Vấn đề với khen \"thông minh\""
      },
      {
        "type": "paragraph",
        "text": "Khi khen con \"thông minh\", con nghĩ: năng lực là bẩm sinh, không thay đổi được."
      },
      {
        "type": "paragraph",
        "text": "Nếu con gặp bài khó, con sợ: \"Nếu mình không làm được, có phải mình không thông minh?\" Con né tránh thử thách."
      },
      {
        "type": "heading",
        "level": 2,
        "text": "Khen NỖ LỰC thay vì kết quả"
      },
      {
        "type": "paragraph",
        "text": "Thay vì: \"Con thông minh quá!\" → \"Con cố gắng làm bài quá giỏi!\""
      },
      {
        "type": "paragraph",
        "text": "Thay vì: \"Con làm đúng hết!\" → \"Con tập trung tốt, mẹ thấy con suy nghĩ kỹ.\""
      },
      {
        "type": "paragraph",
        "text": "Khi khen nỗ lực, con hiểu: làm tốt vì cố gắng, không phải vì bẩm sinh. Con dám thử bài khó vì biết cố gắng sẽ được."
      },
      {
        "type": "callout",
        "style": "empathy",
        "text": "Cách khen ảnh hưởng đến tư duy của con. Khen đúng giúp con có growth mindset – tin rằng năng lực phát triển được."
      },
      {
        "type": "heading",
        "level": 2,
        "text": "Một số câu khen mình hay dùng"
      },
      {
        "type": "paragraph",
        "text": "- \"Con kiên nhẫn làm bài quá!\"\n- \"Mẹ thấy con không bỏ cuộc, giỏi lắm!\"\n- \"Con thử nhiều cách, cuối cùng được. Tuyệt!\"\n- \"Con học xong 15 phút rồi à? Đều đặn quá!\""
      },
      {
        "type": "heading",
        "level": 2,
        "text": "Khi con làm sai"
      },
      {
        "type": "paragraph",
        "text": "Không nói: \"Sao con dở thế?\" Không so sánh: \"Bạn A làm được mà con không được.\""
      },
      {
        "type": "paragraph",
        "text": "Mình nói: \"Chưa đúng, con thử lại xem. Mẹ tin con làm được.\""
      },
      {
        "type": "callout",
        "style": "reassurance",
        "text": "Khen đúng cách không khó. Chỉ cần nhớ: khen HÀNH ĐỘNG, không khen NGƯỜI."
      }
    ]
  },
  "faq": [
    {
      "question": "Khen \"thông minh\" có sao không?",
      "answer": "Thỉnh thoảng không sao. Nhưng nếu chỉ khen thông minh, con có thể sợ thất bại vì nghĩ thất bại = không thông minh."
    },
    {
      "question": "Con làm sai thì nói sao?",
      "answer": "Nói nhẹ nhàng: \"Chưa đúng, con thử lại nhé.\" Không chê, không so sánh. Quan trọng là con dám thử lại."
    }
  ],
  "cta": {
    "text": "Sorokid có hệ thống khen thưởng động viên con khi cố gắng, không chỉ khi làm đúng.",
    "buttonText": "Tìm hiểu thêm",
    "buttonLink": "/register"
  }
}