{
  "slug": "khi-nao-phu-huynh-nen-dung-cong-cu-ho-tro",
  "title": "Mình đã cố tự kèm con – đến khi nào thì nên dừng?",
  "description": "Mình từng nghĩ: tự kèm con là trách nhiệm. Nhưng khi căng thẳng leo thang, mình nhận ra: có lúc cần tìm công cụ hỗ trợ.",
  "category": "cach-giup-con-hoc-toan-nhe-nhang",
  "keywords": [
    "công cụ hỗ trợ học toán",
    "khi nào nên dùng ứng dụng học",
    "ứng dụng học toán cho trẻ"
  ],
  "status": "published",
  "publishedAt": "2025-12-28T05:50:21.456Z",
  "createdAt": "2025-12-25",
  "image": "/blog/phu-huynh-dung-cong-cu-ho-tro.jpg",
  "readingTime": 5,
  "content": {
    "intro": "Có người hỏi mình: \"Sao không tự kèm con mà phải dùng app?\" Mình cũng tự kèm đấy. Gần một năm. Đến khi cả hai đều kiệt sức, mình mới chịu tìm cách khác.",
    "sections": [
      {
        "type": "heading",
        "level": 2,
        "text": "Khi nào tự kèm vẫn ổn?"
      },
      {
        "type": "paragraph",
        "text": "Mình không nói tự kèm con là sai. Có gia đình tự kèm rất tốt. Thường là khi:"
      },
      {
        "type": "list",
        "items": [
          "Phụ huynh còn thời gian và năng lượng sau giờ làm",
          "Phụ huynh kiên nhẫn, không dễ nóng giận",
          "Con tiếp thu tốt khi học với bố mẹ",
          "Buổi học diễn ra thoải mái, không ai la ai khóc"
        ]
      },
      {
        "type": "paragraph",
        "text": "Nếu gia đình bạn đang ở trạng thái này – tuyệt vời. Không cần thay đổi gì cả."
      },
      {
        "type": "heading",
        "level": 2,
        "text": "Nhưng mình không thuộc nhóm đó"
      },
      {
        "type": "paragraph",
        "text": "Mình đi làm cả ngày về mệt. Ngồi kèm con mà đầu óc không còn tỉnh táo. Con hỏi bài, mình giải thích mà bực. Con làm sai, mình thở dài. Dần dần, buổi tối trở thành \"trận chiến.\""
      },
      {
        "type": "paragraph",
        "text": "Mình biết mình cần giúp đỡ. Nhưng cứ nghĩ: \"Thuê gia sư thì tốn tiền.\" \"Dùng app thì có hiệu quả không?\" Nên mình tiếp tục... cho đến khi không chịu nổi nữa."
      },
      {
        "type": "heading",
        "level": 2,
        "text": "Dấu hiệu mình cần tìm công cụ hỗ trợ"
      },
      {
        "type": "paragraph",
        "text": "Nhìn lại, mình thấy những dấu hiệu này từ lâu:"
      },
      {
        "type": "list",
        "items": [
          "**Mỗi buổi học kết thúc bằng căng thẳng** – la mắng, nước mắt, hoặc cả hai",
          "**Mình kiệt sức sau giờ làm** – không còn năng lượng để kiên nhẫn",
          "**Con ỷ lại hoặc phản kháng** – \"Mẹ chỉ con đi\" hoặc \"Con biết rồi, đừng nói nữa\"",
          "**Mình không chắc mình dạy đúng** – toán bây giờ khác xưa nhiều lắm",
          "**Con không tiến bộ dù học nhiều** – có lẽ cách dạy không phù hợp"
        ]
      },
      {
        "type": "paragraph",
        "text": "Nếu bạn thấy quen, có lẽ đã đến lúc thử cách khác."
      },
      {
        "type": "callout",
        "style": "empathy",
        "text": "Nhận ra mình cần hỗ trợ không phải là thừa nhận thất bại. Đó là dấu hiệu của phụ huynh thông minh – người biết tìm giải pháp tốt nhất cho con."
      },
      {
        "type": "heading",
        "level": 2,
        "text": "Có những loại công cụ nào?"
      },
      {
        "type": "list",
        "items": [
          "**Gia sư:** Người dạy trực tiếp, điều chỉnh theo con. Tốt nhưng tốn kém.",
          "**Lớp học thêm:** Có bạn bè, nhưng con phải theo tiến độ chung.",
          "**Video bài giảng:** Miễn phí trên YouTube, nhưng con cần ai đó ngồi cùng.",
          "**Ứng dụng học online:** Con tự học tương tác, phụ huynh theo dõi từ xa."
        ]
      },
      {
        "type": "paragraph",
        "text": "Mình chọn ứng dụng vì phù hợp với hoàn cảnh: bận, không giỏi toán, và cần con tự học được."
      },
      {
        "type": "heading",
        "level": 2,
        "text": "Mình dùng Sorokid như thế nào"
      },
      {
        "type": "paragraph",
        "text": "Con học khoảng 15-20 phút mỗi ngày trên app. Có hướng dẫn từng bước, sai thì thử lại, không ai la. Mình không cần ngồi cạnh."
      },
      {
        "type": "paragraph",
        "text": "Mình chỉ mở app xem con học đến đâu, rồi tối về hỏi: \"Hôm nay con học được gì?\" Thế là đủ."
      },
      {
        "type": "paragraph",
        "text": "Quan trọng: app không thay thế hoàn toàn vai trò của mình. Mình vẫn cần động viên, tạo thói quen, theo dõi. Chỉ là mình không cần \"dạy\" nữa."
      },
      {
        "type": "heading",
        "level": 2,
        "text": "Kết quả?"
      },
      {
        "type": "paragraph",
        "text": "Buổi tối bớt căng. Mình không còn la con vì chuyện học. Con không còn sợ giờ làm bài. Mối quan hệ mẹ con đỡ căng thẳng."
      },
      {
        "type": "paragraph",
        "text": "Mình không biết điểm số có tăng nhiều không. Nhưng mình biết: cả hai đều bớt mệt – và thế là đủ."
      },
      {
        "type": "callout",
        "style": "reassurance",
        "text": "Dù bạn chọn cách nào, điều quan trọng nhất là con được học trong môi trường tích cực. Công cụ chỉ là phương tiện – tình yêu và sự quan tâm của bạn mới là nền tảng."
      }
    ]
  },
  "faq": [
    {
      "question": "Dùng công cụ thì mình có cần làm gì nữa không?",
      "answer": "Vẫn cần. Công cụ giúp \"dạy\" kiến thức, nhưng bạn vẫn cần động viên, tạo thói quen, và theo dõi tiến độ. Vai trò thay đổi từ \"giáo viên\" sang \"người đồng hành.\""
    },
    {
      "question": "App có thay thế hoàn toàn việc học ở trường không?",
      "answer": "Không. App là công cụ bổ trợ, không thay thế. Nó giúp con luyện tập thêm và củng cố kiến thức."
    },
    {
      "question": "Làm sao biết app nào tốt?",
      "answer": "Thử bản miễn phí trước. Xem con có hứng thú không? Nội dung có phù hợp với chương trình? Có theo dõi tiến độ cho phụ huynh không?"
    },
    {
      "question": "Con còn nhỏ (5-6 tuổi), dùng app được không?",
      "answer": "Được, nếu app thiết kế cho lứa tuổi đó. Chọn app có giao diện đơn giản, hình ảnh sinh động, bài học ngắn."
    }
  ],
  "cta": {
    "text": "Nếu bạn đang cân nhắc dùng công cụ hỗ trợ, thử Sorokid miễn phí trong 7 ngày. Xem con có phù hợp không, rồi quyết định.",
    "buttonText": "Thử xem",
    "buttonLink": "/register"
  },
  "imageAlt": "Mẹ châu Á dùng công cụ hỗ trợ dạy con học",
  "categoryOrder": 4,
  "order": 5
}