{
  "slug": "khong-co-thoi-gian-kem-con-hoc",
  "title": "Đi làm về 7h tối – mình không có sức kèm con học nữa",
  "description": "Về đến nhà đã mệt nhoài. Ăn xong muốn ngủ. Kèm con học là cực hình. Đây là cách mình giải quyết.",
  "category": "phu-huynh-kem-con-hoc-toan",
  "keywords": [
    "bận không kèm con được",
    "phụ huynh đi làm",
    "con tự học"
  ],
  "status": "draft",
  "publishedAt": null,
  "createdAt": "2025-12-25",
  "image": "/blog/me-di-lam-met.jpg",
  "imageAlt": "Mẹ châu Á mệt mỏi sau giờ làm, nhìn con đang ngồi học một mình",
  "readingTime": 5,
  "categoryOrder": 3,
  "order": 9,
  "content": {
    "intro": "8 giờ ở công ty. 1 giờ đi về. Về đến nhà 7h tối. Còn nấu cơm, dọn dẹp, tắm rửa. 9h tối muốn chết. Mà còn phải kèm con học. Mình từng cảm thấy mình là bà mẹ tệ.",
    "sections": [
      {
        "type": "heading",
        "level": 2,
        "text": "Cảm giác tội lỗi"
      },
      {
        "type": "paragraph",
        "text": "Thấy các mẹ khác ngồi kèm con đến 10h đêm, mình thấy mình kém. \"Sao mình không cố được?\""
      },
      {
        "type": "paragraph",
        "text": "Nhưng cố kèm con khi mình mệt, mình cáu. Con sợ. Học không vào đầu."
      },
      {
        "type": "heading",
        "level": 2,
        "text": "Mình chấp nhận sự thật"
      },
      {
        "type": "paragraph",
        "text": "Mình không có nhiều thời gian. Đó là sự thật. Mình không thể thay đổi công việc."
      },
      {
        "type": "paragraph",
        "text": "Vậy mình cần tìm cách khác để con vẫn học được mà mình không phải kèm từng bài."
      },
      {
        "type": "callout",
        "style": "empathy",
        "text": "Bạn không tệ vì không có thời gian kèm con. Bạn đang làm việc để lo cho gia đình. Đó cũng là yêu thương."
      },
      {
        "type": "heading",
        "level": 2,
        "text": "Cách mình làm"
      },
      {
        "type": "paragraph",
        "text": "**1. Cho con học qua app:** Sorokid dạy con thay mình. Con tự học 15-20 phút sau khi ăn cơm."
      },
      {
        "type": "paragraph",
        "text": "**2. Kiểm tra cuối tuần:** Mình xem báo cáo tiến độ của con vào chủ nhật. Không cần theo dõi hàng ngày."
      },
      {
        "type": "paragraph",
        "text": "**3. Dành ít thời gian chất lượng:** Thay vì kèm bài, mình đọc sách cùng con 10 phút trước khi ngủ."
      },
      {
        "type": "heading",
        "level": 2,
        "text": "Kết quả"
      },
      {
        "type": "paragraph",
        "text": "Con mình tự học được. Mình bớt stress. Thời gian ít ỏi còn lại, mình dành để chơi với con thay vì gò con học."
      },
      {
        "type": "callout",
        "style": "reassurance",
        "text": "Không phải cứ ngồi cạnh con mới là yêu con. Đôi khi tìm công cụ phù hợp cũng là một cách yêu thương."
      }
    ]
  },
  "faq": [
    {
      "question": "Con có tự giác học không nếu không ai kèm?",
      "answer": "Cần tạo thói quen. Ban đầu cần nhắc nhở, nhưng sau 2-3 tuần con quen thì tự giác hơn."
    },
    {
      "question": "Sao biết con có học thật không?",
      "answer": "App có báo cáo tiến độ. Bạn xem con hoàn thành bao nhiêu bài, đúng bao nhiêu phần trăm."
    }
  ],
  "cta": {
    "text": "Sorokid giúp con tự học, bố mẹ bận vẫn yên tâm.",
    "buttonText": "Dùng thử miễn phí",
    "buttonLink": "/register"
  }
}