{
  "slug": "lam-sao-biet-con-hoc-soroban-dung-huong",
  "title": "Làm sao biết con đang học Soroban đúng hướng?",
  "description": "Con học được 3 tháng rồi, mình không biết tiến bộ hay chậm. Đây là cách mình quan sát và những dấu hiệu mình thấy.",
  "category": "soroban-cho-phu-huynh",
  "keywords": [
    "con học soroban có tiến bộ không",
    "dấu hiệu học soroban đúng",
    "theo dõi tiến độ học soroban"
  ],
  "status": "draft",
  "publishedAt": null,
  "createdAt": "2025-12-25",
  "image": "/blog/dau-hieu-con-hoc-soroban-dung.jpg",
  "imageAlt": "Bé gái châu Á tự tin gạt hạt Soroban với nụ cười - dấu hiệu học đúng hướng",
  "readingTime": 6,
  "content": {
    "intro": "Con học Soroban được vài tháng, mình bắt đầu lo: \"Con có tiến bộ không? Hay đang học sai?\" Mình không biết Soroban nên không đánh giá được. Sau khi tìm hiểu và quan sát, mình rút ra một số dấu hiệu để theo dõi.",
    "sections": [
      {
        "type": "heading",
        "level": 2,
        "text": "Đừng kỳ vọng kết quả ngay"
      },
      {
        "type": "paragraph",
        "text": "Điều đầu tiên mình học được: Soroban cần thời gian. 1-2 tháng đầu hầu như không thấy gì rõ rệt. Con chỉ đang làm quen với bàn tính, học cách di chuyển hạt."
      },
      {
        "type": "paragraph",
        "text": "Nếu bạn đang ở tháng thứ 2-3 và thấy \"con vẫn như cũ\", đừng lo. Đó là bình thường."
      },
      {
        "type": "heading",
        "level": 2,
        "text": "Dấu hiệu con đang học đúng hướng"
      },
      {
        "type": "heading",
        "level": 3,
        "text": "1. Con hiểu số trên bàn tính"
      },
      {
        "type": "paragraph",
        "text": "Hỏi con: \"Số 7 trông như thế nào trên bàn tính?\" Nếu con mô tả được (hoặc vẽ được) – con đang hiểu. Đây là nền tảng quan trọng nhất."
      },
      {
        "type": "paragraph",
        "text": "Mình test con bằng cách hỏi random: \"Số 13?\" \"Số 8?\" Con trả lời được là tốt."
      },
      {
        "type": "heading",
        "level": 3,
        "text": "2. Con không cần đếm ngón tay nữa"
      },
      {
        "type": "paragraph",
        "text": "Trước đây, con cộng 5+3 phải đếm tay. Sau vài tháng học Soroban, con không làm vậy nữa – con \"nhìn\" trong đầu."
      },
      {
        "type": "paragraph",
        "text": "Mình để ý điều này khi đi siêu thị. Hỏi con \"3 cái này hết bao nhiêu?\", con trả lời mà không đếm tay."
      },
      {
        "type": "heading",
        "level": 3,
        "text": "3. Tốc độ tăng dần (dù chậm)"
      },
      {
        "type": "paragraph",
        "text": "So sánh con tháng này với tháng trước. Không cần nhanh lắm, chỉ cần nhanh hơn một chút là tốt."
      },
      {
        "type": "paragraph",
        "text": "Nếu dùng app, xem thời gian hoàn thành bài. Giảm từ 5 phút xuống 3 phút là tiến bộ."
      },
      {
        "type": "heading",
        "level": 3,
        "text": "4. Con bắt đầu \"nhìn lên trời\" khi tính"
      },
      {
        "type": "paragraph",
        "text": "Đây là dấu hiệu con đang hình dung bàn tính trong đầu. Khi hỏi phép tính, con nhìn lên (hoặc nhắm mắt) để \"thấy\" bàn tính – thay vì cúi xuống đếm."
      },
      {
        "type": "paragraph",
        "text": "Mình thấy con làm vậy sau khoảng 4-5 tháng. Đó là lúc mình biết \"ồ, có gì đang thay đổi trong đầu con\"."
      },
      {
        "type": "heading",
        "level": 3,
        "text": "5. Con vẫn thích học (hoặc ít nhất không ghét)"
      },
      {
        "type": "paragraph",
        "text": "Nếu con tự mở app, không cần nhắc nhiều – đó là dấu hiệu tốt. Nếu con phản kháng, khóc lóc mỗi lần học – có thể cần xem lại."
      },
      {
        "type": "paragraph",
        "text": "Không cần con \"say mê\" Soroban. Chỉ cần con không ghét là được."
      },
      {
        "type": "callout",
        "style": "empathy",
        "text": "Tiến bộ của mỗi con khác nhau. Con bạn có thể chậm hơn con nhà người ta – và điều đó hoàn toàn bình thường. So sánh con với chính con ngày hôm qua, không phải với ai khác."
      },
      {
        "type": "heading",
        "level": 2,
        "text": "Dấu hiệu cần xem xét lại"
      },
      {
        "type": "paragraph",
        "text": "Có một số dấu hiệu cho thấy có thể cần điều chỉnh:"
      },
      {
        "type": "list",
        "items": [
          "**Sau 3-4 tháng, con vẫn không nhận ra số trên bàn tính:** Có thể cách học chưa phù hợp",
          "**Con ghét mỗi lần phải học:** Có thể đang bị ép quá mức",
          "**Con học để đối phó, không hiểu:** Có thể cần giảm tốc độ",
          "**Tốc độ không tăng sau nhiều tháng:** Có thể cần xem lại phương pháp"
        ]
      },
      {
        "type": "paragraph",
        "text": "Nếu thấy những dấu hiệu này, không có nghĩa là \"thất bại\". Có thể chỉ cần điều chỉnh: giảm thời gian học, đổi app, hoặc nghỉ một thời gian rồi thử lại."
      },
      {
        "type": "heading",
        "level": 2,
        "text": "Cách mình theo dõi tiến độ con"
      },
      {
        "type": "paragraph",
        "text": "Mình không giỏi Soroban nên không thể \"kiểm tra\" con. Thay vào đó, mình làm như này:"
      },
      {
        "type": "list",
        "items": [
          "**Xem báo cáo trên app:** Sorokid có mục theo dõi – mình xem con học đến bài nào, đúng bao nhiêu %",
          "**Hỏi random khi đi đường:** \"Mẹ mua 3 cái bánh 15k, hết bao nhiêu?\" – xem con trả lời thế nào",
          "**So sánh với tháng trước:** Tháng trước con làm bài 5 phút, tháng này 3 phút – tốt!",
          "**Hỏi con cảm nhận:** \"Con thấy dễ hơn tháng trước không?\" – con tự nhận xét"
        ]
      },
      {
        "type": "heading",
        "level": 2,
        "text": "Những mốc tiến bộ mình quan sát từ con"
      },
      {
        "type": "paragraph",
        "text": "Để bạn có hình dung, đây là tiến trình của con mình (mỗi con có thể khác):"
      },
      {
        "type": "list",
        "items": [
          "**Tháng 1-2:** Làm quen, biết đọc số trên bàn tính",
          "**Tháng 3-4:** Tính được số 1 chữ số mà không cần đếm tay",
          "**Tháng 5-6:** Bắt đầu hình dung bàn tính trong đầu",
          "**Tháng 7-9:** Tính nhẩm được số 2 chữ số",
          "**Tháng 10-12:** Tốc độ nhanh hơn, tự tin hơn"
        ]
      },
      {
        "type": "paragraph",
        "text": "Con mình không phải nhanh nhất. Nhưng con tiến bộ đều – và thế là đủ."
      },
      {
        "type": "callout",
        "style": "reassurance",
        "text": "Đừng quá lo lắng về \"con có đúng hướng không\". Nếu con vẫn học đều, không ghét, và bạn thấy những dấu hiệu nhỏ (không đếm tay, nhìn lên khi tính) – con đang ổn. Kiên nhẫn thêm một chút."
      }
    ]
  },
  "faq": [
    {
      "question": "Con học 3 tháng mà chưa thấy tiến bộ, có bình thường không?",
      "answer": "Bình thường. 3 tháng đầu chủ yếu là làm quen. Tiến bộ rõ rệt thường từ tháng thứ 4-6 trở đi."
    },
    {
      "question": "Làm sao biết con đang \"học vẹt\" hay thực sự hiểu?",
      "answer": "Hỏi con giải thích: \"Tại sao 7+5=12?\" Nếu con mô tả được bằng bàn tính (\"5 thêm 5 là 10, còn 2 là 12\") – con hiểu. Nếu chỉ đọc thuộc – có thể cần xem lại."
    },
    {
      "question": "Nên kiểm tra con bao lâu một lần?",
      "answer": "Mỗi tháng một lần là đủ. Đừng kiểm tra hàng ngày – sẽ tạo áp lực cho con."
    },
    {
      "question": "Con tiến bộ chậm hơn bạn khác, có sao không?",
      "answer": "Không sao. Mỗi con khác nhau. Quan trọng là con tiến bộ so với chính con, không phải so với ai khác."
    }
  ],
  "cta": {
    "text": "Sorokid có tính năng theo dõi tiến độ chi tiết, giúp bạn biết con đang ở đâu mà không cần hiểu Soroban.",
    "buttonText": "Xem tính năng",
    "buttonLink": "/learn"
  },
  "categoryOrder": 1,
  "order": 22
}