{
  "slug": "lam-sao-de-con-hoc-toan-khong-ap-luc",
  "title": "Con học toán mà không khóc – hóa ra có thể",
  "description": "Trước đây mình không tin. Học mà không ép thì con có tự giác không? Nhưng sau khi thử thay đổi cách tiếp cận, mình thấy: có thể.",
  "category": "cach-giup-con-hoc-toan-nhe-nhang",
  "keywords": [
    "học toán không áp lực",
    "con học toán không căng thẳng",
    "cách học toán nhẹ nhàng"
  ],
  "status": "published",
  "publishedAt": "2025-12-25T02:37:20.058Z",
  "createdAt": "2025-12-25",
  "image": "/blog/con-hoc-toan-khong-ap-luc.jpg",
  "readingTime": 5,
  "content": {
    "intro": "Có người nói với mình: \"Không ép thì con không học.\" Mình cũng từng tin vậy. Nên mình ép. Rồi con khóc. Mình cũng khóc. Cho đến một hôm mình quyết định thử khác đi.",
    "sections": [
      {
        "type": "heading",
        "level": 2,
        "text": "Cái vòng luẩn quẩn"
      },
      {
        "type": "paragraph",
        "text": "Trước đây, buổi tối của nhà mình thường như này: Mình bảo con ngồi học. Con kêu mệt. Mình nói vài câu. Con khóc. Mình nóng giận. Cuối cùng cả hai đều kiệt sức, mà bài cũng chẳng xong."
      },
      {
        "type": "paragraph",
        "text": "Mình nghĩ: \"Không ép thì con lười.\" Nhưng càng ép, con càng ghét. Càng ghét, càng không muốn học. Đó là cái vòng luẩn quẩn mình mắc kẹt trong đó cả năm trời."
      },
      {
        "type": "heading",
        "level": 2,
        "text": "Mình thử thay đổi"
      },
      {
        "type": "paragraph",
        "text": "Một hôm mình quyết định: thôi, không ép nữa. Thay vào đó, mình thử mấy thứ:"
      },
      {
        "type": "paragraph",
        "text": "**1. Cho con học theo tốc độ riêng**"
      },
      {
        "type": "paragraph",
        "text": "Mình không so với bạn bè nữa. Con cần bao nhiêu thời gian thì dùng bấy nhiêu. Chậm mà hiểu còn hơn nhanh mà không nhớ gì."
      },
      {
        "type": "paragraph",
        "text": "**2. Cho phép con sai**"
      },
      {
        "type": "paragraph",
        "text": "Mình không phản ứng khi con sai nữa. Không thở dài, không lắc đầu. Chỉ nói: \"Không sao, con thử lại xem.\" Con đỡ sợ, dám thử hơn."
      },
      {
        "type": "paragraph",
        "text": "**3. Chia nhỏ thời gian**"
      },
      {
        "type": "paragraph",
        "text": "Thay vì ép ngồi 1-2 tiếng, mình cho con học 15-20 phút rồi nghỉ. Ngắn nhưng tập trung, tốt hơn dài mà lơ đãng."
      },
      {
        "type": "paragraph",
        "text": "**4. Khen sự cố gắng**"
      },
      {
        "type": "paragraph",
        "text": "Mình không chỉ khen khi đúng. \"Con ngồi tập trung tốt đó.\" \"Con không bỏ cuộc, giỏi.\" Khen sự cố gắng, không chỉ kết quả."
      },
      {
        "type": "paragraph",
        "text": "**5. Biến học thành trò chơi**"
      },
      {
        "type": "paragraph",
        "text": "Mình cho con dùng ứng dụng có điểm, có phần thưởng. Con thích vì giống chơi game. Mà kiến thức vẫn là thật."
      },
      {
        "type": "callout",
        "style": "empathy",
        "text": "Nếu bạn đang lo \"Không ép thì con không học\" – mình hiểu. Mình cũng lo vậy. Nhưng thử đổi cách tiếp cận trong 2 tuần xem. Có thể bạn sẽ ngạc nhiên."
      },
      {
        "type": "heading",
        "level": 2,
        "text": "Kết quả thì sao?"
      },
      {
        "type": "paragraph",
        "text": "Con không bỗng nhiên giỏi toán. Nhưng con đỡ sợ. Con dám thử, dám sai, dám hỏi. Buổi tối không còn là \"trận chiến\" nữa."
      },
      {
        "type": "paragraph",
        "text": "Mình không biết điểm số có tăng không. Nhưng mình biết: con không ghét toán – và với mình, thế là tiến bộ."
      },
      {
        "type": "heading",
        "level": 2,
        "text": "Học không áp lực không có nghĩa là bỏ mặc"
      },
      {
        "type": "paragraph",
        "text": "Mình vẫn tạo thói quen học tập cho con. Vẫn có giờ cố định mỗi ngày. Vẫn theo dõi tiến độ. Chỉ là mình không ngồi cạnh la mắng nữa."
      },
      {
        "type": "paragraph",
        "text": "Con dùng Sorokid để tự học. Ứng dụng hướng dẫn từng bước, sai thì thử lại, không ai la. Mình xem con học đến đâu qua app, rồi động viên."
      },
      {
        "type": "paragraph",
        "text": "\"Không áp lực\" không có nghĩa là \"không kỷ luật.\" Chỉ là kỷ luật theo cách nhẹ nhàng hơn."
      },
      {
        "type": "callout",
        "style": "reassurance",
        "text": "Con bạn hoàn toàn có thể học toán mà không cần khóc, la hét, hay căng thẳng mỗi tối. Chỉ cần tìm đúng cách và đúng công cụ."
      }
    ]
  },
  "faq": [
    {
      "question": "Không ép con học thì con có tự giác không?",
      "answer": "Ban đầu vẫn cần tạo thói quen. Nhưng thay vì ép, mình dùng khuyến khích và tạo hứng thú. Dần dần con sẽ tự giác hơn."
    },
    {
      "question": "Con hay nản khi gặp bài khó, phải làm sao?",
      "answer": "Chia bài khó thành từng bước nhỏ. Khen con mỗi khi hoàn thành một bước. Cho con biết gặp khó là bình thường."
    },
    {
      "question": "Học qua game có thực sự hiệu quả không?",
      "answer": "Có, nếu game được thiết kế tốt. Các yếu tố như điểm số, phần thưởng giúp trẻ ghi nhớ tốt hơn và duy trì động lực."
    },
    {
      "question": "Bao lâu thì thấy con tiến bộ?",
      "answer": "Tùy từng trẻ. Thường sau 2-4 tuần với phương pháp phù hợp, con sẽ tự tin hơn và ít sợ toán hơn. Điểm số có thể cần thêm thời gian."
    }
  ],
  "cta": {
    "text": "Muốn con học toán không áp lực? Thử Sorokid – con tự học theo hướng dẫn, không ai la khi sai.",
    "buttonText": "Thử xem",
    "buttonLink": "/register"
  },
  "imageAlt": "Mẹ con châu Á vui vẻ - học toán không áp lực",
  "categoryOrder": 4,
  "order": 1
}