{
  "slug": "lam-sao-de-con-tu-giac-hoc-toan",
  "title": "5 cách mình làm để con tự giác học toán mà không cần nhắc",
  "description": "Từ chỗ phải nhắc 10 lần, giờ con tự mở app học. Mình chia sẻ những gì đã làm.",
  "category": "cach-giup-con-hoc-toan-nhe-nhang",
  "keywords": [
    "con tự giác học",
    "dạy con kỷ luật",
    "không cần nhắc học"
  ],
  "status": "draft",
  "publishedAt": null,
  "createdAt": "2025-12-25",
  "image": "/blog/be-tu-giac.jpg",
  "imageAlt": "Bé châu Á tự ngồi học bài không cần nhắc",
  "readingTime": 6,
  "categoryOrder": 4,
  "order": 17,
  "content": {
    "intro": "\"Con ơi, học đi! Học chưa? Học đi!\" – Mình nói cả chục lần mỗi tối. Mệt. Rồi mình quyết tâm tìm cách để con TỰ học.",
    "sections": [
      {
        "type": "heading",
        "level": 2,
        "text": "5 cách mình đã làm"
      },
      {
        "type": "paragraph",
        "text": "**1. Giờ cố định, không thương lượng:** 7h sáng là giờ học. Mưa gió, nghỉ hè, Tết đều như nhau. Không có ngoại lệ."
      },
      {
        "type": "paragraph",
        "text": "**2. Để con tự chọn thời điểm:** Mình cho con chọn: \"7h sáng hay 7h tối?\" Con chọn sáng. Vì con được chọn nên con cam kết hơn."
      },
      {
        "type": "paragraph",
        "text": "**3. Không thưởng bằng vật chất:** Mình không nói \"học xong mẹ mua đồ chơi\". Mình chỉ khen: \"Con tự giác quá, mẹ tự hào!\""
      },
      {
        "type": "paragraph",
        "text": "**4. Dùng app có tính nhất quán:** Sorokid có streak (chuỗi ngày học liên tục). Con không muốn mất streak nên tự học."
      },
      {
        "type": "paragraph",
        "text": "**5. Không nhắc quá 1 lần:** Mình chỉ nói: \"Giờ học rồi nha.\" Nếu con không làm, mình không la, chỉ ghi nhận. Ngày mai thử lại."
      },
      {
        "type": "callout",
        "style": "empathy",
        "text": "Tự giác không đến trong 1 ngày. Mất 3-4 tuần kiên nhẫn. Nhưng một khi thành thói quen, bạn sẽ nhẹ nhõm."
      },
      {
        "type": "heading",
        "level": 2,
        "text": "Sai lầm mình từng mắc"
      },
      {
        "type": "paragraph",
        "text": "- Nhắc quá nhiều lần → con \"nhờn\".\n- Dọa \"không học thì...\" → con sợ, không tự giác.\n- Thưởng liên tục → con học vì phần thưởng, không phải vì thói quen."
      },
      {
        "type": "heading",
        "level": 2,
        "text": "Bây giờ"
      },
      {
        "type": "paragraph",
        "text": "Sáng dậy, con tự đi đánh răng, rồi tự mở Sorokid. Mình không nói gì. Con làm vì đó là thói quen."
      },
      {
        "type": "callout",
        "style": "reassurance",
        "text": "Tự giác là kỹ năng. Kỹ năng thì rèn được. Kiên nhẫn, nhất quán, và đúng phương pháp."
      }
    ]
  },
  "faq": [
    {
      "question": "Bao lâu để con tự giác?",
      "answer": "Trung bình 21-30 ngày. Có trẻ nhanh hơn, có trẻ chậm hơn. Quan trọng là nhất quán."
    },
    {
      "question": "Nếu con vẫn không tự giác thì sao?",
      "answer": "Xem lại: giờ học có quá khó? Thời gian có quá dài? Cách học có nhàm chán? Điều chỉnh rồi thử lại."
    }
  ],
  "cta": {
    "text": "Sorokid có streak giúp con duy trì thói quen học mỗi ngày.",
    "buttonText": "Cho con bắt đầu",
    "buttonLink": "/register"
  }
}