{
  "slug": "lo-trinh-hoc-soroban-cho-tre",
  "title": "Lộ trình học Soroban cho trẻ – Từ zero đến tính nhẩm",
  "description": "Học Soroban bao lâu? Nên bắt đầu từ đâu? Bài này chia sẻ lộ trình học Soroban hoàn chỉnh cho trẻ từ 5-12 tuổi.",
  "category": "soroban-cho-phu-huynh",
  "keywords": [
    "lộ trình học soroban",
    "học soroban bao lâu",
    "khi nào cho con học soroban",
    "các cấp độ soroban"
  ],
  "status": "draft",
  "publishedAt": null,
  "createdAt": "2025-12-25",
  "image": "/blog/lo-trinh-hoc-soroban-tre-em.jpg",
  "imageAlt": "Bé châu Á đang học Soroban theo từng cấp độ từ dễ đến khó",
  "readingTime": 8,
  "content": {
    "intro": "Nhiều phụ huynh hỏi: Con học Soroban bao lâu? Bắt đầu từ đâu? Bài này chia sẻ lộ trình học Soroban hoàn chỉnh mà mình đã theo cùng con.",
    "sections": [
      {
        "type": "heading",
        "level": 2,
        "text": "Độ tuổi bắt đầu học Soroban"
      },
      {
        "type": "table",
        "headers": [
          "Độ tuổi",
          "Đánh giá",
          "Ghi chú"
        ],
        "rows": [
          [
            "4-5 tuổi",
            "Sớm",
            "Làm quen, chơi nhiều hơn học. Kỹ năng vận động chưa ổn."
          ],
          [
            "6-7 tuổi",
            "Lý tưởng",
            "Tập trung được 15-20 phút. Đang học số ở trường."
          ],
          [
            "8-10 tuổi",
            "Vẫn tốt",
            "Hiểu nhanh hơn. Có thể học nâng cao sớm."
          ],
          [
            "11+ tuổi",
            "Muộn hơn",
            "Vẫn học được nhưng cần nhiều thời gian hơn để hình thành \"phản xạ\"."
          ]
        ]
      },
      {
        "type": "callout",
        "style": "info",
        "text": "Độ tuổi \"vàng\" là 6-8 tuổi. Nhưng không có gì là quá muộn. Người lớn vẫn học được Soroban."
      },
      {
        "type": "heading",
        "level": 2,
        "text": "Lộ trình học Soroban hoàn chỉnh"
      },
      {
        "type": "heading",
        "level": 3,
        "text": "Giai đoạn 1: Làm quen (1-2 tháng)"
      },
      {
        "type": "list",
        "items": [
          "Cấu tạo bàn tính: thanh ngang, hạt trời, hạt đất",
          "Cách cầm và tư thế ngồi",
          "Biểu diễn số 0-9 trên 1 cột",
          "Biểu diễn số hàng chục, trăm"
        ]
      },
      {
        "type": "paragraph",
        "text": "**Mục tiêu:** Con thoải mái với bàn tính, biết biểu diễn số."
      },
      {
        "type": "heading",
        "level": 3,
        "text": "Giai đoạn 2: Cộng trừ đơn giản (2-3 tháng)"
      },
      {
        "type": "list",
        "items": [
          "Phép cộng không nhớ (1+2, 3+4)",
          "Phép trừ không mượn (7-2, 9-5)",
          "Luyện với số 1-2 chữ số"
        ]
      },
      {
        "type": "paragraph",
        "text": "**Mục tiêu:** Con cộng trừ đơn giản thành thạo."
      },
      {
        "type": "heading",
        "level": 3,
        "text": "Giai đoạn 3: Quy tắc Bạn của 5 (2-3 tháng)"
      },
      {
        "type": "list",
        "items": [
          "Hiểu khái niệm \"Bạn của 5\"",
          "Cộng có nhớ trong 1 cột (3+4, 2+3)",
          "Trừ có mượn trong 1 cột (6-4, 7-3)"
        ]
      },
      {
        "type": "paragraph",
        "text": "**Mục tiêu:** Con thuần thục quy tắc Bạn của 5."
      },
      {
        "type": "heading",
        "level": 3,
        "text": "Giai đoạn 4: Quy tắc Bạn của 10 (2-3 tháng)"
      },
      {
        "type": "list",
        "items": [
          "Hiểu khái niệm \"Bạn của 10\"",
          "Cộng có nhớ sang cột bên trái (8+5, 7+6)",
          "Trừ có mượn từ cột bên trái (13-5, 15-7)"
        ]
      },
      {
        "type": "paragraph",
        "text": "**Mục tiêu:** Con thuần thục quy tắc Bạn của 10."
      },
      {
        "type": "heading",
        "level": 3,
        "text": "Giai đoạn 5: Cộng trừ nâng cao (3-4 tháng)"
      },
      {
        "type": "list",
        "items": [
          "Kết hợp Bạn của 5 + Bạn của 10",
          "Cộng trừ số 3-4 chữ số",
          "Cộng trừ liên tiếp nhiều số"
        ]
      },
      {
        "type": "paragraph",
        "text": "**Mục tiêu:** Con cộng trừ số lớn thành thạo."
      },
      {
        "type": "heading",
        "level": 3,
        "text": "Giai đoạn 6: Phép nhân (3-6 tháng)"
      },
      {
        "type": "list",
        "items": [
          "Thuộc bảng cửu chương (nếu chưa)",
          "Nhân 1 chữ số × 1 chữ số",
          "Nhân 2 chữ số × 1 chữ số",
          "Nhân 2 chữ số × 2 chữ số"
        ]
      },
      {
        "type": "paragraph",
        "text": "**Mục tiêu:** Con nhân số 2 chữ số thành thạo."
      },
      {
        "type": "heading",
        "level": 3,
        "text": "Giai đoạn 7: Phép chia (3-6 tháng)"
      },
      {
        "type": "list",
        "items": [
          "Chia hết, số nhỏ",
          "Chia có dư",
          "Chia số 2-3 chữ số cho số 1-2 chữ số"
        ]
      },
      {
        "type": "paragraph",
        "text": "**Mục tiêu:** Con chia số đơn giản thành thạo."
      },
      {
        "type": "heading",
        "level": 3,
        "text": "Giai đoạn 8: Anzan - Tính nhẩm (6-12+ tháng)"
      },
      {
        "type": "list",
        "items": [
          "Hình dung Soroban trong đầu",
          "Cộng trừ trong đầu",
          "Flash Anzan",
          "Nhân chia trong đầu (nâng cao)"
        ]
      },
      {
        "type": "paragraph",
        "text": "**Mục tiêu:** Con tính nhẩm nhanh không cần bàn tính."
      },
      {
        "type": "heading",
        "level": 2,
        "text": "Tổng thời gian học"
      },
      {
        "type": "table",
        "headers": [
          "Mục tiêu",
          "Thời gian ước tính",
          "Tần suất luyện"
        ],
        "rows": [
          [
            "Cộng trừ cơ bản",
            "3-6 tháng",
            "15-20 phút/ngày"
          ],
          [
            "Cộng trừ thành thạo",
            "8-12 tháng",
            "15-20 phút/ngày"
          ],
          [
            "4 phép tính cơ bản",
            "18-24 tháng",
            "20-30 phút/ngày"
          ],
          [
            "Anzan cơ bản",
            "24-36 tháng",
            "20-30 phút/ngày"
          ],
          [
            "Anzan thành thạo",
            "36-48+ tháng",
            "30+ phút/ngày"
          ]
        ]
      },
      {
        "type": "heading",
        "level": 2,
        "text": "Mẹo cho phụ huynh"
      },
      {
        "type": "list",
        "items": [
          "**Đều đặn quan trọng hơn nhiều:** 15 phút mỗi ngày tốt hơn 2 tiếng 1 lần/tuần",
          "**Không so sánh:** Mỗi trẻ có tốc độ khác nhau",
          "**Nghỉ ngơi khi cần:** Nếu con chán, nghỉ vài ngày rồi quay lại",
          "**Khen ngợi tiến bộ:** Dù nhỏ, mỗi bước tiến đều đáng khen",
          "**Học cùng con:** Phụ huynh hiểu Soroban sẽ hỗ trợ con tốt hơn"
        ]
      },
      {
        "type": "callout",
        "style": "reassurance",
        "text": "Lộ trình này là tham khảo. Mỗi trẻ khác nhau. Có con học nhanh hơn, có con chậm hơn. Quan trọng là con vui và tiến bộ."
      },
      {
        "type": "paragraph",
        "text": "Mình dùng Sorokid để theo dõi tiến độ học của con. App ghi nhận mỗi bài con làm, mình biết con đang ở giai đoạn nào."
      }
    ]
  },
  "faq": [
    {
      "question": "Con 10 tuổi mới bắt đầu học có muộn không?",
      "answer": "Không muộn. Trẻ lớn hiểu nhanh hơn, có thể học cấp tốc các giai đoạn đầu. Chỉ cần luyện đều đặn."
    },
    {
      "question": "Học Soroban bao lâu thì thấy hiệu quả?",
      "answer": "Thường sau 3-6 tháng, con đã cộng trừ nhanh hơn bạn bè không học Soroban. Hiệu quả rõ sau 1 năm."
    },
    {
      "question": "Có cần học hết các giai đoạn không?",
      "answer": "Không bắt buộc. Nhiều trẻ dừng sau giai đoạn 5 (cộng trừ thành thạo) và đã đủ lợi ích. Anzan là \"nâng cao\"."
    },
    {
      "question": "Con không muốn học nữa ở giữa chừng, phải làm sao?",
      "answer": "Bình thường. Cho con nghỉ vài tuần, sau đó quay lại với bài dễ hơn. Hoặc thử hình thức khác (app thay vì bàn tính thật)."
    }
  ],
  "cta": {
    "text": "Sorokid có lộ trình học rõ ràng, tự động điều chỉnh theo trình độ của con, giúp phụ huynh dễ theo dõi.",
    "buttonText": "Cho con bắt đầu",
    "buttonLink": "/register"
  },
  "categoryOrder": 1,
  "order": 15
}