{
  "slug": "may-tuoi-cho-con-hoc-soroban-la-phu-hop",
  "title": "Con mấy tuổi thì nên học Soroban? Mình đã tìm hiểu thế này",
  "description": "Mình từng hỏi: 5 tuổi hay 7 tuổi? Sớm quá có hại không? Muộn quá có kịp không? Đây là những gì mình tìm hiểu được.",
  "category": "soroban-cho-phu-huynh",
  "keywords": [
    "mấy tuổi học soroban",
    "độ tuổi học soroban",
    "con bao nhiêu tuổi học soroban"
  ],
  "status": "draft",
  "publishedAt": null,
  "createdAt": "2025-12-25",
  "image": "/blog/do-tuoi-phu-hop-hoc-soroban.jpg",
  "imageAlt": "Bé 5-6 tuổi châu Á vui vẻ cầm bàn tính Soroban",
  "readingTime": 6,
  "content": {
    "intro": "Khi mình bắt đầu tìm hiểu Soroban cho con, câu hỏi đầu tiên là: \"Con mình 6 tuổi, học được chưa?\" Mình đọc nhiều nguồn, hỏi nhiều người, và đây là những gì mình hiểu được – hy vọng giúp bạn bớt hoang mang như mình ngày trước.",
    "sections": [
      {
        "type": "heading",
        "level": 2,
        "text": "Không có con số \"chuẩn\" cho tất cả"
      },
      {
        "type": "paragraph",
        "text": "Mình từng nghĩ có một độ tuổi \"vàng\" – kiểu như 6 tuổi là hoàn hảo, 5 tuổi thì sớm, 8 tuổi thì muộn. Nhưng thực tế không đơn giản vậy."
      },
      {
        "type": "paragraph",
        "text": "Mỗi con khác nhau. Có bé 5 tuổi đã ngồi tập trung được 15 phút, có bé 7 tuổi vẫn chưa quen. Độ tuổi chỉ là một yếu tố, không phải yếu tố quyết định."
      },
      {
        "type": "heading",
        "level": 2,
        "text": "Những gì mình tìm hiểu được về từng độ tuổi"
      },
      {
        "type": "heading",
        "level": 3,
        "text": "4-5 tuổi: Có thể làm quen, nhưng đừng kỳ vọng cao"
      },
      {
        "type": "paragraph",
        "text": "Ở tuổi này, con có thể học nhận biết số trên bàn tính, di chuyển hạt cho vui. Nhưng khả năng tập trung còn ngắn (5-10 phút), và con chưa hiểu khái niệm trừu tượng."
      },
      {
        "type": "paragraph",
        "text": "Nếu con thích – tốt. Nếu con không hứng thú – đừng ép. Có thể thử lại sau 6-12 tháng."
      },
      {
        "type": "heading",
        "level": 3,
        "text": "6-7 tuổi: Nhiều người cho là \"giai đoạn vàng\""
      },
      {
        "type": "paragraph",
        "text": "Lúc này con đã:"
      },
      {
        "type": "list",
        "items": [
          "Biết đếm và hiểu khái niệm số",
          "Tập trung được 15-20 phút",
          "Bắt đầu học toán ở trường nên có nền tảng",
          "Não đang phát triển mạnh khả năng tư duy hình ảnh"
        ]
      },
      {
        "type": "paragraph",
        "text": "Con mình bắt đầu học lúc 6 tuổi rưỡi. Mình thấy phù hợp – con hiểu được hướng dẫn, và có thể tự học trên app mà không cần mình ngồi cạnh suốt."
      },
      {
        "type": "heading",
        "level": 3,
        "text": "8-10 tuổi: Không muộn, có khi còn nhanh hơn"
      },
      {
        "type": "paragraph",
        "text": "Mình từng lo \"con lớp 3 rồi, có muộn không?\" Nhưng thực tế, trẻ lớn hơn có ưu điểm:"
      },
      {
        "type": "list",
        "items": [
          "Hiểu khái niệm nhanh hơn",
          "Tự giác học tốt hơn",
          "Đã có nền tảng toán từ trường",
          "Tập trung được lâu hơn"
        ]
      },
      {
        "type": "paragraph",
        "text": "Có bạn của con mình bắt đầu học Soroban lúc lớp 4, sau 6 tháng đã tính nhẩm tốt hơn những bạn học từ lớp 1."
      },
      {
        "type": "heading",
        "level": 3,
        "text": "Trên 10 tuổi: Vẫn học được, nhưng cần kiên nhẫn hơn"
      },
      {
        "type": "paragraph",
        "text": "Não trẻ lớn đã quen với cách tính thông thường, nên cần thời gian \"chuyển đổi\" sang tư duy hình ảnh của Soroban. Không phải không học được, chỉ là cần kiên nhẫn hơn."
      },
      {
        "type": "callout",
        "style": "empathy",
        "text": "Nếu con bạn đã lớp 4, lớp 5 – đừng lo \"muộn quá\". Muộn còn hơn không. Và trẻ lớn thường có động lực rõ ràng hơn khi quyết định học."
      },
      {
        "type": "heading",
        "level": 2,
        "text": "Dấu hiệu con sẵn sàng học Soroban"
      },
      {
        "type": "paragraph",
        "text": "Thay vì hỏi \"con mấy tuổi\", mình nghĩ nên hỏi \"con có những dấu hiệu này chưa?\":"
      },
      {
        "type": "list",
        "items": [
          "**Biết đếm từ 1-20:** Hiểu được số, không chỉ đọc như bài hát",
          "**Ngồi tập trung được 10-15 phút:** Không cần lâu, nhưng cần liên tục",
          "**Làm theo hướng dẫn từng bước:** Hiểu \"trước tiên làm A, sau đó làm B\"",
          "**Có hứng thú với số hoặc trò chơi logic:** Thích đếm, thích xếp hình",
          "**Không bị ép:** Quan trọng nhất – con muốn thử, không phải bị bắt"
        ]
      },
      {
        "type": "heading",
        "level": 2,
        "text": "Cách mình đã thử với con"
      },
      {
        "type": "paragraph",
        "text": "Mình không biết con có phù hợp không, nên mình thử theo cách này:"
      },
      {
        "type": "list",
        "items": [
          "Cho con xem video về Soroban – xem con có tò mò không",
          "Thử bản dùng thử miễn phí của một app – xem con có chịu ngồi học không",
          "Quan sát 1-2 tuần – con có tự mở app không, hay phải nhắc mãi",
          "Nếu con thích → tiếp tục. Nếu con không hứng → dừng, thử lại sau"
        ]
      },
      {
        "type": "paragraph",
        "text": "Con mình thử Sorokid, tuần đầu còn lạ, nhưng sau đó tự mở app mỗi tối. Mình biết là phù hợp."
      },
      {
        "type": "heading",
        "level": 2,
        "text": "Điều mình muốn nói với bạn"
      },
      {
        "type": "paragraph",
        "text": "Đừng quá lo về con số tuổi. 5 tuổi hay 8 tuổi đều có thể học được. Quan trọng là:"
      },
      {
        "type": "list",
        "items": [
          "Con sẵn sàng (có các dấu hiệu ở trên)",
          "Con muốn thử (không bị ép)",
          "Bạn kiên nhẫn (không kỳ vọng kết quả ngay)"
        ]
      },
      {
        "type": "paragraph",
        "text": "Soroban không phải cuộc đua. Bắt đầu sớm không đảm bảo giỏi hơn. Bắt đầu muộn không có nghĩa là thua."
      },
      {
        "type": "callout",
        "style": "reassurance",
        "text": "Nếu con bạn đang ở độ tuổi 5-10 và bạn đang cân nhắc, hãy thử. Không cần cam kết gì lớn – chỉ cần để con trải nghiệm và xem phản ứng."
      }
    ]
  },
  "faq": [
    {
      "question": "Con 4 tuổi có học Soroban được không?",
      "answer": "Có thể cho con làm quen, nhưng đừng kỳ vọng cao. Ở tuổi này, con chủ yếu chơi với bàn tính, nhận biết số. Nếu con không hứng thú, hãy thử lại sau 1-2 năm."
    },
    {
      "question": "Con lớp 5 rồi, có muộn quá không?",
      "answer": "Không muộn. Trẻ lớn hơn có thể tiếp thu nhanh hơn vì đã có nền tảng toán và khả năng tập trung tốt hơn. Nhiều trẻ bắt đầu muộn vẫn đạt kết quả tốt."
    },
    {
      "question": "Làm sao biết con sẵn sàng?",
      "answer": "Xem con có thể ngồi tập trung 10-15 phút không, có hiểu hướng dẫn từng bước không, và quan trọng nhất – con có tò mò muốn thử không."
    },
    {
      "question": "Học sớm có lợi thế gì không?",
      "answer": "Não trẻ nhỏ dễ tiếp nhận tư duy hình ảnh hơn. Nhưng học sớm mà bị ép, không hứng thú thì lợi ích cũng mất. Quan trọng là con sẵn sàng và muốn học."
    }
  ],
  "cta": {
    "text": "Nếu bạn muốn xem con có phù hợp không, Sorokid có bản dùng thử miễn phí. Thử vài ngày, quan sát con, rồi quyết định.",
    "buttonText": "Cho con thử",
    "buttonLink": "/register"
  },
  "categoryOrder": 1,
  "order": 16
}