{
  "slug": "minh-phan-van-kumon-hay-soroban",
  "title": "Mình từng mất cả tuần phân vân giữa Kumon và Soroban",
  "description": "Hỏi ai cũng nói phương pháp đó tốt. Mình không biết tin ai. Đây là cách mình quyết định cuối cùng.",
  "category": "soroban-cho-phu-huynh",
  "keywords": [
    "kumon hay soroban",
    "so sánh kumon soroban",
    "chọn phương pháp học toán"
  ],
  "status": "draft",
  "publishedAt": null,
  "createdAt": "2025-12-25",
  "image": "/blog/phan-van-kumon-soroban.jpg",
  "imageAlt": "Mẹ châu Á đang suy nghĩ bên cạnh con gái",
  "readingTime": 7,
  "categoryOrder": 1,
  "order": 24,
  "content": {
    "intro": "\"Kumon hay Soroban?\" – Mình Google câu này chắc cả chục lần. Đọc bài nào cũng thấy hay, review nào cũng 5 sao. Mình rối hơn. Phải mất cả tuần suy nghĩ, mình mới chọn được.",
    "sections": [
      {
        "type": "heading",
        "level": 2,
        "text": "Lần đầu nghe về hai cái tên này"
      },
      {
        "type": "paragraph",
        "text": "Chị đồng nghiệp mình cho con học Kumon. Chị khen lắm: \"Con chị giờ làm bài nhanh lắm, ngày nào cũng làm worksheet.\" Mình note lại: Kumon."
      },
      {
        "type": "paragraph",
        "text": "Rồi mẹ bạn học của con mình lại khoe: \"Thằng nhà tôi học Soroban, giờ tính nhẩm nhanh hơn cả tôi.\" Mình note tiếp: Soroban."
      },
      {
        "type": "paragraph",
        "text": "Hai cái tên, hai người khen. Mình bắt đầu tìm hiểu."
      },
      {
        "type": "heading",
        "level": 2,
        "text": "Mình hiểu được gì về Kumon?"
      },
      {
        "type": "paragraph",
        "text": "Kumon là phương pháp từ Nhật. Con làm bài tập giấy mỗi ngày, bắt đầu từ rất dễ, tăng dần. Đến trung tâm 2 buổi/tuần để nộp bài."
      },
      {
        "type": "paragraph",
        "text": "Mình thích ý tưởng: lặp đi lặp lại đến khi thành thạo. Nhưng mình lo: phải đưa đón 2 buổi/tuần. Với lịch làm của vợ chồng mình, hơi căng."
      },
      {
        "type": "heading",
        "level": 2,
        "text": "Còn Soroban?"
      },
      {
        "type": "paragraph",
        "text": "Soroban cũng từ Nhật, nhưng dùng bàn tính. Con di chuyển hạt để tính toán. Sau một thời gian, con hình dung bàn tính trong đầu và tính nhẩm."
      },
      {
        "type": "paragraph",
        "text": "Điểm mình thích: có thể học online qua app. Không cần đưa đón. Con gái mình học qua hình ảnh tốt hơn học qua chữ, nên mình nghĩ Soroban có thể hợp."
      },
      {
        "type": "heading",
        "level": 2,
        "text": "Cái khiến mình đắn đo nhất"
      },
      {
        "type": "paragraph",
        "text": "**Chi phí:** Kumon khoảng 1.5-2 triệu/tháng. Soroban online khoảng 200-400k. Chênh lệch gấp 5 lần."
      },
      {
        "type": "paragraph",
        "text": "**Thời gian:** Kumon cần đưa đón. Soroban online thì không."
      },
      {
        "type": "paragraph",
        "text": "**Kết quả:** Kumon giúp làm bài nhanh. Soroban giúp tính nhẩm nhanh. Mình muốn con tính nhẩm được."
      },
      {
        "type": "heading",
        "level": 2,
        "text": "Quyết định của mình"
      },
      {
        "type": "paragraph",
        "text": "Cuối cùng mình chọn Soroban online. Lý do đơn giản: phù hợp với hoàn cảnh gia đình mình hơn. Không phải vì Kumon không tốt."
      },
      {
        "type": "paragraph",
        "text": "Mình cho con dùng Sorokid. Con học 15 phút mỗi ngày. Mình không ngồi kèm, chỉ xem tiến độ cuối tuần."
      },
      {
        "type": "callout",
        "style": "empathy",
        "text": "Nếu bạn đang phân vân như mình, đừng cố tìm \"cái tốt nhất\". Hãy tìm cái phù hợp nhất với gia đình bạn. Con học đều đặn, cái nào cũng hiệu quả."
      },
      {
        "type": "heading",
        "level": 2,
        "text": "4 tháng sau"
      },
      {
        "type": "paragraph",
        "text": "Con mình tính nhẩm nhanh hơn trước nhiều. 27 + 38, con làm trong đầu được. Trước đó phải viết ra giấy."
      },
      {
        "type": "paragraph",
        "text": "Mình không biết nếu học Kumon thì sao. Nhưng mình hài lòng với lựa chọn của mình."
      },
      {
        "type": "callout",
        "style": "reassurance",
        "text": "Không có phương pháp nào hoàn hảo. Quan trọng là chọn cái bạn có thể duy trì lâu dài. Học 6 tháng đều đặn hiệu quả hơn học 1 tháng rồi bỏ."
      }
    ]
  },
  "faq": [
    {
      "question": "Kumon và Soroban cái nào tốt hơn?",
      "answer": "Không có cái nào tốt hơn tuyệt đối. Kumon phù hợp nếu bạn có thời gian đưa đón và muốn con rèn thói quen làm bài. Soroban phù hợp nếu bạn bận và muốn con phát triển tính nhẩm."
    },
    {
      "question": "Chi phí học như thế nào?",
      "answer": "Kumon tại trung tâm khoảng 1.5-2 triệu/tháng. Soroban online khoảng 200-400k/tháng."
    }
  ],
  "cta": {
    "text": "Nếu bạn muốn thử Soroban cho con, Sorokid có bản dùng thử miễn phí.",
    "buttonText": "Cho con thử",
    "buttonLink": "/register"
  }
}