{
  "slug": "phep-tru-don-gian-tren-soroban",
  "title": "Phép trừ đơn giản trên Soroban – Ngược lại với cộng",
  "description": "Hướng dẫn cách trừ trên Soroban khi số bị trừ đủ hạt. Quy tắc đơn giản: trừ = gạt hạt ra xa thanh ngang.",
  "category": "soroban-cho-phu-huynh",
  "keywords": [
    "phép trừ soroban",
    "cách trừ trên soroban",
    "trừ soroban cho người mới",
    "học trừ soroban"
  ],
  "status": "draft",
  "publishedAt": null,
  "createdAt": "2025-12-25",
  "image": "/blog/hoc-phep-tru-soroban-tai-nha.jpg",
  "readingTime": 5,
  "content": {
    "intro": "Phép trừ trên Soroban là động tác ngược với cộng. Cộng = gạt hạt vào thanh ngang. Trừ = gạt hạt ra xa thanh ngang. Bài này hướng dẫn trừ đơn giản – khi số bị trừ có đủ hạt để gạt ra.",
    "sections": [
      {
        "type": "heading",
        "level": 2,
        "text": "Nguyên tắc trừ trên Soroban"
      },
      {
        "type": "paragraph",
        "text": "Trừ = gạt hạt ra xa thanh ngang (ngược với cộng)."
      },
      {
        "type": "list",
        "items": [
          "Trừ 1-4: Gạt hạt đất xuống (dùng ngón trỏ)",
          "Trừ 5: Gạt hạt trời lên (dùng ngón trỏ)"
        ]
      },
      {
        "type": "callout",
        "style": "info",
        "text": "So sánh: Cộng dùng ngón cái gạt lên. Trừ dùng ngón trỏ gạt xuống/lên (ra xa thanh ngang)."
      },
      {
        "type": "heading",
        "level": 2,
        "text": "Ví dụ 1: 4 - 2"
      },
      {
        "type": "heading",
        "level": 3,
        "text": "Bước 1: Biểu diễn số 4"
      },
      {
        "type": "paragraph",
        "text": "Gạt 4 hạt đất lên áp thanh ngang."
      },
      {
        "type": "heading",
        "level": 3,
        "text": "Bước 2: Trừ 2"
      },
      {
        "type": "paragraph",
        "text": "Dùng ngón trỏ gạt 2 hạt đất xuống (ra xa thanh ngang)."
      },
      {
        "type": "heading",
        "level": 3,
        "text": "Kết quả"
      },
      {
        "type": "paragraph",
        "text": "Còn 2 hạt đất áp thanh ngang = 2. Vậy 4 - 2 = 2."
      },
      {
        "type": "heading",
        "level": 2,
        "text": "Ví dụ 2: 7 - 3"
      },
      {
        "type": "heading",
        "level": 3,
        "text": "Bước 1: Biểu diễn số 7"
      },
      {
        "type": "paragraph",
        "text": "Gạt hạt trời xuống (= 5) + gạt 2 hạt đất lên (= 2). Tổng = 7."
      },
      {
        "type": "heading",
        "level": 3,
        "text": "Bước 2: Trừ 3"
      },
      {
        "type": "paragraph",
        "text": "Có 2 hạt đất đang áp, cần trừ 3. Có đủ không? CÓ – vì tổng là 7, trừ 3 còn 4."
      },
      {
        "type": "paragraph",
        "text": "Cách làm: Gạt 2 hạt đất xuống (trừ 2), còn cần trừ 1 nữa... Nhưng không còn hạt đất để trừ!"
      },
      {
        "type": "paragraph",
        "text": "→ Đây thực ra cần dùng \"Bạn của 5\". Để đơn giản, ta học các trường hợp có đủ hạt trước."
      },
      {
        "type": "heading",
        "level": 2,
        "text": "Các trường hợp trừ đơn giản"
      },
      {
        "type": "heading",
        "level": 3,
        "text": "Trừ với hạt đất (có đủ hạt)"
      },
      {
        "type": "table",
        "headers": [
          "Phép tính",
          "Trên Soroban",
          "Kết quả"
        ],
        "rows": [
          [
            "2 - 1",
            "Có 2 hạt đất, gạt 1 hạt xuống",
            "1 hạt đất = 1"
          ],
          [
            "3 - 1",
            "Có 3 hạt đất, gạt 1 hạt xuống",
            "2 hạt đất = 2"
          ],
          [
            "3 - 2",
            "Có 3 hạt đất, gạt 2 hạt xuống",
            "1 hạt đất = 1"
          ],
          [
            "4 - 1",
            "Có 4 hạt đất, gạt 1 hạt xuống",
            "3 hạt đất = 3"
          ],
          [
            "4 - 2",
            "Có 4 hạt đất, gạt 2 hạt xuống",
            "2 hạt đất = 2"
          ],
          [
            "4 - 3",
            "Có 4 hạt đất, gạt 3 hạt xuống",
            "1 hạt đất = 1"
          ]
        ]
      },
      {
        "type": "heading",
        "level": 3,
        "text": "Trừ 5 (gạt hạt trời lên)"
      },
      {
        "type": "table",
        "headers": [
          "Phép tính",
          "Trên Soroban",
          "Kết quả"
        ],
        "rows": [
          [
            "5 - 5",
            "Gạt hạt trời lên (ra xa)",
            "0"
          ],
          [
            "6 - 5",
            "Gạt hạt trời lên, còn 1 hạt đất",
            "1"
          ],
          [
            "7 - 5",
            "Gạt hạt trời lên, còn 2 hạt đất",
            "2"
          ],
          [
            "8 - 5",
            "Gạt hạt trời lên, còn 3 hạt đất",
            "3"
          ],
          [
            "9 - 5",
            "Gạt hạt trời lên, còn 4 hạt đất",
            "4"
          ]
        ]
      },
      {
        "type": "heading",
        "level": 3,
        "text": "Trừ với số 6-9 (khi đủ hạt đất)"
      },
      {
        "type": "table",
        "headers": [
          "Phép tính",
          "Trên Soroban",
          "Kết quả"
        ],
        "rows": [
          [
            "7 - 1",
            "Đang có 5+2, gạt 1 hạt đất xuống",
            "5 + 1 = 6"
          ],
          [
            "7 - 2",
            "Đang có 5+2, gạt 2 hạt đất xuống",
            "5 + 0 = 5"
          ],
          [
            "8 - 1",
            "Đang có 5+3, gạt 1 hạt đất xuống",
            "5 + 2 = 7"
          ],
          [
            "8 - 2",
            "Đang có 5+3, gạt 2 hạt đất xuống",
            "5 + 1 = 6"
          ],
          [
            "9 - 1",
            "Đang có 5+4, gạt 1 hạt đất xuống",
            "5 + 3 = 8"
          ],
          [
            "9 - 4",
            "Đang có 5+4, gạt 4 hạt đất xuống",
            "5 + 0 = 5"
          ]
        ]
      },
      {
        "type": "heading",
        "level": 2,
        "text": "Khi nào KHÔNG dùng được cách này?"
      },
      {
        "type": "paragraph",
        "text": "Khi không đủ hạt đất để trừ trực tiếp:"
      },
      {
        "type": "list",
        "items": [
          "**7 - 3:** Đang có 5+2, muốn trừ 3 nhưng chỉ có 2 hạt đất. → Cần dùng Bạn của 5.",
          "**12 - 5:** Cần xử lý giữa 2 cột. → Cần dùng Bạn của 10."
        ]
      },
      {
        "type": "heading",
        "level": 2,
        "text": "Bài tập trừ đơn giản"
      },
      {
        "type": "heading",
        "level": 3,
        "text": "Bài 1: Trừ trong phạm vi hạt đất"
      },
      {
        "type": "paragraph",
        "text": "2-1, 3-1, 3-2, 4-1, 4-2, 4-3"
      },
      {
        "type": "heading",
        "level": 3,
        "text": "Bài 2: Trừ 5"
      },
      {
        "type": "paragraph",
        "text": "5-5, 6-5, 7-5, 8-5, 9-5"
      },
      {
        "type": "heading",
        "level": 3,
        "text": "Bài 3: Trừ với 6-9"
      },
      {
        "type": "paragraph",
        "text": "7-1, 7-2, 8-1, 8-2, 8-3, 9-1, 9-2, 9-3, 9-4"
      },
      {
        "type": "heading",
        "level": 3,
        "text": "Bài 4: Trừ liên tiếp"
      },
      {
        "type": "paragraph",
        "text": "4-1-1-1 = ?"
      },
      {
        "type": "paragraph",
        "text": "9-1-1-1-1 = ?"
      },
      {
        "type": "heading",
        "level": 2,
        "text": "So sánh cộng và trừ"
      },
      {
        "type": "table",
        "headers": [
          "Phép tính",
          "Động tác",
          "Ngón tay"
        ],
        "rows": [
          [
            "Cộng 1-4",
            "Gạt hạt đất LÊN",
            "Ngón cái"
          ],
          [
            "Trừ 1-4",
            "Gạt hạt đất XUỐNG",
            "Ngón trỏ"
          ],
          [
            "Cộng 5",
            "Gạt hạt trời XUỐNG",
            "Ngón trỏ"
          ],
          [
            "Trừ 5",
            "Gạt hạt trời LÊN",
            "Ngón trỏ"
          ]
        ]
      },
      {
        "type": "callout",
        "style": "reassurance",
        "text": "Trừ là động tác ngược của cộng. Khi con thành thạo cả hai, việc học Bạn của 5 và Bạn của 10 sẽ dễ hơn nhiều."
      },
      {
        "type": "paragraph",
        "text": "Mình cho con luyện cả cộng lẫn trừ trên Sorokid. App xen kẽ bài cộng và trừ để con không bị \"quên\" phép tính nào."
      }
    ]
  },
  "faq": [
    {
      "question": "Trừ dùng ngón nào?",
      "answer": "Ngón trỏ cho mọi động tác trừ: gạt hạt đất xuống và gạt hạt trời lên. Khác với cộng hạt đất dùng ngón cái."
    },
    {
      "question": "7 - 3 không làm được theo cách này, vậy phải làm sao?",
      "answer": "Dùng quy tắc Bạn của 5: Gạt hạt trời lên (trừ 5), đồng thời gạt 2 hạt đất lên (cộng 2). Kết quả: 7 - 5 + 2 = 4. Sẽ học ở bài Bạn của 5."
    },
    {
      "question": "Con hay nhầm cộng với trừ, phải làm sao?",
      "answer": "Luyện riêng từng phép tính trong 1 buổi. Khi thuần thục rồi mới trộn lẫn. Nhắc con: \"Cộng = đưa vào gần, Trừ = đưa ra xa\"."
    },
    {
      "question": "Trừ đơn giản luyện bao lâu?",
      "answer": "Khoảng 3-5 ngày cùng với cộng đơn giản. Khi con làm đúng và nhanh cả hai phép tính, thì học tiếp Bạn của 5."
    }
  ],
  "cta": {
    "text": "Sorokid có bài tập trừ từ cơ bản, giúp con luyện đều đặn và nhớ lâu.",
    "buttonText": "Cho con luyện thử",
    "buttonLink": "/register"
  },
  "imageAlt": "Trẻ em châu Á học phép trừ đơn giản trên Soroban tại nhà",
  "categoryOrder": 1,
  "order": 10
}