{
  "slug": "phu-huynh-khong-gioi-toan-co-kem-con-hoc-duoc-khong",
  "title": "Mình dốt toán từ nhỏ – giờ làm sao kèm con?",
  "description": "Mình đã lo lắng rất nhiều vì bản thân không giỏi toán. Nhưng rồi mình nhận ra: con không cần mình giỏi – con cần mình quan tâm.",
  "category": "phu-huynh-kem-con-hoc-toan",
  "keywords": [
    "phụ huynh không giỏi toán",
    "bố mẹ dốt toán",
    "cách hỗ trợ con học toán"
  ],
  "status": "published",
  "publishedAt": "2025-12-25T02:37:13.243Z",
  "createdAt": "2025-12-25",
  "image": "/blog/me-kem-con-du-khong-gioi-toan.jpg",
  "readingTime": 5,
  "content": {
    "intro": "Hồi đi học mình ghét toán. Điểm toán lúc nào cũng lẹt đẹt. Giờ con lớp 2 rồi, mỗi lần con hỏi bài là mình run. Không phải sợ bài khó – mà sợ con biết mình không biết làm.",
    "sections": [
      {
        "type": "heading",
        "level": 2,
        "text": "Cái sợ của người lớn"
      },
      {
        "type": "paragraph",
        "text": "Mình hay nghĩ: \"Mình dốt toán, lỡ dạy con sai thì sao?\" Hoặc \"Toán bây giờ khác xưa, mình không theo kịp.\" Hoặc tệ hơn: \"Lỡ con giống mình, cũng dốt toán thì sao?\""
      },
      {
        "type": "paragraph",
        "text": "Những suy nghĩ đó cứ quanh quẩn trong đầu. Có hôm con hỏi một bài lớp 3, mình nhìn không hiểu đề, phải Google. Lúc đó mình thấy mình thật tệ."
      },
      {
        "type": "heading",
        "level": 2,
        "text": "Nhưng rồi mình nghĩ lại..."
      },
      {
        "type": "paragraph",
        "text": "Con có cần mình giải bài hộ không? Thật ra không. Nếu mình giải hộ, con cũng chả học được gì."
      },
      {
        "type": "paragraph",
        "text": "Con cần gì ở mình? Cần mình ngồi cạnh, động viên, nói \"Không sao, con thử lại xem.\" Cần mình hỏi \"Hôm nay con học có gì khó không?\" Cần mình khen khi con cố gắng, dù kết quả chưa đúng."
      },
      {
        "type": "paragraph",
        "text": "Những thứ đó không cần mình giỏi toán."
      },
      {
        "type": "callout",
        "style": "empathy",
        "text": "Nếu bạn cũng đang lo vì không giỏi toán, mình hiểu. Nhưng tin mình đi: con cần một phụ huynh quan tâm, không cần một phụ huynh giỏi toán. Hai thứ đó khác nhau."
      },
      {
        "type": "heading",
        "level": 2,
        "text": "Mình làm gì khi con hỏi bài?"
      },
      {
        "type": "paragraph",
        "text": "**Trước đây:** Cố giải thích, giải sai, con càng rối, mình càng nóng."
      },
      {
        "type": "paragraph",
        "text": "**Bây giờ:** Mình nói thật: \"Bài này mẹ cũng không chắc, để mình cùng tìm cách nhé.\" Rồi mình Google, hoặc xem video, hoặc để sáng hôm sau con hỏi cô."
      },
      {
        "type": "paragraph",
        "text": "Con không cười mình. Con còn thích vì được \"học cùng mẹ\" thay vì \"bị mẹ dạy.\""
      },
      {
        "type": "heading",
        "level": 2,
        "text": "Những việc mình làm được (không cần giỏi toán)"
      },
      {
        "type": "list",
        "items": [
          "**Tạo thói quen:** Con học cùng giờ mỗi ngày, có góc học tập riêng",
          "**Động viên khi con nản:** \"Con cố gắng rồi, mai mình thử lại\"",
          "**Khen sự cố gắng:** Không chỉ khen khi đúng, mà khen cả khi con chịu ngồi vào bàn",
          "**Tìm công cụ hỗ trợ:** Ứng dụng, video, sách – để chúng \"dạy\" thay mình",
          "**Không truyền nỗi sợ:** Cố gắng không nói \"Mẹ cũng dốt toán\" trước mặt con"
        ]
      },
      {
        "type": "heading",
        "level": 2,
        "text": "Mình cho con dùng ứng dụng"
      },
      {
        "type": "paragraph",
        "text": "Mình tìm được một ứng dụng tên Sorokid. Nó hướng dẫn con từng bước, mình không cần hiểu cũng được. Con tự học, sai thì thử lại, đúng thì được điểm."
      },
      {
        "type": "paragraph",
        "text": "Mình chỉ cần mở app xem con học đến đâu, rồi tối về hỏi: \"Hôm nay con học bài gì?\" Con kể, mình gật đầu – dù đôi khi mình không hiểu hết."
      },
      {
        "type": "paragraph",
        "text": "Nhưng không sao. Quan trọng là con thấy mình quan tâm."
      },
      {
        "type": "heading",
        "level": 2,
        "text": "Điều mình học được"
      },
      {
        "type": "paragraph",
        "text": "Phụ huynh không cần thành giáo viên của con. Đã có trường, có thầy cô, có ứng dụng lo việc \"dạy.\" Việc của mình là:"
      },
      {
        "type": "list",
        "items": [
          "Tạo môi trường để con học",
          "Động viên khi con gặp khó",
          "Không la mắng khi con sai",
          "Tìm công cụ phù hợp nếu mình không tự dạy được"
        ]
      },
      {
        "type": "paragraph",
        "text": "Mình vẫn dốt toán. Nhưng mình đang là phụ huynh \"đủ tốt\" – và thế là được rồi."
      },
      {
        "type": "callout",
        "style": "reassurance",
        "text": "Bạn không cần giỏi toán mới có thể giúp con. Bạn chỉ cần ở đây, quan tâm, và biết tìm đúng nguồn hỗ trợ. Điều đó đã là rất nhiều."
      }
    ]
  },
  "faq": [
    {
      "question": "Mình ghét toán từ nhỏ, có truyền sang con không?",
      "answer": "Có thể, nếu mình hay nói \"Mẹ cũng dốt toán\" hoặc thể hiện sự chán ghét trước mặt con. Mình đang cố không làm vậy, để con có cơ hội tiếp cận toán với tâm thế khác."
    },
    {
      "question": "Con hỏi bài mà mình không biết làm thì sao?",
      "answer": "Nói thật với con: \"Mẹ không chắc, để mình tìm hiểu.\" Rồi cùng xem video, Google, hoặc để sáng hôm sau hỏi cô. Con sẽ học được cách tìm kiếm giải pháp."
    },
    {
      "question": "Có nên thuê gia sư?",
      "answer": "Tùy điều kiện. Gia sư tốt thì tốt, nhưng cũng có thể dùng các công cụ online với chi phí thấp hơn. Quan trọng là tìm cách phù hợp với con và gia đình."
    },
    {
      "question": "Con học online nhiều có tốt không?",
      "answer": "15-20 phút mỗi ngày là đủ. Không cần nhiều, chỉ cần đều. Quan trọng là chất lượng, không phải số lượng."
    }
  ],
  "cta": {
    "text": "Nếu bạn cũng không tự tin kèm con toán, thử để con học với Sorokid. Con tự học theo hướng dẫn, bạn chỉ cần động viên.",
    "buttonText": "Thử miễn phí",
    "buttonLink": "/register"
  },
  "imageAlt": "Mẹ châu Á kèm con học toán dù không giỏi toán",
  "categoryOrder": 3,
  "order": 1
}