{
  "slug": "phu-huynh-co-nen-truc-tiep-day-con-hoc-toan-khong",
  "title": "Mình đã cố làm giáo viên của con – và đây là bài học",
  "description": "Mình từng nghĩ: con mình thì mình phải dạy. Nhưng sau nhiều tháng căng thẳng, mình nhận ra: không nhất thiết phải vậy.",
  "category": "phu-huynh-kem-con-hoc-toan",
  "keywords": [
    "phụ huynh dạy con học toán",
    "có nên tự dạy con toán",
    "kèm con học toán tại nhà"
  ],
  "status": "published",
  "publishedAt": "2025-12-27T14:03:54.443Z",
  "createdAt": "2025-12-25",
  "image": "/blog/bo-truc-tiep-day-con-hoc-toan.jpg",
  "readingTime": 5,
  "content": {
    "intro": "\"Con mình thì mình dạy.\" Mình nghĩ vậy từ khi con vào lớp 1. Nên mình ngồi kèm mỗi tối, cố giảng giải, cố sửa bài. Gần một năm sau, mình nhận ra: mình đã sai.",
    "sections": [
      {
        "type": "heading",
        "level": 2,
        "text": "Mình không phải giáo viên"
      },
      {
        "type": "paragraph",
        "text": "Mình yêu con, muốn con giỏi. Nhưng yêu con không có nghĩa mình biết cách dạy. Giáo viên được đào tạo để hiểu tâm lý trẻ, biết cách giải thích phù hợp với từng độ tuổi. Mình thì không."
      },
      {
        "type": "paragraph",
        "text": "Mình hay nói \"Bài này dễ mà\" – vì với mình nó dễ. Nhưng với con, nó không dễ chút nào. Câu đó vô tình làm con thêm áp lực."
      },
      {
        "type": "heading",
        "level": 2,
        "text": "Con cư xử khác khi học với mình"
      },
      {
        "type": "paragraph",
        "text": "Mình để ý: ở trường con làm bài bình thường, nhưng về nhà ngồi với mình thì đơ ra. Có lẽ vì ỷ lại – biết mình sẽ chỉ. Hoặc vì áp lực – sợ làm sai mình buồn."
      },
      {
        "type": "paragraph",
        "text": "Có hôm con còn phản kháng: \"Mẹ đừng nói nữa, con biết rồi!\" Nhưng rõ ràng con chưa biết. Con chỉ không muốn nghe mình giảng thêm nữa."
      },
      {
        "type": "callout",
        "style": "empathy",
        "text": "Nếu bạn cũng đang ngồi kèm con mà thấy căng thẳng, bất lực, hoặc thấy con càng lúc càng không muốn học – bạn không một mình. Rất nhiều phụ huynh đang trải qua điều tương tự."
      },
      {
        "type": "heading",
        "level": 2,
        "text": "Đồng hành khác gì với dạy học?"
      },
      {
        "type": "paragraph",
        "text": "Mình phải mất một thời gian mới hiểu sự khác biệt:"
      },
      {
        "type": "list",
        "items": [
          "**Dạy học** = Giảng giải, sửa bài, kiểm tra, đánh giá",
          "**Đồng hành** = Quan tâm, động viên, tạo môi trường, và biết khi nào cần tìm hỗ trợ"
        ]
      },
      {
        "type": "paragraph",
        "text": "Mình không cần làm giáo viên của con. Đã có trường, có thầy cô, có công cụ lo việc \"dạy.\" Việc của mình là làm phụ huynh – người ở bên, động viên, không tạo thêm áp lực."
      },
      {
        "type": "heading",
        "level": 2,
        "text": "Dấu hiệu mình cần dừng việc tự dạy"
      },
      {
        "type": "paragraph",
        "text": "Nhìn lại, mình thấy những dấu hiệu này từ lâu nhưng không chịu nhận:"
      },
      {
        "type": "list",
        "items": [
          "Mỗi buổi học kết thúc bằng la hét hoặc nước mắt",
          "Con tìm cách trốn tránh giờ học với mình",
          "Mình kiệt sức sau mỗi buổi kèm",
          "Quan hệ mẹ con trở nên căng thẳng vì chuyện học"
        ]
      },
      {
        "type": "paragraph",
        "text": "Nếu bạn thấy những dấu hiệu này, có lẽ đã đến lúc thử cách khác."
      },
      {
        "type": "heading",
        "level": 2,
        "text": "Mình thay đổi như thế nào"
      },
      {
        "type": "paragraph",
        "text": "Mình không ngồi kèm con nữa. Thay vào đó:"
      },
      {
        "type": "list",
        "items": [
          "Con tự học với ứng dụng Sorokid – có hướng dẫn từng bước",
          "Mình chỉ xem tiến độ và hỏi thăm mỗi tối",
          "Buổi tối dành để chơi với con, nói chuyện – không phải kiểm tra bài"
        ]
      },
      {
        "type": "paragraph",
        "text": "Ban đầu mình lo. \"Không kèm thì con có tự giác không?\" Nhưng hóa ra, khi không có mình ngồi cạnh \"kiểm soát,\" con thoải mái hơn, học tốt hơn."
      },
      {
        "type": "heading",
        "level": 2,
        "text": "Điều quan trọng nhất"
      },
      {
        "type": "paragraph",
        "text": "Mối quan hệ giữa mình và con quan trọng hơn bất kỳ bài toán nào. Nếu việc kèm con học đang làm tổn thương mối quan hệ đó, thì cách đó không đúng."
      },
      {
        "type": "paragraph",
        "text": "Mình vẫn yêu con, vẫn quan tâm đến việc học của con. Chỉ là mình không làm \"giáo viên\" nữa. Mình làm phụ huynh."
      },
      {
        "type": "callout",
        "style": "reassurance",
        "text": "Không kèm con học không có nghĩa là bạn không quan tâm con. Ngược lại, biết giới hạn và tìm giải pháp phù hợp – đó chính là cách phụ huynh yêu con thông minh nhất."
      }
    ]
  },
  "faq": [
    {
      "question": "Không giỏi toán có hỗ trợ con được không?",
      "answer": "Được chứ. Hỗ trợ con không có nghĩa phải giỏi hơn con. Bạn có thể động viên, tạo thói quen học tập, và dùng các công cụ hỗ trợ phù hợp."
    },
    {
      "question": "Nếu không kèm, làm sao biết con học đến đâu?",
      "answer": "Các ứng dụng học online bây giờ đều có phần theo dõi tiến độ cho phụ huynh. Bạn xem con đã hoàn thành bài nào, đúng bao nhiêu phần trăm mà không cần ngồi cạnh."
    },
    {
      "question": "Con lớp 2, có quá sớm để dùng app không?",
      "answer": "Không. Nhiều ứng dụng được thiết kế cho trẻ từ 5-6 tuổi với giao diện đơn giản, hình ảnh sinh động."
    },
    {
      "question": "App có thay thế hoàn toàn việc phụ huynh quan tâm không?",
      "answer": "Không. App là công cụ hỗ trợ, không thay thế vai trò của bạn. Sự quan tâm, động viên từ cha mẹ vẫn là quan trọng nhất."
    }
  ],
  "cta": {
    "text": "Nếu bạn cũng đang mệt vì tự kèm con, thử để con học với Sorokid. Con tự học theo hướng dẫn, bạn theo dõi tiến độ từ xa.",
    "buttonText": "Thử xem",
    "buttonLink": "/register"
  },
  "imageAlt": "Bố châu Á trực tiếp dạy con học toán tại nhà",
  "categoryOrder": 3,
  "order": 4
}