{
  "slug": "sai-lam-pho-bien-khi-hoc-soroban",
  "title": "10 sai lầm phổ biến khi học Soroban – Phụ huynh cần biết",
  "description": "Học Soroban không khó, nhưng nhiều phụ huynh và trẻ mắc những sai lầm khiến việc học kém hiệu quả. Bài này liệt kê 10 sai lầm phổ biến nhất.",
  "category": "soroban-cho-phu-huynh",
  "keywords": [
    "sai lầm học soroban",
    "lỗi thường gặp soroban",
    "học soroban sai cách",
    "cách học soroban hiệu quả"
  ],
  "status": "draft",
  "publishedAt": null,
  "createdAt": "2025-12-25",
  "image": "/blog/tranh-sai-lam-hoc-soroban.jpg",
  "imageAlt": "Bé châu Á cầm bàn tính Soroban đúng tư thế - cách tránh sai lầm phổ biến",
  "readingTime": 7,
  "content": {
    "intro": "Sau khi kèm con học Soroban và quan sát nhiều trẻ khác, mình nhận ra một số sai lầm lặp đi lặp lại. Tránh được những sai lầm này, việc học Soroban sẽ hiệu quả hơn nhiều.",
    "sections": [
      {
        "type": "heading",
        "level": 2,
        "text": "1. Vội vàng học nâng cao"
      },
      {
        "type": "paragraph",
        "text": "**Sai lầm:** Con chưa vững cộng trừ đơn giản đã nhảy sang Bạn của 5, Bạn của 10."
      },
      {
        "type": "paragraph",
        "text": "**Hậu quả:** Con bị rối, làm sai liên tục, mất tự tin."
      },
      {
        "type": "paragraph",
        "text": "**Cách khắc phục:** Chỉ sang bài mới khi con làm đúng 90%+ bài cũ mà không cần suy nghĩ."
      },
      {
        "type": "heading",
        "level": 2,
        "text": "2. Không luyện đều đặn"
      },
      {
        "type": "paragraph",
        "text": "**Sai lầm:** Học 2 tiếng cuối tuần, không học các ngày khác."
      },
      {
        "type": "paragraph",
        "text": "**Hậu quả:** Kỹ năng không thành \"phản xạ\", dễ quên."
      },
      {
        "type": "paragraph",
        "text": "**Cách khắc phục:** 15-20 phút mỗi ngày, 5-6 ngày/tuần. Đều đặn quan trọng hơn cường độ."
      },
      {
        "type": "heading",
        "level": 2,
        "text": "3. Dùng ngón tay sai"
      },
      {
        "type": "paragraph",
        "text": "**Sai lầm:** Dùng bất kỳ ngón nào để gạt hạt, không theo quy chuẩn."
      },
      {
        "type": "paragraph",
        "text": "**Hậu quả:** Chậm, khó nâng cao, ảnh hưởng khả năng học Anzan."
      },
      {
        "type": "paragraph",
        "text": "**Cách khắc phục:** Ngón cái gạt hạt đất lên, ngón trỏ gạt hạt đất xuống và hạt trời. Tuân thủ ngay từ đầu."
      },
      {
        "type": "heading",
        "level": 2,
        "text": "4. Không thuộc Bạn của 5 và Bạn của 10"
      },
      {
        "type": "paragraph",
        "text": "**Sai lầm:** Con phải dừng lại tính \"Bạn của 4 là gì nhỉ?\" mỗi lần."
      },
      {
        "type": "paragraph",
        "text": "**Hậu quả:** Tính chậm, dễ sai, không thể nâng cao."
      },
      {
        "type": "paragraph",
        "text": "**Cách khắc phục:** Học thuộc lòng các cặp số. Chỉ có 4 cặp (Bạn 5) + 5 cặp (Bạn 10) = 9 cặp. Luyện đến khi thành phản xạ."
      },
      {
        "type": "heading",
        "level": 2,
        "text": "5. Nhìn bàn tính quá nhiều"
      },
      {
        "type": "paragraph",
        "text": "**Sai lầm:** Con phải nhìn từng hạt khi gạt, không dám nhắm mắt."
      },
      {
        "type": "paragraph",
        "text": "**Hậu quả:** Không thể học Anzan (tính nhẩm), phụ thuộc vào mắt."
      },
      {
        "type": "paragraph",
        "text": "**Cách khắc phục:** Thỉnh thoảng cho con luyện nhắm mắt, \"cảm nhận\" hạt bằng tay. Đây là bước chuẩn bị cho Anzan."
      },
      {
        "type": "heading",
        "level": 2,
        "text": "6. So sánh với bạn khác"
      },
      {
        "type": "paragraph",
        "text": "**Sai lầm:** \"Sao bạn A học nhanh thế, con sao chậm vậy?\""
      },
      {
        "type": "paragraph",
        "text": "**Hậu quả:** Con mất tự tin, ghét học."
      },
      {
        "type": "paragraph",
        "text": "**Cách khắc phục:** Mỗi trẻ có tốc độ riêng. Chỉ so sánh con với chính con tuần trước, tháng trước."
      },
      {
        "type": "heading",
        "level": 2,
        "text": "7. Bỏ qua giai đoạn làm quen"
      },
      {
        "type": "paragraph",
        "text": "**Sai lầm:** Vừa có bàn tính đã bắt con tính ngay."
      },
      {
        "type": "paragraph",
        "text": "**Hậu quả:** Con sợ, không hiểu bản chất."
      },
      {
        "type": "paragraph",
        "text": "**Cách khắc phục:** 1-2 tuần đầu chỉ cho con chơi: gạt hạt, đếm số, biểu diễn số. Không ép tính toán."
      },
      {
        "type": "heading",
        "level": 2,
        "text": "8. Không kiểm tra kết quả"
      },
      {
        "type": "paragraph",
        "text": "**Sai lầm:** Con làm xong, không ai kiểm tra đúng sai."
      },
      {
        "type": "paragraph",
        "text": "**Hậu quả:** Con lặp lại sai lầm, học thói quen xấu."
      },
      {
        "type": "paragraph",
        "text": "**Cách khắc phục:** Kiểm tra mỗi bài hoặc dùng app có chấm điểm tự động. Sửa sai ngay khi phát hiện."
      },
      {
        "type": "heading",
        "level": 2,
        "text": "9. Ép con học khi mệt"
      },
      {
        "type": "paragraph",
        "text": "**Sai lầm:** Con vừa đi học về, bắt ngồi luyện Soroban ngay."
      },
      {
        "type": "paragraph",
        "text": "**Hậu quả:** Con không tập trung, ghét Soroban."
      },
      {
        "type": "paragraph",
        "text": "**Cách khắc phục:** Cho con nghỉ ngơi 30-60 phút sau khi về nhà. Chọn khung giờ con tỉnh táo nhất."
      },
      {
        "type": "heading",
        "level": 2,
        "text": "10. Chỉ học mà không chơi"
      },
      {
        "type": "paragraph",
        "text": "**Sai lầm:** Soroban = bài tập, làm xong là dừng."
      },
      {
        "type": "paragraph",
        "text": "**Hậu quả:** Con thấy Soroban là \"nhiệm vụ\", không hứng thú."
      },
      {
        "type": "paragraph",
        "text": "**Cách khắc phục:** Thỉnh thoảng chơi game liên quan đến Soroban. Ví dụ: ai tính nhanh hơn, đố số, Flash Anzan dễ."
      },
      {
        "type": "heading",
        "level": 2,
        "text": "Bảng tóm tắt"
      },
      {
        "type": "table",
        "headers": [
          "Sai lầm",
          "Cách khắc phục nhanh"
        ],
        "rows": [
          [
            "Vội vàng học nâng cao",
            "Vững cơ bản mới sang bài mới"
          ],
          [
            "Không luyện đều đặn",
            "15-20 phút/ngày"
          ],
          [
            "Dùng ngón tay sai",
            "Học đúng từ đầu"
          ],
          [
            "Không thuộc quy tắc",
            "Học thuộc 9 cặp số"
          ],
          [
            "Nhìn bàn tính nhiều",
            "Luyện nhắm mắt thỉnh thoảng"
          ],
          [
            "So sánh với bạn",
            "Chỉ so với chính con"
          ],
          [
            "Bỏ qua làm quen",
            "1-2 tuần chơi trước"
          ],
          [
            "Không kiểm tra",
            "Chấm điểm mỗi bài"
          ],
          [
            "Ép khi mệt",
            "Chọn giờ con tỉnh táo"
          ],
          [
            "Chỉ học không chơi",
            "Thêm game, thi đua"
          ]
        ]
      },
      {
        "type": "callout",
        "style": "reassurance",
        "text": "Mắc sai lầm là bình thường. Quan trọng là nhận ra và điều chỉnh. Đừng quá nghiêm khắc với con và với chính mình."
      },
      {
        "type": "paragraph",
        "text": "Mình dùng Sorokid để tránh nhiều sai lầm trên. App tự động kiểm tra, không cho nhảy bài khi chưa vững, và có chế độ chơi xen kẽ."
      }
    ]
  },
  "faq": [
    {
      "question": "Con đã mắc sai lầm rồi, có sửa được không?",
      "answer": "Được. Quay lại bài cơ bản, luyện lại từ đầu. Mất thời gian hơn nhưng vẫn hiệu quả."
    },
    {
      "question": "Làm sao biết con đang mắc sai lầm nào?",
      "answer": "Quan sát: Con hay sai ở đâu? Con có vui khi học không? Con có phải nhìn bàn tính liên tục không? Trả lời những câu hỏi này sẽ thấy."
    },
    {
      "question": "Phụ huynh không biết Soroban, làm sao hướng dẫn con?",
      "answer": "Học cùng con! Đọc các bài hướng dẫn, xem video, hoặc dùng app có chấm điểm tự động. Không cần là chuyên gia."
    },
    {
      "question": "Con ghét Soroban vì ép học, phải làm sao?",
      "answer": "Dừng lại 1-2 tuần. Sau đó quay lại với cách tiếp cận mới: chơi nhiều hơn học, cho con chọn bài, khen nhiều hơn chê."
    }
  ],
  "cta": {
    "text": "Sorokid giúp tránh sai lầm phổ biến: tự động chấm điểm, điều chỉnh độ khó, và có chế độ game để con vui học.",
    "buttonText": "Cho con thử học đúng cách",
    "buttonLink": "/register"
  },
  "categoryOrder": 1,
  "order": 23
}