{
  "slug": "sai-lam-pho-bien-khi-kem-con-hoc-toan",
  "title": "5 sai lầm mình từng mắc khi kèm con học toán – và cách mình sửa",
  "description": "Nhìn lại, mình thấy mình đã làm sai nhiều thứ khi kèm con. Những sai lầm này khiến cả hai đều mệt – mà con cũng không tiến bộ.",
  "category": "phu-huynh-kem-con-hoc-toan",
  "keywords": [
    "sai lầm khi dạy con học toán",
    "lỗi phụ huynh khi kèm con",
    "cách kèm con học toán hiệu quả"
  ],
  "status": "published",
  "publishedAt": "2025-12-25T02:37:47.830Z",
  "createdAt": "2025-12-25",
  "image": "/blog/tranh-sai-lam-kem-con-hoc-toan.jpg",
  "readingTime": 7,
  "content": {
    "intro": "Mình đã kèm con học toán gần 2 năm. Nhìn lại, mình thấy mình làm sai nhiều lắm – những sai lầm mà lúc đó mình tưởng là đúng. Nếu bạn đang kèm con, có lẽ bạn cũng đang mắc phải. Mình chia sẻ để bạn tránh được như mình.",
    "sections": [
      {
        "type": "heading",
        "level": 2,
        "text": "Sai lầm 1: So sánh con với người khác"
      },
      {
        "type": "paragraph",
        "text": "\"Bạn A học giỏi hơn con nhiều.\" \"Con nhà người ta làm được, sao con không làm được?\" – Mình từng nói những câu này."
      },
      {
        "type": "paragraph",
        "text": "Mình nghĩ đang tạo động lực. Nhưng thực tế, mình đang làm con thấy mình kém cỏi. Con không có động lực – con có áp lực."
      },
      {
        "type": "heading",
        "level": 3,
        "text": "Cách mình sửa"
      },
      {
        "type": "paragraph",
        "text": "Mình so sánh con với chính con ngày hôm qua. \"Tuần trước con làm bài này 10 phút, tuần này 7 phút – tiến bộ rồi!\" Con thấy mình đang tiến lên, không phải đang thua ai."
      },
      {
        "type": "heading",
        "level": 2,
        "text": "Sai lầm 2: Nóng giận khi con làm sai"
      },
      {
        "type": "paragraph",
        "text": "Con làm sai bài đơn giản, mình thở dài: \"Sao con ngu thế?\" \"Mẹ nói bao nhiêu lần rồi?\" Mình biết không nên nói, nhưng lúc nóng thì không kiểm soát được."
      },
      {
        "type": "paragraph",
        "text": "Kết quả? Con sợ sai. Con không dám thử. Con làm bài trong lo lắng – không thể tập trung."
      },
      {
        "type": "heading",
        "level": 3,
        "text": "Cách mình sửa"
      },
      {
        "type": "paragraph",
        "text": "Mình tự nhắc: \"Sai là bình thường. Mình lớn rồi còn sai, sao bắt con 7 tuổi phải đúng?\" Khi thấy con sai, mình hít thở trước khi nói. Mình hỏi: \"Con nghĩ bước này làm thế nào?\" thay vì la."
      },
      {
        "type": "paragraph",
        "text": "Khó lắm. Nhưng càng làm càng quen."
      },
      {
        "type": "heading",
        "level": 2,
        "text": "Sai lầm 3: Làm thay con"
      },
      {
        "type": "paragraph",
        "text": "Con làm chậm, mình sốt ruột. Mình bảo \"để mẹ làm cho nhanh\". Con làm sai, mình sửa ngay, nói đáp án luôn."
      },
      {
        "type": "paragraph",
        "text": "Mình tưởng đang giúp. Nhưng thực ra, mình đang cướp cơ hội học của con. Con quen được làm thay, không chịu suy nghĩ nữa."
      },
      {
        "type": "heading",
        "level": 3,
        "text": "Cách mình sửa"
      },
      {
        "type": "paragraph",
        "text": "Mình kiên nhẫn đợi. Con làm chậm – mình để con làm. Con làm sai – mình hỏi gợi ý, không nói đáp án. Mình chấp nhận: con cần thời gian để tự học, không phải để được mình làm cho."
      },
      {
        "type": "heading",
        "level": 2,
        "text": "Sai lầm 4: Học quá nhiều, quá lâu"
      },
      {
        "type": "paragraph",
        "text": "Mình nghĩ \"học nhiều thì giỏi\". Tối nào cũng bắt con ngồi 1-2 tiếng làm bài. Cuối tuần ôn thêm. Con mệt, mình cũng mệt."
      },
      {
        "type": "paragraph",
        "text": "Kết quả? Con ghét học. Mỗi lần nhắc đến \"làm bài\" là con khóc. Học nhiều mà không hiệu quả."
      },
      {
        "type": "heading",
        "level": 3,
        "text": "Cách mình sửa"
      },
      {
        "type": "paragraph",
        "text": "Mình giảm còn 15-20 phút mỗi ngày. Ít nhưng đều. Con không còn sợ \"giờ học toán\" vì biết nó ngắn. Hiệu quả hơn nhiều so với 2 tiếng căng thẳng."
      },
      {
        "type": "callout",
        "style": "empathy",
        "text": "Não trẻ tiểu học chỉ tập trung tốt được 15-20 phút. Sau đó, dù ngồi thêm cũng không tiếp thu được. Ngắn nhưng đều đặn tốt hơn dài nhưng căng thẳng."
      },
      {
        "type": "heading",
        "level": 2,
        "text": "Sai lầm 5: Không để con nghỉ ngơi"
      },
      {
        "type": "paragraph",
        "text": "Con đi học về, mình bắt học ngay. \"Tranh thủ làm bài đi, tối còn ngủ sớm.\" Con mệt, không muốn – mình ép."
      },
      {
        "type": "paragraph",
        "text": "Mình không để ý: con vừa trải qua 7-8 tiếng ở trường. Não con cần nghỉ. Bắt học ngay là ép não làm việc khi đã kiệt sức."
      },
      {
        "type": "heading",
        "level": 3,
        "text": "Cách mình sửa"
      },
      {
        "type": "paragraph",
        "text": "Mình cho con nghỉ sau khi đi học về. Ăn uống, chơi một lúc, rồi mới học. Thời điểm tốt nhất là sau khi con đã nạp lại năng lượng – thường là sau bữa tối 30 phút đến 1 tiếng."
      },
      {
        "type": "heading",
        "level": 2,
        "text": "Bảng tóm tắt"
      },
      {
        "type": "table",
        "headers": [
          "Sai lầm",
          "Hậu quả",
          "Cách sửa"
        ],
        "rows": [
          [
            "So sánh với người khác",
            "Con thấy kém cỏi, mất tự tin",
            "So sánh con với chính con ngày hôm qua"
          ],
          [
            "Nóng giận khi con sai",
            "Con sợ sai, không dám thử",
            "Hít thở, hỏi gợi ý thay vì la"
          ],
          [
            "Làm thay con",
            "Con ỷ lại, không chịu suy nghĩ",
            "Kiên nhẫn đợi, chỉ hỏi gợi ý"
          ],
          [
            "Học quá nhiều",
            "Con ghét học, mệt mỏi",
            "15-20 phút/ngày, đều đặn"
          ],
          [
            "Không cho nghỉ ngơi",
            "Con học khi não kiệt sức",
            "Cho nghỉ sau khi đi học về"
          ]
        ]
      },
      {
        "type": "heading",
        "level": 2,
        "text": "Một cách khác mình đang làm"
      },
      {
        "type": "paragraph",
        "text": "Sau khi mắc nhiều sai lầm, mình quyết định: không tự kèm con học toán nữa. Mình cho con học trên Sorokid."
      },
      {
        "type": "paragraph",
        "text": "Con tự học với app – không ai la khi sai. Mình chỉ cần động viên và theo dõi tiến độ. Buổi tối nhẹ nhàng hơn. Mình không phải \"giáo viên\" nữa – mình chỉ là mẹ."
      },
      {
        "type": "paragraph",
        "text": "Không phải cách này phù hợp với tất cả. Nhưng với mình – người hay nóng, hay sốt ruột, hay làm thay – thì đây là giải pháp."
      },
      {
        "type": "callout",
        "style": "reassurance",
        "text": "Nếu bạn đang mắc những sai lầm giống mình, đừng tự trách. Ai cũng từng mắc. Quan trọng là nhận ra và thay đổi. Mỗi ngày một chút, bạn sẽ làm tốt hơn."
      }
    ]
  },
  "faq": [
    {
      "question": "Mình đã mắc những sai lầm này lâu rồi, có sửa được không?",
      "answer": "Được. Trẻ rất dễ quên và tha thứ. Nếu bạn thay đổi cách tiếp cận, con sẽ thay đổi theo. Bắt đầu từ hôm nay."
    },
    {
      "question": "Làm sao để kiên nhẫn hơn khi con làm chậm?",
      "answer": "Nhắc mình: 'Con đang học, không phải đang thi.' Nếu thấy sốt ruột, đứng dậy ra ngoài vài phút. Đừng ép mình kiên nhẫn – hãy tạo điều kiện để kiên nhẫn được."
    },
    {
      "question": "Học 15-20 phút có đủ không?",
      "answer": "Đủ, nếu đều đặn mỗi ngày. 15 phút x 7 ngày = 105 phút/tuần. Tốt hơn 2 tiếng x 2 ngày cuối tuần = 240 phút nhưng căng thẳng."
    },
    {
      "question": "Nếu không tự kèm được thì có cách nào khác?",
      "answer": "Có nhiều cách: gia sư, lớp học thêm, hoặc app học online. Mình chọn app vì phù hợp với hoàn cảnh bận rộn và con có thể tự học."
    }
  ],
  "cta": {
    "text": "Nếu bạn cũng đang mệt vì kèm con, hãy thử cách khác. Sorokid giúp con tự học – bạn chỉ cần cổ vũ.",
    "buttonText": "Thử xem",
    "buttonLink": "/register"
  },
  "imageAlt": "Mẹ châu Á nhíu mày sửa bài con - một sai lầm phổ biến khi kèm học",
  "categoryOrder": 3,
  "order": 2
}