{
  "slug": "soroban-co-giup-con-lam-toan-truong-tot-hon",
  "title": "Học Soroban có giúp điểm toán ở trường cao hơn không? – Đây là thực tế",
  "description": "Nhiều người hỏi mình: con học Soroban thì điểm toán trường có tăng không? Mình chia sẻ thật.",
  "category": "soroban-cho-phu-huynh",
  "keywords": [
    "soroban và điểm toán",
    "học soroban giỏi toán",
    "soroban có hiệu quả không"
  ],
  "status": "draft",
  "publishedAt": null,
  "createdAt": "2025-12-25",
  "image": "/blog/be-diem-cao.jpg",
  "imageAlt": "Bé châu Á vui vẻ cầm bài kiểm tra điểm cao",
  "readingTime": 6,
  "categoryOrder": 1,
  "order": 31,
  "content": {
    "intro": "\"Con học Soroban thì điểm toán có lên không?\" – Mình hay bị hỏi câu này. Câu trả lời thật: có, nhưng không phải ngay lập tức, và không phải vì lý do bạn nghĩ.",
    "sections": [
      {
        "type": "heading",
        "level": 2,
        "text": "Soroban không dạy toán trường"
      },
      {
        "type": "paragraph",
        "text": "Đầu tiên phải nói rõ: Soroban dạy tính nhẩm, không dạy chương trình toán trường."
      },
      {
        "type": "paragraph",
        "text": "Con không học giải toán đố, hình học, đo lường qua Soroban. Những thứ đó con vẫn cần học ở trường."
      },
      {
        "type": "heading",
        "level": 2,
        "text": "Vậy Soroban giúp gì?"
      },
      {
        "type": "paragraph",
        "text": "**1. Tính toán nhanh hơn:** Phần cộng trừ nhân chia, con làm nhanh hơn bạn. Dư thời gian kiểm tra."
      },
      {
        "type": "paragraph",
        "text": "**2. Ít sai phép tính:** Khi tính nhẩm thành phản xạ, con ít sai hơn."
      },
      {
        "type": "paragraph",
        "text": "**3. Tự tin hơn:** Con thấy mình giỏi tính, con tự tin học toán. Tâm lý tốt → kết quả tốt."
      },
      {
        "type": "callout",
        "style": "empathy",
        "text": "Soroban không phải \"viên đạn thần kỳ\" giúp giỏi toán ngay. Nó xây nền tảng vững cho việc học toán lâu dài."
      },
      {
        "type": "heading",
        "level": 2,
        "text": "Thực tế của con mình"
      },
      {
        "type": "paragraph",
        "text": "3 tháng đầu học Sorokid, điểm toán không thay đổi. Mình hơi thất vọng."
      },
      {
        "type": "paragraph",
        "text": "6 tháng sau, con bắt đầu làm bài nhanh hơn, ít sai phép tính hơn. Điểm từ 7-8 lên 8-9."
      },
      {
        "type": "paragraph",
        "text": "1 năm sau, con tự tin hơn hẳn. Gặp bài khó con không sợ, con thử. Đó là thay đổi lớn nhất."
      },
      {
        "type": "callout",
        "style": "reassurance",
        "text": "Đừng kỳ vọng Soroban giúp điểm tăng ngay. Hãy kiên nhẫn. Hiệu quả đến sau 6 tháng - 1 năm."
      }
    ]
  },
  "faq": [
    {
      "question": "Học Soroban bao lâu thì thấy hiệu quả?",
      "answer": "Thường 6 tháng - 1 năm. 3 tháng đầu là xây nền, chưa thấy rõ. Kiên nhẫn."
    },
    {
      "question": "Soroban có thay thế học thêm toán được không?",
      "answer": "Không hoàn toàn. Soroban giúp tính toán. Nhưng giải toán đố, hình học vẫn cần học riêng."
    }
  ],
  "cta": {
    "text": "Sorokid xây nền tảng tính toán vững chắc cho con.",
    "buttonText": "Bắt đầu xây nền tảng",
    "buttonLink": "/register"
  }
}