{
  "slug": "soroban-la-gi-vi-sao-phu-hop-voi-tre-tieu-hoc",
  "title": "Mình từng thắc mắc: Soroban là gì mà nhiều người cho con học thế?",
  "description": "Mình cũng không biết Soroban là gì – cho đến khi tìm hiểu và thử cho con học. Đây là những gì mình hiểu được.",
  "category": "soroban-cho-phu-huynh",
  "keywords": [
    "soroban là gì",
    "bàn tính soroban",
    "học soroban có tốt không"
  ],
  "status": "published",
  "publishedAt": "2025-12-25T02:37:22.160Z",
  "createdAt": "2025-12-25",
  "image": "/blog/soroban-phu-hop-tre-tieu-hoc.jpg",
  "readingTime": 6,
  "content": {
    "intro": "Lần đầu nghe \"Soroban\", mình nghĩ: \"Cái gì đây?\" Mình không biết nó là gì, cũng không biết tại sao nhiều phụ huynh cho con học. Sau khi tìm hiểu, mình hiểu hơn – và muốn chia sẻ với bạn.",
    "sections": [
      {
        "type": "heading",
        "level": 2,
        "text": "Soroban là cái gì?"
      },
      {
        "type": "paragraph",
        "text": "Nói đơn giản: Soroban là bàn tính của Nhật Bản. Giống như cái bàn tính hạt mà thế hệ trước dùng, nhưng thiết kế khác."
      },
      {
        "type": "paragraph",
        "text": "Nó có các cột, mỗi cột có 5 hạt: 1 hạt trên (đại diện số 5) và 4 hạt dưới (mỗi hạt là 1). Trẻ di chuyển hạt lên xuống để tính toán."
      },
      {
        "type": "paragraph",
        "text": "Ban đầu, con dùng bàn tính thật. Sau một thời gian, con sẽ hình dung bàn tính trong đầu và tính nhẩm – đó gọi là \"tính nhẩm Soroban.\""
      },
      {
        "type": "heading",
        "level": 2,
        "text": "Vì sao mình quan tâm?"
      },
      {
        "type": "paragraph",
        "text": "Mình thấy con mình học toán kiểu cũ – ghi nhớ công thức, làm bài trên giấy – nhưng không thực sự hiểu. Con thuộc \"7 + 8 = 15\" như thuộc bài hát, chứ không hình dung được tại sao."
      },
      {
        "type": "paragraph",
        "text": "Khi đọc về Soroban, mình thấy cách tiếp cận khác: con \"nhìn thấy\" con số qua hình ảnh. Mình nghĩ: có lẽ đây là cách phù hợp hơn?"
      },
      {
        "type": "heading",
        "level": 2,
        "text": "Cái mình hiểu về Soroban"
      },
      {
        "type": "paragraph",
        "text": "Sau khi tìm hiểu, mình rút ra mấy điểm:"
      },
      {
        "type": "list",
        "items": [
          "**Học qua hình ảnh:** Con nhìn vị trí hạt để hiểu con số, không chỉ ghi nhớ",
          "**Rèn tập trung:** Để di chuyển hạt đúng, con phải tập trung cao độ",
          "**Xây dựng tính nhẩm:** Mục tiêu cuối cùng là tính trong đầu mà không cần bàn tính",
          "**Phù hợp với trẻ nhỏ:** Trẻ 6-10 tuổi đang ở giai đoạn phát triển tư duy trực quan – học qua hình ảnh dễ hơn"
        ]
      },
      {
        "type": "heading",
        "level": 2,
        "text": "Mình từng lo gì?"
      },
      {
        "type": "paragraph",
        "text": "**\"Con đang học toán ở trường, học thêm Soroban có rối không?\"** – Mình cũng lo. Nhưng thực tế Soroban không mâu thuẫn với toán ở trường. Nó là cách tiếp cận khác, bổ sung cho nhau."
      },
      {
        "type": "paragraph",
        "text": "**\"Mình không biết Soroban, làm sao dạy con?\"** – Đây là lo lắng lớn nhất của mình. Nhưng hóa ra không cần. Có app hướng dẫn con từng bước, mình chỉ cần theo dõi."
      },
      {
        "type": "paragraph",
        "text": "**\"Học Soroban có mất nhiều thời gian không?\"** – Khoảng 15-20 phút mỗi ngày. Không nhiều, nhưng cần đều đặn."
      },
      {
        "type": "callout",
        "style": "empathy",
        "text": "Nếu bạn cũng đang thắc mắc như mình, đừng lo. Bạn không cần hiểu hết về Soroban để cho con thử. Quan trọng là xem con có phù hợp không."
      },
      {
        "type": "heading",
        "level": 2,
        "text": "Con mình học thì sao?"
      },
      {
        "type": "paragraph",
        "text": "Mình cho con thử app Sorokid. Tuần đầu, con còn lạ lẫm. Nhưng sau đó, con quen dần. Con thích nhất là thấy mình \"lên cấp\" sau mỗi bài."
      },
      {
        "type": "paragraph",
        "text": "Sau khoảng 1 tháng, mình thấy con tính nhẩm nhanh hơn – những phép tính đơn giản như 23 + 15, con làm trong đầu được. Trước đó con phải viết ra giấy."
      },
      {
        "type": "paragraph",
        "text": "Mình không biết Soroban có phải \"phương pháp tốt nhất\" không. Nhưng với con mình, nó phù hợp."
      },
      {
        "type": "heading",
        "level": 2,
        "text": "Nếu bạn đang cân nhắc"
      },
      {
        "type": "paragraph",
        "text": "Mình không khuyên bạn phải cho con học Soroban. Mỗi con khác nhau, mỗi gia đình khác nhau."
      },
      {
        "type": "paragraph",
        "text": "Nhưng nếu bạn đang tìm cách giúp con học toán mà không muốn ngồi kèm căng thẳng, thì Soroban là một lựa chọn đáng thử. Đặc biệt nếu con bạn tiếp thu tốt qua hình ảnh."
      },
      {
        "type": "callout",
        "style": "reassurance",
        "text": "Soroban không phải phép màu biến con thành thiên tài. Nhưng nếu học đều đặn, nó giúp con tự tin hơn với con số – và đó là nền tảng tốt cho tương lai."
      }
    ]
  },
  "faq": [
    {
      "question": "Con đang học toán ở trường rồi, học thêm Soroban có rối không?",
      "answer": "Không. Soroban là cách tiếp cận bổ sung, không mâu thuẫn. Nhiều trẻ học cả hai và thấy hiểu toán ở trường tốt hơn."
    },
    {
      "question": "Bao nhiêu tuổi thì nên học Soroban?",
      "answer": "Từ 5-6 tuổi có thể bắt đầu làm quen. Giai đoạn 7-10 tuổi (lớp 1-4) là phù hợp nhất vì não trẻ đang phát triển mạnh khả năng tư duy hình ảnh."
    },
    {
      "question": "Học bao lâu thì thấy kết quả?",
      "answer": "Sau 2-4 tuần học đều đặn (15-20 phút/ngày), thường thấy con tính nhẩm nhanh hơn với các phép tính đơn giản. Để thành thạo cần vài tháng."
    },
    {
      "question": "Mình không biết Soroban có dạy con được không?",
      "answer": "Được, nếu dùng app có hướng dẫn từng bước. Bạn không cần biết – app dạy con. Bạn chỉ cần động viên và theo dõi."
    },
    {
      "question": "Soroban có giúp con giỏi toán ở trường không?",
      "answer": "Soroban giúp con tính nhẩm nhanh và tự tin với con số. Điều này gián tiếp giúp con làm bài tốt hơn, đặc biệt các phép tính cộng trừ nhân chia."
    }
  ],
  "cta": {
    "text": "Nếu bạn tò mò và muốn thử, Sorokid có bản dùng thử miễn phí. Xem con có thích không rồi quyết định.",
    "buttonText": "Thử xem",
    "buttonLink": "/register"
  },
  "imageAlt": "Bé tiểu học châu Á đang cầm bàn tính Soroban với nụ cười hào hứng",
  "categoryOrder": 1,
  "order": 1
}