{
  "slug": "soroban-giup-tre-tinh-nham-tot-hon-nhu-the-nao",
  "title": "Con mình tính nhẩm nhanh hơn – mình nghĩ là nhờ Soroban",
  "description": "Mình không chắc chắn 100%, nhưng sau vài tháng học Soroban, con tính nhẩm nhanh hơn hẳn. Đây là những gì mình quan sát được.",
  "category": "soroban-cho-phu-huynh",
  "keywords": [
    "soroban tính nhẩm",
    "trẻ tính nhẩm nhanh",
    "phương pháp tính nhẩm"
  ],
  "status": "draft",
  "publishedAt": null,
  "createdAt": "2025-12-25",
  "image": "/blog/soroban-giup-tre-tinh-nham.jpg",
  "readingTime": 5,
  "content": {
    "intro": "Hôm trước đi siêu thị, con bảo: \"Mẹ ơi, mua 3 cái này hết 87 nghìn.\" Mình nhẩm chưa kịp thì con đã ra kết quả. Mình ngạc nhiên – trước đây con còn phải đếm ngón tay.",
    "sections": [
      {
        "type": "heading",
        "level": 2,
        "text": "Trước khi học Soroban"
      },
      {
        "type": "paragraph",
        "text": "Con mình không giỏi toán. Mỗi lần làm bài, con phải viết ra giấy, tính từng bước. Phép cộng 2 chữ số cũng mất vài phút. Con hay quên số trung gian, tính sai, rồi lại làm lại."
      },
      {
        "type": "paragraph",
        "text": "Mình cũng không giỏi tính nhẩm, nên không biết dạy con thế nào. Mình chỉ bảo: \"Con cố gắng lên, tập nhiều sẽ quen.\" Nhưng tập nhiều mà vẫn chậm thì sao?"
      },
      {
        "type": "heading",
        "level": 2,
        "text": "Cách con học Soroban"
      },
      {
        "type": "paragraph",
        "text": "Mình cho con học Soroban trên app Sorokid. Ban đầu, con dùng bàn tính ảo trên màn hình – di chuyển hạt để tính. Mình thấy chậm hơn viết ra giấy, nên hơi nghi ngờ."
      },
      {
        "type": "paragraph",
        "text": "Nhưng sau khoảng 2 tháng, mình nhận ra con bắt đầu khác. Con không còn dùng bàn tính trên app nữa – con nhìn lên trần nhà và tính. Mình hỏi: \"Con đang làm gì?\" Con bảo: \"Con hình dung bàn tính trong đầu.\""
      },
      {
        "type": "paragraph",
        "text": "Mình không hiểu lắm, nhưng mình thấy kết quả: con tính nhanh hơn."
      },
      {
        "type": "heading",
        "level": 2,
        "text": "Cái mình hiểu về cách Soroban giúp tính nhẩm"
      },
      {
        "type": "paragraph",
        "text": "Mình tìm hiểu thì thấy: Soroban dạy con \"nhìn\" số thay vì \"nhớ\" số."
      },
      {
        "type": "paragraph",
        "text": "Khi mình tính nhẩm 47 + 38, mình phải: nhớ 47, nhớ 38, tính 7 + 8 = 15, nhớ 5, nhớ 1, tính 4 + 3 + 1 = 8... Quá nhiều thứ phải nhớ, dễ quên."
      },
      {
        "type": "paragraph",
        "text": "Khi con tính, con hình dung: số 47 trông như thế nào trên bàn tính, rồi \"di chuyển\" thêm 38 trong đầu, rồi \"nhìn\" kết quả. Con không nhớ số – con nhìn hình ảnh. Mà hình ảnh thì dễ nhớ hơn số."
      },
      {
        "type": "callout",
        "style": "empathy",
        "text": "Mình không phải chuyên gia, nên không giải thích được rõ ràng hơn. Mình chỉ chia sẻ những gì mình quan sát từ con mình."
      },
      {
        "type": "heading",
        "level": 2,
        "text": "Quá trình của con"
      },
      {
        "type": "paragraph",
        "text": "Không phải ngày một ngày hai. Con học khoảng 15 phút mỗi ngày. Đây là tiến trình mình thấy:"
      },
      {
        "type": "list",
        "items": [
          "**Tháng 1-2:** Làm quen, di chuyển hạt trên app, còn chậm",
          "**Tháng 3-4:** Bắt đầu hình dung được, không cần nhìn bàn tính nhiều",
          "**Tháng 5-6:** Tính nhẩm được số 2 chữ số, nhanh hơn trước nhiều",
          "**Bây giờ:** Con tính nhẩm trong đầu, mình không theo kịp"
        ]
      },
      {
        "type": "paragraph",
        "text": "Có lúc con chán, không muốn học. Mình không ép. Nghỉ vài ngày rồi học lại. Quan trọng là đều đặn trong dài hạn, không phải cố gắng quá mức trong ngắn hạn."
      },
      {
        "type": "heading",
        "level": 2,
        "text": "Điều mình không chắc"
      },
      {
        "type": "paragraph",
        "text": "Mình không biết Soroban có phải \"phương pháp tốt nhất\" không. Cũng có thể con lớn lên tự nhiên tính nhẩm tốt hơn. Mình không có nhóm đối chứng để so sánh."
      },
      {
        "type": "paragraph",
        "text": "Nhưng mình thấy: con tự tin hơn với toán. Trước đây con sợ toán, giờ con không sợ nữa. Con thích \"khoe\" với mình khi tính được nhanh. Với mình, thế là đủ."
      },
      {
        "type": "heading",
        "level": 2,
        "text": "Nếu bạn đang cân nhắc"
      },
      {
        "type": "paragraph",
        "text": "Mình không nói Soroban phù hợp với mọi trẻ. Nhưng nếu con bạn đang gặp khó khăn với tính nhẩm, đây là một cách đáng thử. Không tốn nhiều thời gian – 15 phút mỗi ngày. Không cần bạn biết Soroban – app hướng dẫn."
      },
      {
        "type": "paragraph",
        "text": "Quan trọng là kiên nhẫn. Không có phép màu qua đêm."
      },
      {
        "type": "callout",
        "style": "reassurance",
        "text": "Con không cần trở thành \"thần đồng tính nhẩm\". Chỉ cần tự tin hơn với con số, không sợ toán – thế là thành công rồi."
      }
    ]
  },
  "faq": [
    {
      "question": "Con không giỏi tưởng tượng, có học được Soroban không?",
      "answer": "Được. Ban đầu con dùng bàn tính thật (hoặc bàn tính trên app), dần dần mới tập tưởng tượng. Khả năng này rèn luyện được, không phải năng khiếu bẩm sinh."
    },
    {
      "question": "Học Soroban có ảnh hưởng đến cách tính ở trường không?",
      "answer": "Thường là ảnh hưởng tốt. Con có thể kiểm tra kết quả nhanh bằng tính nhẩm, sau đó vẫn trình bày bài theo cách cô yêu cầu."
    },
    {
      "question": "Bao lâu thì con tính nhẩm được?",
      "answer": "Thường sau 4-6 tháng học đều đặn, con tính nhẩm được các phép tính đơn giản. Để thành thạo cần lâu hơn, tùy con."
    },
    {
      "question": "Con lớp 4 rồi, có muộn không?",
      "answer": "Không muộn. Lớp 4-5 vẫn học được. Trẻ lớn hơn có thể tiếp thu nhanh hơn vì đã có nền tảng số học."
    }
  ],
  "cta": {
    "text": "Nếu bạn muốn thử, Sorokid có bản dùng thử miễn phí. Xem con có thích không rồi quyết định.",
    "buttonText": "Thử xem",
    "buttonLink": "/register"
  },
  "imageAlt": "Bé trai châu Á tính nhẩm nhanh trong đầu với ánh mắt tập trung",
  "categoryOrder": 1,
  "order": 18
}