{
  "slug": "soroban-co-that-su-tot-nhu-loi-don",
  "title": "Soroban có thật sự tốt như lời đồn? Mình kể thật",
  "description": "Sau 1 năm cho con học, mình thấy Soroban có nhiều điểm tốt – nhưng cũng không phải thần dược. Đây là đánh giá thật của mình.",
  "category": "soroban-cho-phu-huynh",
  "keywords": [
    "soroban có tốt không",
    "ưu nhược điểm soroban",
    "học soroban có hiệu quả không"
  ],
  "status": "draft",
  "publishedAt": null,
  "createdAt": "2025-12-25",
  "image": "/blog/gia-dinh-hoc-soroban-tai-nha.jpg",
  "readingTime": 7,
  "content": {
    "intro": "Trước khi cho con học, mình đọc rất nhiều. Hầu hết đều khen Soroban \"tuyệt vời\", \"giúp con thông minh\", \"phát triển não bộ\". Mình hơi nghi ngờ – có cái gì hoàn hảo vậy đâu? Sau 1 năm, mình muốn chia sẻ cả mặt tốt lẫn mặt chưa tốt mà mình thấy.",
    "sections": [
      {
        "type": "heading",
        "level": 2,
        "text": "Những điều mình thấy TỐT"
      },
      {
        "type": "heading",
        "level": 3,
        "text": "1. Con tính nhẩm nhanh hơn – thật sự"
      },
      {
        "type": "paragraph",
        "text": "Đây là điều rõ ràng nhất. Trước đây con cộng 17+25 phải viết ra giấy. Giờ con làm trong đầu được. Không nhanh như máy, nhưng nhanh hơn hẳn so với trước."
      },
      {
        "type": "paragraph",
        "text": "Mình để ý: đi siêu thị, con tính tiền nhanh hơn cả mình. Điều này trước đây không có."
      },
      {
        "type": "heading",
        "level": 3,
        "text": "2. Con bớt sợ toán"
      },
      {
        "type": "paragraph",
        "text": "Trước khi học Soroban, con ghét toán. Mỗi lần làm bài là một \"cuộc chiến\". Giờ con không sợ nữa. Không phải con yêu toán, nhưng con không còn căng thẳng khi thấy bài toán."
      },
      {
        "type": "paragraph",
        "text": "Mình nghĩ lý do là: con tự tin hơn vì tính được. Khi tự tin, con không sợ."
      },
      {
        "type": "heading",
        "level": 3,
        "text": "3. Con tập trung tốt hơn"
      },
      {
        "type": "paragraph",
        "text": "Mình không chắc đây có phải nhờ Soroban hay do con lớn lên. Nhưng mình thấy con ngồi làm bài được lâu hơn, ít phân tâm hơn."
      },
      {
        "type": "paragraph",
        "text": "Cô giáo ở trường cũng nói con \"tập trung hơn năm ngoái\". Có thể là Soroban, có thể là do lớn – mình không dám khẳng định 100%."
      },
      {
        "type": "heading",
        "level": 3,
        "text": "4. Con tự học được, mình đỡ phải kèm"
      },
      {
        "type": "paragraph",
        "text": "Đây là điều mình thích nhất. Con học trên app, có hướng dẫn từng bước. Mình không cần ngồi cạnh. Mình chỉ hỏi \"hôm nay con học được gì?\" là đủ."
      },
      {
        "type": "paragraph",
        "text": "So với kèm con học toán thông thường – khi mình phải giải thích, la mắng, căng thẳng – thì Soroban nhẹ nhàng hơn nhiều."
      },
      {
        "type": "callout",
        "style": "empathy",
        "text": "Mình không nói Soroban hoàn hảo. Đây chỉ là những điều mình THẤY sau 1 năm. Mỗi gia đình có thể có trải nghiệm khác."
      },
      {
        "type": "heading",
        "level": 2,
        "text": "Những điều mình thấy CHƯA TỐT"
      },
      {
        "type": "heading",
        "level": 3,
        "text": "1. Cần thời gian – không có phép màu"
      },
      {
        "type": "paragraph",
        "text": "Mình từng kỳ vọng 2-3 tháng là thấy kết quả. Thực tế mất 6-8 tháng mình mới thấy con tính nhẩm tốt hơn rõ rệt."
      },
      {
        "type": "paragraph",
        "text": "Nếu bạn tìm giải pháp \"nhanh\", Soroban không phải. Đây là kỹ năng tích lũy, cần kiên nhẫn."
      },
      {
        "type": "heading",
        "level": 3,
        "text": "2. Không thay thế được toán ở trường"
      },
      {
        "type": "paragraph",
        "text": "Soroban giúp tính nhẩm, nhưng không dạy con giải bài toán có lời văn, hình học, hay các dạng toán khác. Con vẫn cần học toán ở trường."
      },
      {
        "type": "paragraph",
        "text": "Mình thấy Soroban là \"bổ sung\", không phải \"thay thế\". Đừng nghĩ cho con học Soroban là không cần học toán nữa."
      },
      {
        "type": "heading",
        "level": 3,
        "text": "3. Có hôm con chán, không muốn học"
      },
      {
        "type": "paragraph",
        "text": "Không phải ngày nào con cũng hào hứng. Có tuần con bảo \"chán rồi, không học nữa\". Mình phải động viên, hoặc cho nghỉ vài ngày."
      },
      {
        "type": "paragraph",
        "text": "Soroban không phải \"game\" mà con nghiện. Vẫn cần sự kiên nhẫn của phụ huynh."
      },
      {
        "type": "heading",
        "level": 3,
        "text": "4. Không phải con nào cũng phù hợp"
      },
      {
        "type": "paragraph",
        "text": "Mình có hỏi vài phụ huynh khác. Có người nói con họ thích, có người nói con họ học được vài tháng rồi bỏ. Không phải ai cũng hợp với cách học qua hình ảnh."
      },
      {
        "type": "paragraph",
        "text": "Nếu con bạn thử vài tuần mà không hứng thú, có lẽ Soroban không phù hợp với con – và điều đó hoàn toàn bình thường."
      },
      {
        "type": "heading",
        "level": 2,
        "text": "So sánh Soroban và học toán thông thường"
      },
      {
        "type": "table",
        "headers": [
          "Khía cạnh",
          "Soroban",
          "Toán thông thường"
        ],
        "rows": [
          [
            "Tính nhẩm",
            "Tốt hơn rõ rệt",
            "Phụ thuộc vào từng con"
          ],
          [
            "Giải bài toán lời văn",
            "Không dạy",
            "Dạy đầy đủ"
          ],
          [
            "Phát triển tư duy logic",
            "Có (qua hình ảnh)",
            "Có (qua bài tập)"
          ],
          [
            "Thời gian thấy kết quả",
            "6-12 tháng",
            "Tùy con"
          ],
          [
            "Cần người kèm",
            "Ít hơn (nếu dùng app)",
            "Nhiều hơn"
          ],
          [
            "Chi phí",
            "Tùy cách học",
            "Miễn phí nếu tự kèm"
          ]
        ]
      },
      {
        "type": "heading",
        "level": 2,
        "text": "Vậy có nên cho con học Soroban?"
      },
      {
        "type": "paragraph",
        "text": "Mình không trả lời được cho bạn. Nhưng đây là gợi ý:"
      },
      {
        "type": "paragraph",
        "text": "**NÊN THỬ nếu:**"
      },
      {
        "type": "list",
        "items": [
          "Con gặp khó khăn với tính nhẩm",
          "Con tiếp thu tốt qua hình ảnh",
          "Bạn kiên nhẫn, không kỳ vọng kết quả nhanh",
          "Bạn bận, muốn con tự học được"
        ]
      },
      {
        "type": "paragraph",
        "text": "**KHÔNG NÊN ÉP nếu:**"
      },
      {
        "type": "list",
        "items": [
          "Con không hứng thú sau khi thử",
          "Bạn kỳ vọng \"phép màu\" trong vài tháng",
          "Con đã giỏi toán và không gặp khó khăn gì"
        ]
      },
      {
        "type": "callout",
        "style": "reassurance",
        "text": "Soroban là một công cụ – không phải thần dược. Nó tốt cho một số trẻ, không phù hợp với một số khác. Cách tốt nhất để biết là cho con thử."
      }
    ]
  },
  "faq": [
    {
      "question": "Soroban có làm con \"giỏi toán\" không?",
      "answer": "Soroban giúp tính nhẩm tốt hơn, tự tin hơn với con số. Nhưng \"giỏi toán\" còn cần nhiều yếu tố khác: logic, giải bài văn, hình học... Soroban không dạy hết."
    },
    {
      "question": "Học Soroban có hại gì không?",
      "answer": "Mình không thấy hại gì. Chỉ có lãng phí thời gian nếu con không hứng thú và bị ép học."
    },
    {
      "question": "Con đã giỏi toán rồi, có cần học Soroban không?",
      "answer": "Không bắt buộc. Soroban có thể giúp con tính nhẩm nhanh hơn nữa, nhưng nếu con đã tốt thì không cần thiết."
    },
    {
      "question": "Soroban có khác gì bàn tính thông thường?",
      "answer": "Bàn tính thông thường (abacus) có nhiều hạt hơn và dùng cách khác. Soroban (Nhật Bản) được thiết kế để tính nhanh hơn và dễ hình dung trong đầu hơn."
    }
  ],
  "cta": {
    "text": "Nếu bạn muốn xem con có phù hợp không, hãy cho con thử trước khi quyết định. Sorokid có bản dùng thử miễn phí.",
    "buttonText": "Cho con thử",
    "buttonLink": "/register"
  },
  "imageAlt": "Gia đình châu Á cùng học Soroban tại nhà",
  "categoryOrder": 1,
  "order": 17
}