{
  "slug": "tao-thoi-quen-hoc-toan-cho-con",
  "title": "Mình mất 3 tuần để con có thói quen học toán – đây là cách",
  "description": "Ban đầu phải nhắc từng ngày. Giờ con tự mở app học mà không cần ai nói. Bí quyết rất đơn giản.",
  "category": "cach-giup-con-hoc-toan-nhe-nhang",
  "keywords": [
    "tạo thói quen học",
    "con tự giác học",
    "dạy con kỷ luật"
  ],
  "status": "draft",
  "publishedAt": null,
  "createdAt": "2025-12-25",
  "image": "/blog/be-tu-giac-hoc.jpg",
  "imageAlt": "Bé trai châu Á tự giác ngồi học bài",
  "readingTime": 6,
  "categoryOrder": 4,
  "order": 9,
  "content": {
    "intro": "\"Con ơi, học toán đi!\" – Mình nói câu này hàng chục lần mỗi ngày. Mệt. Rồi mình tìm cách để con TỰ học mà không cần nhắc. Mất 3 tuần, nhưng được.",
    "sections": [
      {
        "type": "heading",
        "level": 2,
        "text": "Vì sao trẻ cần thói quen?"
      },
      {
        "type": "paragraph",
        "text": "Thói quen = không cần suy nghĩ. Giống như đánh răng – không ai phải cố gắng nhớ đánh răng mỗi sáng."
      },
      {
        "type": "paragraph",
        "text": "Nếu học toán thành thói quen, con sẽ tự động làm, không cần ép."
      },
      {
        "type": "heading",
        "level": 2,
        "text": "Cách mình tạo thói quen cho con"
      },
      {
        "type": "paragraph",
        "text": "**1. Chọn giờ cố định:** Con học Sorokid lúc 7h sáng, sau khi đánh răng, trước khi ăn sáng. Không đổi."
      },
      {
        "type": "paragraph",
        "text": "**2. Gắn với hoạt động có sẵn:** \"Sau khi đánh răng xong thì học\" – không phải \"lúc nào rảnh thì học\"."
      },
      {
        "type": "paragraph",
        "text": "**3. Bắt đầu từ ít:** 10 phút thôi. Đừng tham. Sau 2 tuần quen thì tăng lên 15 phút."
      },
      {
        "type": "paragraph",
        "text": "**4. Nhất quán:** 7 ngày/tuần. Không nghỉ cuối tuần. Nghỉ 1 ngày = phải làm lại từ đầu."
      },
      {
        "type": "callout",
        "style": "empathy",
        "text": "Tuần đầu rất khó. Tuần thứ 2 dễ hơn. Tuần thứ 3 con bắt đầu tự làm. Kiên nhẫn."
      },
      {
        "type": "heading",
        "level": 2,
        "text": "Mình không thưởng bằng đồ chơi"
      },
      {
        "type": "paragraph",
        "text": "Mình không nói: \"Học xong mẹ mua đồ chơi.\" Vì như vậy con học vì đồ chơi, không phải vì thói quen."
      },
      {
        "type": "paragraph",
        "text": "Mình chỉ khen: \"Con tự giác học quá giỏi!\" – Thưởng bằng lời."
      },
      {
        "type": "heading",
        "level": 2,
        "text": "Bây giờ"
      },
      {
        "type": "paragraph",
        "text": "Sáng dậy, con tự đi đánh răng, rồi tự lấy tablet học Sorokid. Không ai nhắc."
      },
      {
        "type": "paragraph",
        "text": "Mình tiết kiệm được bao nhiêu năng lượng từ việc không phải nhắc nhở mỗi ngày."
      },
      {
        "type": "callout",
        "style": "reassurance",
        "text": "Tạo thói quen mất thời gian, nhưng đáng. Đầu tư 3 tuần, thu lợi cả năm."
      }
    ]
  },
  "faq": [
    {
      "question": "Nếu một ngày con không chịu học thì sao?",
      "answer": "Vẫn ngồi vào bàn đúng giờ, dù chỉ 5 phút. Không bỏ qua ngày nào. Tính nhất quán quan trọng hơn thời lượng."
    },
    {
      "question": "Bao lâu thì thành thói quen?",
      "answer": "Trung bình 21 ngày. Nhưng có trẻ nhanh hơn, có trẻ chậm hơn. Kiên nhẫn."
    }
  ],
  "cta": {
    "text": "Sorokid có bài học ngắn, phù hợp để tạo thói quen học mỗi ngày.",
    "buttonText": "Bắt đầu tạo thói quen",
    "buttonLink": "/register"
  }
}