{
  "slug": "tinh-nham-soroban-anzan",
  "title": "Tính nhẩm Soroban (Anzan) – Đỉnh cao của học Soroban",
  "description": "Anzan là tính nhẩm bằng cách hình dung Soroban trong đầu. Đây là mục tiêu cao nhất khi học Soroban.",
  "category": "soroban-cho-phu-huynh",
  "keywords": [
    "tính nhẩm soroban",
    "anzan là gì",
    "flash anzan",
    "tính nhẩm nhanh soroban"
  ],
  "status": "draft",
  "publishedAt": null,
  "createdAt": "2025-12-25",
  "image": "/blog/tre-luyen-tinh-nham-anzan.jpg",
  "imageAlt": "Trẻ em luyện tính nhẩm Soroban Anzan",
  "readingTime": 8,
  "content": {
    "intro": "Khi thấy trẻ tính nhẩm hàng chục số trong vài giây trên TV, đó là Anzan – tính nhẩm bằng cách hình dung Soroban trong đầu. Đây là đỉnh cao của học Soroban, và bất kỳ trẻ nào cũng có thể đạt được nếu luyện đúng cách.",
    "sections": [
      {
        "type": "heading",
        "level": 2,
        "text": "Anzan là gì?"
      },
      {
        "type": "paragraph",
        "text": "Anzan (暗算) trong tiếng Nhật nghĩa là \"tính trong bóng tối\" hay \"tính nhẩm\". Đây là kỹ thuật tính toán bằng cách hình dung bàn tính Soroban trong đầu, không cần nhìn hay chạm vào bàn tính thật."
      },
      {
        "type": "paragraph",
        "text": "Khi con học Soroban đủ lâu, não sẽ tự động tạo ra \"hình ảnh\" của bàn tính. Con có thể gạt các hạt \"ảo\" trong đầu, giống như đang dùng bàn tính thật."
      },
      {
        "type": "heading",
        "level": 2,
        "text": "Các loại Anzan"
      },
      {
        "type": "heading",
        "level": 3,
        "text": "1. Anzan cơ bản (Mental Anzan)"
      },
      {
        "type": "paragraph",
        "text": "Con nghe đề bài (hoặc nhìn số), sau đó tính trong đầu. Không giới hạn thời gian."
      },
      {
        "type": "heading",
        "level": 3,
        "text": "2. Flash Anzan"
      },
      {
        "type": "paragraph",
        "text": "Các số hiện lên màn hình rất nhanh (0.1-0.5 giây mỗi số). Con phải cộng tất cả trong đầu. Đây là hình thức thi đấu phổ biến."
      },
      {
        "type": "heading",
        "level": 3,
        "text": "3. Listening Anzan"
      },
      {
        "type": "paragraph",
        "text": "Con nghe các số được đọc to, tính trong đầu mà không nhìn thấy số."
      },
      {
        "type": "heading",
        "level": 2,
        "text": "Con cần gì để học Anzan?"
      },
      {
        "type": "list",
        "items": [
          "**Thành thạo tất cả 4 phép tính trên Soroban thật:** Cộng, trừ, nhân, chia",
          "**Động tác thuần thục:** Gạt hạt không cần nhìn, tay tự động",
          "**Luyện tập đều đặn:** Mỗi ngày ít nhất 15-20 phút",
          "**Thời gian:** Thường cần 1-2 năm học Soroban trước khi bắt đầu Anzan"
        ]
      },
      {
        "type": "callout",
        "style": "info",
        "text": "Không thể \"nhảy cóc\" học Anzan mà chưa vững Soroban thật. Hình ảnh trong đầu hình thành từ việc luyện tập trên bàn tính thật."
      },
      {
        "type": "heading",
        "level": 2,
        "text": "Quy trình phát triển Anzan"
      },
      {
        "type": "heading",
        "level": 3,
        "text": "Giai đoạn 1: Hình dung 1 cột"
      },
      {
        "type": "paragraph",
        "text": "Con nhắm mắt, tưởng tượng 1 cột Soroban. Thử biểu diễn các số 0-9 trong đầu."
      },
      {
        "type": "heading",
        "level": 3,
        "text": "Giai đoạn 2: Cộng/trừ đơn giản trong đầu"
      },
      {
        "type": "paragraph",
        "text": "Tính 3 + 2, 7 - 4 bằng cách hình dung gạt hạt. Bắt đầu với số 1 chữ số."
      },
      {
        "type": "heading",
        "level": 3,
        "text": "Giai đoạn 3: Mở rộng ra nhiều cột"
      },
      {
        "type": "paragraph",
        "text": "Hình dung 2 cột, rồi 3 cột. Tính số 2-3 chữ số trong đầu."
      },
      {
        "type": "heading",
        "level": 3,
        "text": "Giai đoạn 4: Tăng tốc độ"
      },
      {
        "type": "paragraph",
        "text": "Khi hình dung đã rõ, bắt đầu tính nhanh hơn. Luyện Flash Anzan với tốc độ chậm, tăng dần."
      },
      {
        "type": "heading",
        "level": 3,
        "text": "Giai đoạn 5: Nhân chia trong đầu"
      },
      {
        "type": "paragraph",
        "text": "Đây là cấp độ cao. Cần nhiều năm luyện tập."
      },
      {
        "type": "heading",
        "level": 2,
        "text": "Bài tập khởi đầu Anzan"
      },
      {
        "type": "heading",
        "level": 3,
        "text": "Bài 1: Hình dung số"
      },
      {
        "type": "list",
        "items": [
          "Nhắm mắt",
          "Tưởng tượng 1 cột Soroban",
          "Nghĩ số 7 – \"nhìn\" hạt trời + 2 hạt đất",
          "Đổi sang số 4 – \"nhìn\" 4 hạt đất"
        ]
      },
      {
        "type": "heading",
        "level": 3,
        "text": "Bài 2: Cộng đơn giản"
      },
      {
        "type": "list",
        "items": [
          "Nhắm mắt, hình dung số 3",
          "\"Gạt\" thêm 2 hạt trong đầu",
          "\"Nhìn\" kết quả: 5"
        ]
      },
      {
        "type": "heading",
        "level": 3,
        "text": "Bài 3: Flash Anzan mức dễ"
      },
      {
        "type": "paragraph",
        "text": "5 số, mỗi số 1 giây: 2 + 3 + 1 + 4 + 2 = ?"
      },
      {
        "type": "heading",
        "level": 2,
        "text": "Lợi ích của Anzan"
      },
      {
        "type": "list",
        "items": [
          "**Tính nhẩm cực nhanh:** Hàng chục số trong vài giây",
          "**Phát triển não phải:** Tư duy hình ảnh, sáng tạo",
          "**Tập trung cao độ:** Rèn luyện khả năng chú ý",
          "**Trí nhớ làm việc:** Giữ nhiều thông tin trong đầu",
          "**Tự tin:** Con sẽ \"giỏi toán\" hơn bạn bè"
        ]
      },
      {
        "type": "heading",
        "level": 2,
        "text": "Bao lâu để học được Anzan?"
      },
      {
        "type": "table",
        "headers": [
          "Cấp độ",
          "Thời gian ước tính",
          "Khả năng"
        ],
        "rows": [
          [
            "Mới bắt đầu",
            "6-12 tháng",
            "Hình dung 1-2 cột, cộng trừ đơn giản"
          ],
          [
            "Trung cấp",
            "1-2 năm",
            "Hình dung 3-4 cột, cộng trừ số 3 chữ số"
          ],
          [
            "Nâng cao",
            "2-3 năm",
            "Flash Anzan 10+ số, nhân chia cơ bản"
          ],
          [
            "Chuyên gia",
            "4-5+ năm",
            "Flash Anzan 15 số trong < 2 giây"
          ]
        ]
      },
      {
        "type": "callout",
        "style": "reassurance",
        "text": "Không phải ai cũng cần đạt cấp chuyên gia. Chỉ cần Anzan mức cơ bản, con đã tính nhẩm nhanh hơn hầu hết người lớn."
      },
      {
        "type": "paragraph",
        "text": "Mình cho con luyện Anzan trên Sorokid. App có chế độ Flash Anzan từ dễ đến khó, con có thể tự luyện mỗi ngày."
      }
    ]
  },
  "faq": [
    {
      "question": "Con bao nhiêu tuổi mới học được Anzan?",
      "answer": "Thường từ 7-8 tuổi trở lên, sau khi đã học Soroban được 1-2 năm. Trẻ nhỏ hơn cần tập trung vào Soroban thật trước."
    },
    {
      "question": "Anzan có khó không?",
      "answer": "Khó hơn tính trên bàn tính thật. Nhưng nếu luyện đều đặn, bất kỳ trẻ nào cũng có thể học được ở mức cơ bản."
    },
    {
      "question": "Có cần thiết phải học Anzan không?",
      "answer": "Không bắt buộc. Học Soroban thật cũng đã mang lại nhiều lợi ích. Anzan là \"nâng cao\" cho ai muốn tiến xa hơn."
    },
    {
      "question": "Flash Anzan nhìn chóng mặt, con có theo được không?",
      "answer": "Bắt đầu từ tốc độ chậm (1-2 giây/số). Khi quen mới tăng dần. Không ai giỏi ngay từ đầu cả."
    }
  ],
  "cta": {
    "text": "Sorokid có chế độ Flash Anzan với tốc độ tự điều chỉnh, giúp con luyện tính nhẩm mỗi ngày.",
    "buttonText": "Cho con luyện thử",
    "buttonLink": "/register"
  },
  "categoryOrder": 1,
  "order": 14
}