{
  "slug": "tu-so-toan-den-yeu-toan-6-thang-hoc-soroban",
  "title": "6 tháng trước con khóc vì toán – giờ con đòi học mỗi ngày",
  "description": "Mình không tin nổi sự thay đổi của con. Từ đứa trẻ sợ toán đến khóc, giờ tự mở app học. Đây là chuyện thật.",
  "category": "soroban-cho-phu-huynh",
  "keywords": [
    "con sợ toán",
    "học soroban có hiệu quả không",
    "con ghét toán",
    "giúp con yêu toán"
  ],
  "status": "draft",
  "publishedAt": null,
  "createdAt": "2025-12-25",
  "image": "/blog/tu-so-toan-den-yeu-toan.jpg",
  "imageAlt": "Bé gái châu Á vui vẻ học toán với bàn tính Soroban cùng mẹ",
  "readingTime": 8,
  "categoryOrder": 1,
  "order": 27,
  "content": {
    "intro": "6 tháng trước, mỗi buổi tối ở nhà mình đều căng thẳng. Con gái lớp 2 của mình khóc mỗi khi mở vở toán ra. Mình la, con khóc to hơn. Vòng xoáy đó cứ lặp lại. Cho đến khi mình tìm đến Soroban.",
    "sections": [
      {
        "type": "heading",
        "level": 2,
        "text": "Trước khi học Soroban"
      },
      {
        "type": "paragraph",
        "text": "Con mình không phải học sinh kém. Nhưng với toán, con có vấn đề: con sợ. Sợ làm sai. Sợ bị la. Sợ bạn bè cười."
      },
      {
        "type": "paragraph",
        "text": "Mỗi khi làm bài toán, con đếm ngón tay, đếm đi đếm lại, rồi vẫn sai. Mình bực mình, la con. Con khóc và nói: \"Con ghét toán. Con ngu toán.\""
      },
      {
        "type": "paragraph",
        "text": "Nghe con nói vậy, mình đau lòng lắm. Mình biết mình đang làm gì đó sai, nhưng không biết sửa thế nào."
      },
      {
        "type": "heading",
        "level": 2,
        "text": "Lý do mình thử Soroban"
      },
      {
        "type": "paragraph",
        "text": "Một người bạn gợi ý mình thử Soroban. Bạn nói: \"Con mình cũng từng sợ toán. Học Soroban được mấy tháng thì khác hẳn.\""
      },
      {
        "type": "paragraph",
        "text": "Mình không tin lắm. Nhưng nghĩ: \"Thử xem sao. Tệ hơn thế này thì còn gì?\" Mình tải app Sorokid cho con."
      },
      {
        "type": "heading",
        "level": 2,
        "text": "Tháng đầu tiên"
      },
      {
        "type": "paragraph",
        "text": "Ban đầu, con không hào hứng. \"Lại học toán nữa hả mẹ?\" – con hỏi với vẻ mặt chán nản."
      },
      {
        "type": "paragraph",
        "text": "Nhưng khi mở app, con thấy giao diện đầy màu sắc, có nhân vật hoạt hình. Con bắt đầu tò mò. Bài học đầu tiên chỉ là di chuyển hạt – rất đơn giản."
      },
      {
        "type": "paragraph",
        "text": "Con hoàn thành bài, được tặng sao. Mắt con sáng lên: \"Mẹ ơi, con được 3 sao!\" Đó là lần đầu tiên sau lâu lắm mình thấy con vui khi làm gì đó liên quan đến toán."
      },
      {
        "type": "heading",
        "level": 2,
        "text": "Tháng thứ 2-3"
      },
      {
        "type": "paragraph",
        "text": "Con bắt đầu tự mở app học mà không cần mình nhắc. Mỗi ngày 15-20 phút. Mình không ngồi kèm – chỉ thỉnh thoảng hỏi: \"Hôm nay học được gì rồi con?\""
      },
      {
        "type": "paragraph",
        "text": "Con khoe: \"Con biết 'bạn của 5' rồi mẹ ơi! 3 + 4 = 7 vì 3 cộng bạn của 4 là 2, thành 5, rồi trừ 2 thành 3, cộng 5 thành 8... À nhầm, để con làm lại...\""
      },
      {
        "type": "paragraph",
        "text": "Con giải thích lộn xộn, nhưng điều quan trọng là: con MUỐN giải thích. Con không còn sợ nói về toán nữa."
      },
      {
        "type": "heading",
        "level": 2,
        "text": "Tháng thứ 4-5"
      },
      {
        "type": "paragraph",
        "text": "Bước ngoặt đến khi cô giáo nhắn tin: \"Em thấy con tiến bộ rõ. Giờ con tự tin giơ tay phát biểu phần toán rồi.\""
      },
      {
        "type": "paragraph",
        "text": "Mình không dám tin. Con mình – đứa trẻ từng khóc vì toán – giờ giơ tay phát biểu? Mình hỏi con, con cười: \"Tại con tính trong đầu được rồi mẹ, không cần đếm ngón tay.\""
      },
      {
        "type": "callout",
        "style": "empathy",
        "text": "Khoảnh khắc đó, mình hiểu: con không sợ toán – con chỉ sợ làm sai vì không biết cách tính. Khi có \"công cụ\" trong đầu, con tự tin hơn."
      },
      {
        "type": "heading",
        "level": 2,
        "text": "Tháng thứ 6 – Bây giờ"
      },
      {
        "type": "paragraph",
        "text": "Con vẫn học Soroban mỗi ngày, nhưng giờ như thói quen. Như đánh răng, như ăn sáng. Không cần nhắc, không cần ép."
      },
      {
        "type": "paragraph",
        "text": "Điểm toán ở trường của con từ 7-8 lên 9-10. Nhưng điều mình vui hơn là: con không còn nói \"con ghét toán\" nữa. Thay vào đó, con nói: \"Toán cũng vui mẹ ạ.\""
      },
      {
        "type": "heading",
        "level": 2,
        "text": "Điều mình học được"
      },
      {
        "type": "list",
        "items": [
          "**Con sợ toán không phải vì con ngu** – mà vì con chưa có cách tiếp cận phù hợp",
          "**La mắng không giúp ích gì** – chỉ làm con sợ hơn",
          "**Game hóa việc học rất hiệu quả** – con thích nhận thưởng, thích \"lên cấp\"",
          "**Kiên nhẫn là chìa khóa** – kết quả không đến sau 1 tuần, nhưng sau vài tháng thì rõ rệt"
        ]
      },
      {
        "type": "callout",
        "style": "reassurance",
        "text": "Nếu con bạn đang sợ toán như con mình, đừng tuyệt vọng. Có thể con chỉ cần một cách tiếp cận khác. Soroban không phải phép màu, nhưng với con mình, nó đã thay đổi mọi thứ."
      }
    ]
  },
  "faq": [
    {
      "question": "Con sợ toán thì có nên học Soroban không?",
      "answer": "Nên thử. Soroban tiếp cận toán qua hình ảnh và game, khác với cách học truyền thống. Nhiều trẻ sợ toán lại thích Soroban vì không bị áp lực."
    },
    {
      "question": "Học bao lâu thì thấy con hết sợ toán?",
      "answer": "Tùy từng trẻ. Con mình khoảng 2-3 tháng bắt đầu tự tin hơn, 5-6 tháng thì thay đổi rõ rệt. Quan trọng là học đều đặn và không ép buộc."
    },
    {
      "question": "Phụ huynh có cần học Soroban để kèm con không?",
      "answer": "Không cần. App Sorokid hướng dẫn con từng bước. Phụ huynh chỉ cần động viên và theo dõi tiến độ."
    }
  ],
  "cta": {
    "text": "Nếu con bạn đang gặp khó khăn với toán, hãy thử cho con học Soroban. Sorokid có bản dùng thử miễn phí.",
    "buttonText": "Thử cho con",
    "buttonLink": "/register"
  }
}